date,sku_id,on_hand_units,on_order_units,lead_time_days,reorder_point
2024-07-13,NBL-1000,490.0,0.0,7,359.0
2024-07-20,NBL-1000,440.0,0.0,7,359.0
2024-07-27,NBL-1000,414.0,0.0,7,359.0
2024-08-03,NBL-1000,414.0,0.0,7,359.0
2024-08-10,NBL-1000,414.0,0.0,7,359.0
2024-08-17,NBL-1000,414.0,0.0,7,359.0
2024-08-24,NBL-1000,414.0,0.0,7,359.0
2024-08-31,NBL-1000,414.0,0.0,7,359.0
2024-09-07,NBL-1000,414.0,0.0,7,359.0
2024-09-14,NBL-1000,414.0,0.0,7,359.0
2024-09-21,NBL-1000,414.0,0.0,7,359.0
2024-09-28,NBL-1000,414.0,0.0,7,359.0
2024-10-05,NBL-1000,414.0,0.0,7,359.0
2024-10-12,NBL-1000,427.0,0.0,7,359.0
2024-10-19,NBL-1000,414.0,0.0,7,359.0
2024-10-26,NBL-1000,414.0,0.0,7,359.0
2024-11-02,NBL-1000,414.0,0.0,7,359.0
2024-11-09,NBL-1000,505.0,0.0,7,359.0
2024-11-16,NBL-1000,514.0,0.0,7,359.0
2024-11-23,NBL-1000,617.0,0.0,7,359.0
2024-11-30,NBL-1000,649.0,0.0,7,359.0
2024-12-07,NBL-1000,740.0,0.0,7,359.0
2024-12-14,NBL-1000,437.0,0.0,7,359.0
2024-12-21,NBL-1000,512.0,0.0,7,359.0
2024-12-28,NBL-1000,620.0,0.0,7,359.0
2025-01-04,NBL-1000,712.0,0.0,7,359.0
2025-01-11,NBL-1000,369.0,0.0,7,359.0
2025-01-18,NBL-1000,484.0,0.0,7,359.0
2025-01-25,NBL-1000,607.0,0.0,7,359.0
2025-02-01,NBL-1000,726.0,0.0,7,359.0
2025-02-08,NBL-1000,462.0,0.0,7,359.0
2025-02-15,NBL-1000,571.0,0.0,7,359.0
2025-02-22,NBL-1000,680.0,0.0,7,359.0
2025-03-01,NBL-1000,770.0,0.0,7,359.0
2025-03-08,NBL-1000,483.0,0.0,7,359.0
2025-03-15,NBL-1000,466.0,0.0,7,359.0
2025-03-22,NBL-1000,587.0,0.0,7,359.0
2025-03-29,NBL-1000,661.0,0.0,7,359.0
2025-04-05,NBL-1000,721.0,0.0,7,359.0
2025-04-12,NBL-1000,377.0,0.0,7,359.0
2025-04-19,NBL-1000,469.0,0.0,7,359.0
2025-04-26,NBL-1000,494.0,,7,359.0
2025-05-03,NBL-1000,503.0,0.0,7,359.0
2025-05-10,NBL-1000,420.0,0.0,7,359.0
2025-05-17,NBL-1000,414.0,0.0,7,359.0
2025-05-24,NBL-1000,414.0,0.0,7,359.0
2025-05-31,NBL-1000,414.0,0.0,7,359.0
2025-06-07,NBL-1000,414.0,0.0,7,359.0
2025-06-14,NBL-1000,414.0,0.0,7,359.0
2025-06-21,NBL-1000,414.0,,7,359.0
2025-06-28,NBL-1000,414.0,0.0,7,359.0
2025-07-05,NBL-1000,414.0,0.0,7,359.0
2025-07-12,NBL-1000,414.0,0.0,7,359.0
2025-07-19,NBL-1000,414.0,0.0,7,359.0
2025-07-26,NBL-1000,414.0,0.0,7,359.0
2025-08-02,NBL-1000,414.0,0.0,7,359.0
2025-08-09,NBL-1000,414.0,0.0,7,359.0
2025-08-16,NBL-1000,414.0,0.0,7,359.0
2025-08-23,NBL-1000,414.0,0.0,7,359.0
2025-08-30,NBL-1000,414.0,0.0,7,359.0
2025-09-06,NBL-1000,443.0,0.0,7,359.0
2025-09-13,NBL-1000,414.0,0.0,7,359.0
2025-09-20,NBL-1000,414.0,0.0,7,359.0
2025-09-27,NBL-1000,414.0,0.0,7,359.0
2025-10-04,NBL-1000,414.0,0.0,7,359.0
2025-10-11,NBL-1000,414.0,0.0,7,359.0
2025-10-18,NBL-1000,414.0,0.0,7,359.0
2025-10-25,NBL-1000,414.0,0.0,7,359.0
2025-11-01,NBL-1000,463.0,0.0,7,359.0
2025-11-08,NBL-1000,469.0,0.0,7,359.0
2025-11-15,NBL-1000,551.0,0.0,7,359.0
2025-11-22,NBL-1000,625.0,0.0,7,359.0
2025-11-29,NBL-1000,360.0,0.0,7,359.0
2025-12-06,NBL-1000,446.0,0.0,7,359.0
2025-12-13,NBL-1000,532.0,0.0,7,359.0
2025-12-20,NBL-1000,646.0,0.0,7,359.0
2025-12-27,NBL-1000,739.0,0.0,7,359.0
2026-01-03,NBL-1000,399.0,0.0,7,359.0
2026-01-10,NBL-1000,547.0,0.0,7,359.0
2026-01-17,NBL-1000,670.0,0.0,7,359.0
2026-01-24,NBL-1000,378.0,0.0,7,359.0
2026-01-31,NBL-1000,448.0,0.0,7,359.0
2026-02-07,NBL-1000,607.0,0.0,7,359.0
2026-02-14,NBL-1000,711.0,0.0,7,359.0
2026-02-21,NBL-1000,408.0,0.0,7,359.0
2026-02-28,NBL-1000,462.0,0.0,7,359.0
2026-03-07,NBL-1000,546.0,0.0,7,359.0
2026-03-14,NBL-1000,612.0,0.0,7,359.0
2026-03-21,NBL-1000,708.0,0.0,7,359.0
2026-03-28,NBL-1000,744.0,0.0,7,359.0
2026-04-04,NBL-1000,398.0,0.0,7,359.0
2026-04-11,NBL-1000,462.0,0.0,7,359.0
2026-04-18,NBL-1000,457.0,0.0,7,359.0
2026-04-25,NBL-1000,441.0,0.0,7,359.0
2026-05-02,NBL-1000,517.0,0.0,7,359.0
2026-05-09,NBL-1000,506.0,0.0,7,359.0
2026-05-16,NBL-1000,414.0,0.0,7,359.0
2026-05-23,NBL-1000,434.0,0.0,7,359.0
2026-05-30,NBL-1000,414.0,0.0,7,359.0
2026-06-06,NBL-1000,414.0,0.0,7,359.0
2026-06-13,NBL-1000,415.0,0.0,7,359.0
2026-06-20,NBL-1000,414.0,0.0,7,359.0
2026-06-27,NBL-1000,414.0,0.0,7,359.0
2026-07-04,NBL-1000,414.0,0.0,7,359.0
2026-07-11,NBL-1000,414.0,0.0,7,359.0
2024-07-13,NBL-1001,885.0,0.0,14,646.0
2024-07-20,NBL-1001,516.0,746.0,14,646.0
2024-07-27,NBL-1001,847.0,0.0,14,646.0
2024-08-03,NBL-1001,442.0,746.0,14,646.0
2024-08-10,NBL-1001,746.0,0.0,14,646.0
2024-08-17,NBL-1001,278.0,746.0,14,646.0
2024-08-24,NBL-1001,746.0,0.0,14,646.0
2024-08-31,NBL-1001,362.0,746.0,14,646.0
2024-09-07,NBL-1001,746.0,0.0,14,646.0
2024-09-14,NBL-1001,377.0,746.0,14,646.0
2024-09-21,NBL-1001,746.0,0.0,14,646.0
2024-09-28,NBL-1001,393.0,746.0,14,646.0
2024-10-05,NBL-1001,787.0,0.0,14,646.0
2024-10-12,NBL-1001,474.0,746.0,14,646.0
2024-10-19,NBL-1001,832.0,0.0,14,646.0
2024-10-26,NBL-1001,453.0,746.0,14,646.0
2024-11-02,NBL-1001,846.0,0.0,14,646.0
2024-11-09,NBL-1001,555.0,746.0,14,646.0
2024-11-16,NBL-1001,1037.0,0.0,14,646.0
2024-11-23,NBL-1001,682.0,0.0,14,646.0
2024-11-30,NBL-1001,1088.0,0.0,14,646.0
2024-12-07,NBL-1001,755.0,0.0,14,646.0
2024-12-14,NBL-1001,1206.0,0.0,14,646.0
2024-12-21,NBL-1001,927.0,0.0,14,646.0
2024-12-28,NBL-1001,1370.0,0.0,14,646.0
2025-01-04,NBL-1001,1070.0,0.0,14,646.0
2025-01-11,NBL-1001,786.0,0.0,14,646.0
2025-01-18,NBL-1001,468.0,746.0,14,646.0
2025-01-25,NBL-1001,863.0,0.0,14,646.0
2025-02-01,NBL-1001,540.0,746.0,14,646.0
2025-02-08,NBL-1001,972.0,0.0,14,646.0
2025-02-15,NBL-1001,659.0,0.0,14,646.0
2025-02-22,NBL-1001,1079.0,0.0,14,646.0
2025-03-01,NBL-1001,715.0,0.0,14,646.0
2025-03-08,NBL-1001,1113.0,0.0,14,646.0
2025-03-15,NBL-1001,763.0,0.0,14,646.0
2025-03-22,NBL-1001,1209.0,0.0,14,646.0
2025-03-29,NBL-1001,925.0,0.0,14,646.0
2025-04-05,NBL-1001,1385.0,,14,646.0
2025-04-12,NBL-1001,1094.0,,14,646.0
2025-04-19,NBL-1001,731.0,0.0,14,646.0
2025-04-26,NBL-1001,408.0,746.0,14,646.0
2025-05-03,NBL-1001,829.0,0.0,14,646.0
2025-05-10,NBL-1001,533.0,746.0,14,646.0
2025-05-17,NBL-1001,968.0,0.0,14,646.0
2025-05-24,NBL-1001,592.0,746.0,14,646.0
2025-05-31,NBL-1001,1002.0,0.0,14,646.0
2025-06-07,NBL-1001,737.0,0.0,14,646.0
2025-06-14,NBL-1001,1097.0,0.0,14,646.0
2025-06-21,NBL-1001,744.0,0.0,14,646.0
2025-06-28,NBL-1001,1208.0,0.0,14,646.0
2025-07-05,NBL-1001,805.0,0.0,14,646.0
2025-07-12,NBL-1001,1198.0,0.0,14,646.0
2025-07-19,NBL-1001,838.0,0.0,14,646.0
2025-07-26,NBL-1001,1239.0,0.0,14,646.0
2025-08-02,NBL-1001,875.0,0.0,14,646.0
2025-08-09,NBL-1001,1266.0,0.0,14,646.0
2025-08-16,NBL-1001,869.0,0.0,14,646.0
2025-08-23,NBL-1001,1301.0,,14,646.0
2025-08-30,NBL-1001,916.0,0.0,14,646.0
2025-09-06,NBL-1001,1325.0,0.0,14,646.0
2025-09-13,NBL-1001,966.0,0.0,14,646.0
2025-09-20,NBL-1001,1360.0,0.0,14,646.0
2025-09-27,NBL-1001,1066.0,0.0,14,646.0
2025-10-04,NBL-1001,794.0,0.0,14,646.0
2025-10-11,NBL-1001,484.0,746.0,14,646.0
2025-10-18,NBL-1001,951.0,0.0,14,646.0
2025-10-25,NBL-1001,667.0,0.0,14,646.0
2025-11-01,NBL-1001,1097.0,0.0,14,646.0
2025-11-08,NBL-1001,784.0,0.0,14,646.0
2025-11-15,NBL-1001,1235.0,0.0,14,646.0
2025-11-22,NBL-1001,955.0,0.0,14,646.0
2025-11-29,NBL-1001,690.0,0.0,14,646.0
2025-12-06,NBL-1001,437.0,746.0,14,646.0
2025-12-13,NBL-1001,887.0,0.0,14,646.0
2025-12-20,NBL-1001,596.0,746.0,14,646.0
2025-12-27,NBL-1001,1109.0,0.0,14,646.0
2026-01-03,NBL-1001,958.0,0.0,14,646.0
2026-01-10,NBL-1001,716.0,0.0,14,646.0
2026-01-17,NBL-1001,495.0,746.0,14,646.0
2026-01-24,NBL-1001,968.0,0.0,14,646.0
2026-01-31,NBL-1001,755.0,0.0,14,646.0
2026-02-07,NBL-1001,1247.0,0.0,14,646.0
2026-02-14,NBL-1001,1003.0,0.0,14,646.0
2026-02-21,NBL-1001,757.0,0.0,14,646.0
2026-02-28,NBL-1001,496.0,746.0,14,646.0
2026-03-07,NBL-1001,993.0,0.0,14,646.0
2026-03-14,NBL-1001,702.0,0.0,14,646.0
2026-03-21,NBL-1001,1168.0,0.0,14,646.0
2026-03-28,NBL-1001,950.0,0.0,14,646.0
2026-04-04,NBL-1001,775.0,0.0,14,646.0
2026-04-11,NBL-1001,485.0,746.0,14,646.0
2026-04-18,NBL-1001,941.0,0.0,14,646.0
2026-04-25,NBL-1001,711.0,0.0,14,646.0
2026-05-02,NBL-1001,1145.0,0.0,14,646.0
2026-05-09,NBL-1001,843.0,0.0,14,646.0
2026-05-16,NBL-1001,1311.0,0.0,14,646.0
2026-05-23,NBL-1001,1006.0,0.0,14,646.0
2026-05-30,NBL-1001,710.0,0.0,14,646.0
2026-06-06,NBL-1001,473.0,746.0,14,646.0
2026-06-13,NBL-1001,922.0,0.0,14,646.0
2026-06-20,NBL-1001,593.0,746.0,14,646.0
2026-06-27,NBL-1001,1000.0,0.0,14,646.0
2026-07-04,NBL-1001,699.0,0.0,14,646.0
2026-07-11,NBL-1001,1162.0,0.0,14,646.0
2024-07-13,NBL-1002,1012.0,0.0,14,693.0
2024-07-20,NBL-1002,587.0,799.0,14,693.0
2024-07-27,NBL-1002,943.0,0.0,14,693.0
2024-08-03,NBL-1002,481.0,799.0,14,693.0
2024-08-10,NBL-1002,799.0,0.0,14,693.0
2024-08-17,NBL-1002,420.0,799.0,14,693.0
2024-08-24,NBL-1002,799.0,0.0,14,693.0
2024-08-31,NBL-1002,321.0,799.0,14,693.0
2024-09-07,NBL-1002,799.0,0.0,14,693.0
2024-09-14,NBL-1002,293.0,799.0,14,693.0
2024-09-21,NBL-1002,799.0,0.0,14,693.0
2024-09-28,NBL-1002,301.0,799.0,14,693.0
2024-10-05,NBL-1002,799.0,0.0,14,693.0
2024-10-12,NBL-1002,396.0,799.0,14,693.0
2024-10-19,NBL-1002,799.0,0.0,14,693.0
2024-10-26,NBL-1002,314.0,799.0,14,693.0
2024-11-02,NBL-1002,799.0,0.0,14,693.0
2024-11-09,NBL-1002,433.0,799.0,14,693.0
2024-11-16,NBL-1002,810.0,0.0,14,693.0
2024-11-23,NBL-1002,359.0,799.0,14,693.0
2024-11-30,NBL-1002,799.0,0.0,14,693.0
2024-12-07,NBL-1002,365.0,799.0,14,693.0
2024-12-14,NBL-1002,799.0,0.0,14,693.0
2024-12-21,NBL-1002,437.0,799.0,14,693.0
2024-12-28,NBL-1002,804.0,0.0,14,693.0
2025-01-04,NBL-1002,435.0,799.0,14,693.0
2025-01-11,NBL-1002,845.0,0.0,14,693.0
2025-01-18,NBL-1002,432.0,799.0,14,693.0
2025-01-25,NBL-1002,799.0,0.0,14,693.0
2025-02-01,NBL-1002,403.0,799.0,14,693.0
2025-02-08,NBL-1002,799.0,0.0,14,693.0
2025-02-15,NBL-1002,369.0,799.0,14,693.0
2025-02-22,NBL-1002,799.0,0.0,14,693.0
2025-03-01,NBL-1002,279.0,799.0,14,693.0
2025-03-08,NBL-1002,799.0,0.0,14,693.0
2025-03-15,NBL-1002,330.0,799.0,14,693.0
2025-03-22,NBL-1002,799.0,0.0,14,693.0
2025-03-29,NBL-1002,254.0,799.0,14,693.0
2025-04-05,NBL-1002,799.0,0.0,14,693.0
2025-04-12,NBL-1002,346.0,799.0,14,693.0
2025-04-19,NBL-1002,799.0,0.0,14,693.0
2025-04-26,NBL-1002,295.0,799.0,14,693.0
2025-05-03,NBL-1002,799.0,0.0,14,693.0
2025-05-10,NBL-1002,354.0,799.0,14,693.0
2025-05-17,NBL-1002,799.0,0.0,14,693.0
2025-05-24,NBL-1002,124.0,799.0,14,693.0
2025-05-31,NBL-1002,799.0,0.0,14,693.0
2025-06-07,NBL-1002,196.0,799.0,14,693.0
2025-06-14,NBL-1002,799.0,0.0,14,693.0
2025-06-21,NBL-1002,200.0,799.0,14,693.0
2025-06-28,NBL-1002,799.0,0.0,14,693.0
2025-07-05,NBL-1002,114.0,799.0,14,693.0
2025-07-12,NBL-1002,799.0,0.0,14,693.0
2025-07-19,NBL-1002,226.0,799.0,14,693.0
2025-07-26,NBL-1002,799.0,0.0,14,693.0
2025-08-02,NBL-1002,136.0,799.0,14,693.0
2025-08-09,NBL-1002,799.0,0.0,14,693.0
2025-08-16,NBL-1002,135.0,799.0,14,693.0
2025-08-23,NBL-1002,799.0,0.0,14,693.0
2025-08-30,NBL-1002,206.0,799.0,14,693.0
2025-09-06,NBL-1002,799.0,0.0,14,693.0
2025-09-13,NBL-1002,130.0,799.0,14,693.0
2025-09-20,NBL-1002,799.0,0.0,14,693.0
2025-09-27,NBL-1002,246.0,799.0,14,693.0
2025-10-04,NBL-1002,799.0,0.0,14,693.0
2025-10-11,NBL-1002,129.0,799.0,14,693.0
2025-10-18,NBL-1002,799.0,0.0,14,693.0
2025-10-25,NBL-1002,210.0,799.0,14,693.0
2025-11-01,NBL-1002,799.0,0.0,14,693.0
2025-11-08,NBL-1002,177.0,,14,693.0
2025-11-15,NBL-1002,799.0,0.0,14,693.0
2025-11-22,NBL-1002,209.0,799.0,14,693.0
2025-11-29,NBL-1002,799.0,0.0,14,693.0
2025-12-06,NBL-1002,184.0,799.0,14,693.0
2025-12-13,NBL-1002,799.0,0.0,14,693.0
2025-12-20,NBL-1002,271.0,799.0,14,693.0
2025-12-27,NBL-1002,799.0,0.0,14,693.0
2026-01-03,NBL-1002,284.0,799.0,14,693.0
2026-01-10,NBL-1002,799.0,0.0,14,693.0
2026-01-17,NBL-1002,222.0,799.0,14,693.0
2026-01-24,NBL-1002,799.0,0.0,14,693.0
2026-01-31,NBL-1002,205.0,799.0,14,693.0
2026-02-07,NBL-1002,799.0,0.0,14,693.0
2026-02-14,NBL-1002,234.0,799.0,14,693.0
2026-02-21,NBL-1002,799.0,0.0,14,693.0
2026-02-28,NBL-1002,178.0,799.0,14,693.0
2026-03-07,NBL-1002,799.0,0.0,14,693.0
2026-03-14,NBL-1002,137.0,799.0,14,693.0
2026-03-21,NBL-1002,799.0,0.0,14,693.0
2026-03-28,NBL-1002,183.0,799.0,14,693.0
2026-04-04,NBL-1002,799.0,0.0,14,693.0
2026-04-11,NBL-1002,24.0,799.0,14,693.0
2026-04-18,NBL-1002,799.0,0.0,14,693.0
2026-04-25,NBL-1002,0.0,799.0,14,693.0
2026-05-02,NBL-1002,799.0,0.0,14,693.0
2026-05-09,NBL-1002,115.0,799.0,14,693.0
2026-05-16,NBL-1002,799.0,0.0,14,693.0
2026-05-23,NBL-1002,71.0,799.0,14,693.0
2026-05-30,NBL-1002,799.0,0.0,14,693.0
2026-06-06,NBL-1002,0.0,799.0,14,693.0
2026-06-13,NBL-1002,799.0,0.0,14,693.0
2026-06-20,NBL-1002,0.0,799.0,14,693.0
2026-06-27,NBL-1002,799.0,0.0,14,693.0
2026-07-04,NBL-1002,4.0,799.0,14,693.0
2026-07-11,NBL-1002,799.0,0.0,14,693.0
2024-07-13,NBL-1003,351.0,0.0,14,307.0
2024-07-20,NBL-1003,86.0,354.0,14,307.0
2024-07-27,NBL-1003,354.0,0.0,14,307.0
2024-08-03,NBL-1003,112.0,354.0,14,307.0
2024-08-10,NBL-1003,354.0,0.0,14,307.0
2024-08-17,NBL-1003,209.0,354.0,14,307.0
2024-08-24,NBL-1003,354.0,0.0,14,307.0
2024-08-31,NBL-1003,138.0,354.0,14,307.0
2024-09-07,NBL-1003,354.0,0.0,14,307.0
2024-09-14,NBL-1003,146.0,354.0,14,307.0
2024-09-21,NBL-1003,354.0,0.0,14,307.0
2024-09-28,NBL-1003,140.0,354.0,14,307.0
2024-10-05,NBL-1003,354.0,0.0,14,307.0
2024-10-12,NBL-1003,151.0,354.0,14,307.0
2024-10-19,NBL-1003,354.0,0.0,14,307.0
2024-10-26,NBL-1003,166.0,,14,307.0
2024-11-02,NBL-1003,358.0,0.0,14,307.0
2024-11-09,NBL-1003,215.0,354.0,14,307.0
2024-11-16,NBL-1003,405.0,0.0,14,307.0
2024-11-23,NBL-1003,262.0,354.0,14,307.0
2024-11-30,NBL-1003,462.0,0.0,14,307.0
2024-12-07,NBL-1003,302.0,354.0,14,307.0
2024-12-14,NBL-1003,493.0,0.0,14,307.0
2024-12-21,NBL-1003,341.0,0.0,14,307.0
2024-12-28,NBL-1003,575.0,0.0,14,307.0
2025-01-04,NBL-1003,456.0,0.0,14,307.0
2025-01-11,NBL-1003,308.0,0.0,14,307.0
2025-01-18,NBL-1003,152.0,354.0,14,307.0
2025-01-25,NBL-1003,368.0,0.0,14,307.0
2025-02-01,NBL-1003,206.0,354.0,14,307.0
2025-02-08,NBL-1003,438.0,0.0,14,307.0
2025-02-15,NBL-1003,289.0,354.0,14,307.0
2025-02-22,NBL-1003,488.0,0.0,14,307.0
2025-03-01,NBL-1003,335.0,0.0,14,307.0
2025-03-08,NBL-1003,540.0,0.0,14,307.0
2025-03-15,NBL-1003,375.0,0.0,14,307.0
2025-03-22,NBL-1003,544.0,0.0,14,307.0
2025-03-29,NBL-1003,394.0,0.0,14,307.0
2025-04-05,NBL-1003,521.0,0.0,14,307.0
2025-04-12,NBL-1003,329.0,0.0,14,307.0
2025-04-19,NBL-1003,509.0,0.0,14,307.0
2025-04-26,NBL-1003,368.0,0.0,14,307.0
2025-05-03,NBL-1003,499.0,0.0,14,307.0
2025-05-10,NBL-1003,314.0,0.0,14,307.0
2025-05-17,NBL-1003,421.0,0.0,14,307.0
2025-05-24,NBL-1003,218.0,354.0,14,307.0
2025-05-31,NBL-1003,364.0,0.0,14,307.0
2025-06-07,NBL-1003,133.0,354.0,14,307.0
2025-06-14,NBL-1003,354.0,0.0,14,307.0
2025-06-21,NBL-1003,68.0,354.0,14,307.0
2025-06-28,NBL-1003,354.0,0.0,14,307.0
2025-07-05,NBL-1003,115.0,354.0,14,307.0
2025-07-12,NBL-1003,354.0,0.0,14,307.0
2025-07-19,NBL-1003,128.0,354.0,14,307.0
2025-07-26,NBL-1003,354.0,0.0,14,307.0
2025-08-02,NBL-1003,93.0,354.0,14,307.0
2025-08-09,NBL-1003,354.0,0.0,14,307.0
2025-08-16,NBL-1003,113.0,354.0,14,307.0
2025-08-23,NBL-1003,354.0,0.0,14,307.0
2025-08-30,NBL-1003,135.0,354.0,14,307.0
2025-09-06,NBL-1003,354.0,0.0,14,307.0
2025-09-13,NBL-1003,79.0,354.0,14,307.0
2025-09-20,NBL-1003,354.0,0.0,14,307.0
2025-09-27,NBL-1003,133.0,354.0,14,307.0
2025-10-04,NBL-1003,354.0,0.0,14,307.0
2025-10-11,NBL-1003,168.0,354.0,14,307.0
2025-10-18,NBL-1003,354.0,0.0,14,307.0
2025-10-25,NBL-1003,175.0,354.0,14,307.0
2025-11-01,NBL-1003,354.0,0.0,14,307.0
2025-11-08,NBL-1003,150.0,354.0,14,307.0
2025-11-15,NBL-1003,354.0,0.0,14,307.0
2025-11-22,NBL-1003,159.0,354.0,14,307.0
2025-11-29,NBL-1003,354.0,0.0,14,307.0
2025-12-06,NBL-1003,177.0,354.0,14,307.0
2025-12-13,NBL-1003,354.0,0.0,14,307.0
2025-12-20,NBL-1003,184.0,354.0,14,307.0
2025-12-27,NBL-1003,376.0,0.0,14,307.0
2026-01-03,NBL-1003,220.0,354.0,14,307.0
2026-01-10,NBL-1003,415.0,0.0,14,307.0
2026-01-17,NBL-1003,255.0,354.0,14,307.0
2026-01-24,NBL-1003,419.0,0.0,14,307.0
2026-01-31,NBL-1003,224.0,354.0,14,307.0
2026-02-07,NBL-1003,423.0,0.0,14,307.0
2026-02-14,NBL-1003,274.0,354.0,14,307.0
2026-02-21,NBL-1003,447.0,0.0,14,307.0
2026-02-28,NBL-1003,311.0,0.0,14,307.0
2026-03-07,NBL-1003,506.0,0.0,14,307.0
2026-03-14,NBL-1003,339.0,0.0,14,307.0
2026-03-21,NBL-1003,537.0,0.0,14,307.0
2026-03-28,NBL-1003,329.0,0.0,14,307.0
2026-04-04,NBL-1003,461.0,0.0,14,307.0
2026-04-11,NBL-1003,263.0,354.0,14,307.0
2026-04-18,NBL-1003,415.0,0.0,14,307.0
2026-04-25,NBL-1003,161.0,354.0,14,307.0
2026-05-02,NBL-1003,354.0,0.0,14,307.0
2026-05-09,NBL-1003,159.0,354.0,14,307.0
2026-05-16,NBL-1003,354.0,0.0,14,307.0
2026-05-23,NBL-1003,83.0,354.0,14,307.0
2026-05-30,NBL-1003,354.0,0.0,14,307.0
2026-06-06,NBL-1003,108.0,354.0,14,307.0
2026-06-13,NBL-1003,354.0,0.0,14,307.0
2026-06-20,NBL-1003,58.0,354.0,14,307.0
2026-06-27,NBL-1003,354.0,0.0,14,307.0
2026-07-04,NBL-1003,78.0,354.0,14,307.0
2026-07-11,NBL-1003,354.0,0.0,14,307.0
2024-07-13,NBL-1004,488.0,0.0,7,350.0
2024-07-20,NBL-1004,404.0,0.0,7,350.0
2024-07-27,NBL-1004,404.0,0.0,7,350.0
2024-08-03,NBL-1004,404.0,0.0,7,350.0
2024-08-10,NBL-1004,404.0,0.0,7,350.0
2024-08-17,NBL-1004,404.0,0.0,7,350.0
2024-08-24,NBL-1004,404.0,0.0,7,350.0
2024-08-31,NBL-1004,404.0,0.0,7,350.0
2024-09-07,NBL-1004,404.0,0.0,7,350.0
2024-09-14,NBL-1004,404.0,0.0,7,350.0
2024-09-21,NBL-1004,404.0,0.0,7,350.0
2024-09-28,NBL-1004,404.0,0.0,7,350.0
2024-10-05,NBL-1004,404.0,0.0,7,350.0
2024-10-12,NBL-1004,414.0,0.0,7,350.0
2024-10-19,NBL-1004,461.0,0.0,7,350.0
2024-10-26,NBL-1004,451.0,0.0,7,350.0
2024-11-02,NBL-1004,483.0,0.0,7,350.0
2024-11-09,NBL-1004,550.0,0.0,7,350.0
2024-11-16,NBL-1004,589.0,0.0,7,350.0
2024-11-23,NBL-1004,732.0,0.0,7,350.0
2024-11-30,NBL-1004,432.0,0.0,7,350.0
2024-12-07,NBL-1004,523.0,0.0,7,350.0
2024-12-14,NBL-1004,642.0,0.0,7,350.0
2024-12-21,NBL-1004,733.0,0.0,7,350.0
2024-12-28,NBL-1004,479.0,0.0,7,350.0
2025-01-04,NBL-1004,609.0,0.0,7,350.0
2025-01-11,NBL-1004,373.0,0.0,7,350.0
2025-01-18,NBL-1004,505.0,0.0,7,350.0
2025-01-25,NBL-1004,602.0,0.0,7,350.0
2025-02-01,NBL-1004,737.0,0.0,7,350.0
2025-02-08,NBL-1004,429.0,0.0,7,350.0
2025-02-15,NBL-1004,509.0,0.0,7,350.0
2025-02-22,NBL-1004,621.0,0.0,7,350.0
2025-03-01,NBL-1004,350.0,0.0,7,350.0
2025-03-08,NBL-1004,425.0,0.0,7,350.0
2025-03-15,NBL-1004,425.0,0.0,7,350.0
2025-03-22,NBL-1004,404.0,,7,350.0
2025-03-29,NBL-1004,451.0,0.0,7,350.0
2025-04-05,NBL-1004,450.0,0.0,7,350.0
2025-04-12,NBL-1004,404.0,0.0,7,350.0
2025-04-19,NBL-1004,447.0,0.0,7,350.0
2025-04-26,NBL-1004,404.0,0.0,7,350.0
2025-05-03,NBL-1004,404.0,0.0,7,350.0
2025-05-10,NBL-1004,404.0,0.0,7,350.0
2025-05-17,NBL-1004,404.0,0.0,7,350.0
2025-05-24,NBL-1004,404.0,0.0,7,350.0
2025-05-31,NBL-1004,404.0,0.0,7,350.0
2025-06-07,NBL-1004,404.0,0.0,7,350.0
2025-06-14,NBL-1004,404.0,0.0,7,350.0
2025-06-21,NBL-1004,412.0,0.0,7,350.0
2025-06-28,NBL-1004,404.0,0.0,7,350.0
2025-07-05,NBL-1004,404.0,0.0,7,350.0
2025-07-12,NBL-1004,404.0,0.0,7,350.0
2025-07-19,NBL-1004,404.0,0.0,7,350.0
2025-07-26,NBL-1004,404.0,0.0,7,350.0
2025-08-02,NBL-1004,404.0,0.0,7,350.0
2025-08-09,NBL-1004,404.0,0.0,7,350.0
2025-08-16,NBL-1004,404.0,0.0,7,350.0
2025-08-23,NBL-1004,404.0,0.0,7,350.0
2025-08-30,NBL-1004,404.0,0.0,7,350.0
2025-09-06,NBL-1004,427.0,0.0,7,350.0
2025-09-13,NBL-1004,404.0,0.0,7,350.0
2025-09-20,NBL-1004,438.0,0.0,7,350.0
2025-09-27,NBL-1004,448.0,0.0,7,350.0
2025-10-04,NBL-1004,468.0,0.0,7,350.0
2025-10-11,NBL-1004,530.0,,7,350.0
2025-10-18,NBL-1004,635.0,0.0,7,350.0
2025-10-25,NBL-1004,680.0,0.0,7,350.0
2025-11-01,NBL-1004,730.0,0.0,7,350.0
2025-11-08,NBL-1004,426.0,0.0,7,350.0
2025-11-15,NBL-1004,533.0,0.0,7,350.0
2025-11-22,NBL-1004,594.0,0.0,7,350.0
2025-11-29,NBL-1004,644.0,0.0,7,350.0
2025-12-06,NBL-1004,737.0,0.0,7,350.0
2025-12-13,NBL-1004,427.0,0.0,7,350.0
2025-12-20,NBL-1004,553.0,0.0,7,350.0
2025-12-27,NBL-1004,727.0,0.0,7,350.0
2026-01-03,NBL-1004,493.0,0.0,7,350.0
2026-01-10,NBL-1004,626.0,0.0,7,350.0
2026-01-17,NBL-1004,724.0,0.0,7,350.0
2026-01-24,NBL-1004,497.0,0.0,7,350.0
2026-01-31,NBL-1004,622.0,0.0,7,350.0
2026-02-07,NBL-1004,743.0,0.0,7,350.0
2026-02-14,NBL-1004,451.0,0.0,7,350.0
2026-02-21,NBL-1004,570.0,0.0,7,350.0
2026-02-28,NBL-1004,676.0,0.0,7,350.0
2026-03-07,NBL-1004,736.0,0.0,7,350.0
2026-03-14,NBL-1004,447.0,0.0,7,350.0
2026-03-21,NBL-1004,489.0,0.0,7,350.0
2026-03-28,NBL-1004,437.0,0.0,7,350.0
2026-04-04,NBL-1004,442.0,0.0,7,350.0
2026-04-11,NBL-1004,406.0,0.0,7,350.0
2026-04-18,NBL-1004,583.0,0.0,7,350.0
2026-04-25,NBL-1004,634.0,0.0,7,350.0
2026-05-02,NBL-1004,606.0,0.0,7,350.0
2026-05-09,NBL-1004,544.0,0.0,7,350.0
2026-05-16,NBL-1004,499.0,0.0,7,350.0
2026-05-23,NBL-1004,498.0,0.0,7,350.0
2026-05-30,NBL-1004,404.0,0.0,7,350.0
2026-06-06,NBL-1004,404.0,0.0,7,350.0
2026-06-13,NBL-1004,439.0,0.0,7,350.0
2026-06-20,NBL-1004,404.0,0.0,7,350.0
2026-06-27,NBL-1004,404.0,0.0,7,350.0
2026-07-04,NBL-1004,404.0,0.0,7,350.0
2026-07-11,NBL-1004,404.0,0.0,7,350.0
2024-07-13,NBL-1005,337.0,0.0,14,56.0
2024-07-20,NBL-1005,299.0,0.0,14,56.0
2024-07-27,NBL-1005,245.0,0.0,14,56.0
2024-08-03,NBL-1005,203.0,0.0,14,56.0
2024-08-10,NBL-1005,167.0,0.0,14,56.0
2024-08-17,NBL-1005,130.0,0.0,14,56.0
2024-08-24,NBL-1005,108.0,0.0,14,56.0
2024-08-31,NBL-1005,58.0,0.0,14,56.0
2024-09-07,NBL-1005,86.0,0.0,14,56.0
2024-09-14,NBL-1005,55.0,64.0,14,56.0
2024-09-21,NBL-1005,85.0,0.0,14,56.0
2024-09-28,NBL-1005,62.0,,14,56.0
2024-10-05,NBL-1005,104.0,0.0,14,56.0
2024-10-12,NBL-1005,83.0,0.0,14,56.0
2024-10-19,NBL-1005,58.0,0.0,14,56.0
2024-10-26,NBL-1005,28.0,64.0,14,56.0
2024-11-02,NBL-1005,64.0,0.0,14,56.0
2024-11-09,NBL-1005,46.0,64.0,14,56.0
2024-11-16,NBL-1005,86.0,0.0,14,56.0
2024-11-23,NBL-1005,71.0,0.0,14,56.0
2024-11-30,NBL-1005,117.0,0.0,14,56.0
2024-12-07,NBL-1005,103.0,0.0,14,56.0
2024-12-14,NBL-1005,80.0,0.0,14,56.0
2024-12-21,NBL-1005,70.0,0.0,14,56.0
2024-12-28,NBL-1005,59.0,0.0,14,56.0
2025-01-04,NBL-1005,44.0,64.0,14,56.0
2025-01-11,NBL-1005,90.0,0.0,14,56.0
2025-01-18,NBL-1005,70.0,0.0,14,56.0
2025-01-25,NBL-1005,119.0,0.0,14,56.0
2025-02-01,NBL-1005,109.0,0.0,14,56.0
2025-02-08,NBL-1005,90.0,0.0,14,56.0
2025-02-15,NBL-1005,74.0,0.0,14,56.0
2025-02-22,NBL-1005,115.0,0.0,14,56.0
2025-03-01,NBL-1005,91.0,0.0,14,56.0
2025-03-08,NBL-1005,75.0,0.0,14,56.0
2025-03-15,NBL-1005,51.0,64.0,14,56.0
2025-03-22,NBL-1005,90.0,0.0,14,56.0
2025-03-29,NBL-1005,78.0,0.0,14,56.0
2025-04-05,NBL-1005,114.0,0.0,14,56.0
2025-04-12,NBL-1005,97.0,0.0,14,56.0
2025-04-19,NBL-1005,64.0,0.0,14,56.0
2025-04-26,NBL-1005,36.0,64.0,14,56.0
2025-05-03,NBL-1005,80.0,0.0,14,56.0
2025-05-10,NBL-1005,55.0,64.0,14,56.0
2025-05-17,NBL-1005,99.0,0.0,14,56.0
2025-05-24,NBL-1005,63.0,0.0,14,56.0
2025-05-31,NBL-1005,107.0,0.0,14,56.0
2025-06-07,NBL-1005,74.0,0.0,14,56.0
2025-06-14,NBL-1005,110.0,0.0,14,56.0
2025-06-21,NBL-1005,75.0,0.0,14,56.0
2025-06-28,NBL-1005,108.0,0.0,14,56.0
2025-07-05,NBL-1005,92.0,0.0,14,56.0
2025-07-12,NBL-1005,58.0,0.0,14,56.0
2025-07-19,NBL-1005,29.0,64.0,14,56.0
2025-07-26,NBL-1005,65.0,0.0,14,56.0
2025-08-02,NBL-1005,41.0,64.0,14,56.0
2025-08-09,NBL-1005,73.0,0.0,14,56.0
2025-08-16,NBL-1005,46.0,64.0,14,56.0
2025-08-23,NBL-1005,88.0,0.0,14,56.0
2025-08-30,NBL-1005,63.0,0.0,14,56.0
2025-09-06,NBL-1005,88.0,0.0,14,56.0
2025-09-13,NBL-1005,53.0,64.0,14,56.0
2025-09-20,NBL-1005,97.0,0.0,14,56.0
2025-09-27,NBL-1005,79.0,0.0,14,56.0
2025-10-04,NBL-1005,57.0,0.0,14,56.0
2025-10-11,NBL-1005,49.0,64.0,14,56.0
2025-10-18,NBL-1005,89.0,0.0,14,56.0
2025-10-25,NBL-1005,56.0,0.0,14,56.0
2025-11-01,NBL-1005,110.0,0.0,14,56.0
2025-11-08,NBL-1005,101.0,0.0,14,56.0
2025-11-15,NBL-1005,72.0,0.0,14,56.0
2025-11-22,NBL-1005,49.0,64.0,14,56.0
2025-11-29,NBL-1005,101.0,0.0,14,56.0
2025-12-06,NBL-1005,90.0,0.0,14,56.0
2025-12-13,NBL-1005,78.0,0.0,14,56.0
2025-12-20,NBL-1005,61.0,0.0,14,56.0
2025-12-27,NBL-1005,119.0,0.0,14,56.0
2026-01-03,NBL-1005,104.0,0.0,14,56.0
2026-01-10,NBL-1005,90.0,0.0,14,56.0
2026-01-17,NBL-1005,72.0,0.0,14,56.0
2026-01-24,NBL-1005,57.0,0.0,14,56.0
2026-01-31,NBL-1005,42.0,64.0,14,56.0
2026-02-07,NBL-1005,93.0,0.0,14,56.0
2026-02-14,NBL-1005,80.0,0.0,14,56.0
2026-02-21,NBL-1005,64.0,0.0,14,56.0
2026-02-28,NBL-1005,53.0,64.0,14,56.0
2026-03-07,NBL-1005,104.0,0.0,14,56.0
2026-03-14,NBL-1005,91.0,0.0,14,56.0
2026-03-21,NBL-1005,67.0,0.0,14,56.0
2026-03-28,NBL-1005,44.0,64.0,14,56.0
2026-04-04,NBL-1005,82.0,0.0,14,56.0
2026-04-11,NBL-1005,66.0,0.0,14,56.0
2026-04-18,NBL-1005,110.0,0.0,14,56.0
2026-04-25,NBL-1005,95.0,0.0,14,56.0
2026-05-02,NBL-1005,71.0,0.0,14,56.0
2026-05-09,NBL-1005,47.0,64.0,14,56.0
2026-05-16,NBL-1005,85.0,0.0,14,56.0
2026-05-23,NBL-1005,69.0,0.0,14,56.0
2026-05-30,NBL-1005,105.0,0.0,14,56.0
2026-06-06,NBL-1005,85.0,0.0,14,56.0
2026-06-13,NBL-1005,61.0,0.0,14,56.0
2026-06-20,NBL-1005,38.0,64.0,14,56.0
2026-06-27,NBL-1005,88.0,0.0,14,56.0
2026-07-04,NBL-1005,74.0,0.0,14,56.0
2026-07-11,NBL-1005,116.0,0.0,14,56.0
2024-07-13,NBL-1006,937.0,0.0,28,601.0
2024-07-20,NBL-1006,676.0,0.0,28,601.0
2024-07-27,NBL-1006,425.0,694.0,28,601.0
2024-08-03,NBL-1006,200.0,694.0,28,601.0
2024-08-10,NBL-1006,694.0,0.0,28,601.0
2024-08-17,NBL-1006,486.0,694.0,28,601.0
2024-08-24,NBL-1006,257.0,694.0,28,601.0
2024-08-31,NBL-1006,40.0,694.0,28,601.0
2024-09-07,NBL-1006,694.0,0.0,28,601.0
2024-09-14,NBL-1006,494.0,694.0,28,601.0
2024-09-21,NBL-1006,280.0,694.0,28,601.0
2024-09-28,NBL-1006,94.0,694.0,28,601.0
2024-10-05,NBL-1006,694.0,0.0,28,601.0
2024-10-12,NBL-1006,506.0,694.0,28,601.0
2024-10-19,NBL-1006,368.0,694.0,28,601.0
2024-10-26,NBL-1006,197.0,694.0,28,601.0
2024-11-02,NBL-1006,721.0,0.0,28,601.0
2024-11-09,NBL-1006,564.0,694.0,28,601.0
2024-11-16,NBL-1006,416.0,694.0,28,601.0
2024-11-23,NBL-1006,296.0,694.0,28,601.0
2024-11-30,NBL-1006,841.0,0.0,28,601.0
2024-12-07,NBL-1006,712.0,0.0,28,601.0
2024-12-14,NBL-1006,561.0,694.0,28,601.0
2024-12-21,NBL-1006,454.0,694.0,28,601.0
2024-12-28,NBL-1006,1008.0,0.0,28,601.0
2025-01-04,NBL-1006,883.0,0.0,28,601.0
2025-01-11,NBL-1006,759.0,0.0,28,601.0
2025-01-18,NBL-1006,631.0,0.0,28,601.0
2025-01-25,NBL-1006,1213.0,0.0,28,601.0
2025-02-01,NBL-1006,1084.0,0.0,28,601.0
2025-02-08,NBL-1006,962.0,0.0,28,601.0
2025-02-15,NBL-1006,833.0,0.0,28,601.0
2025-02-22,NBL-1006,693.0,0.0,28,601.0
2025-03-01,NBL-1006,539.0,694.0,28,601.0
2025-03-08,NBL-1006,421.0,694.0,28,601.0
2025-03-15,NBL-1006,281.0,694.0,28,601.0
2025-03-22,NBL-1006,816.0,0.0,28,601.0
2025-03-29,NBL-1006,628.0,0.0,28,601.0
2025-04-05,NBL-1006,404.0,694.0,28,601.0
2025-04-12,NBL-1006,157.0,694.0,28,601.0
2025-04-19,NBL-1006,694.0,0.0,28,601.0
2025-04-26,NBL-1006,508.0,694.0,28,601.0
2025-05-03,NBL-1006,309.0,694.0,28,601.0
2025-05-10,NBL-1006,137.0,694.0,28,601.0
2025-05-17,NBL-1006,694.0,0.0,28,601.0
2025-05-24,NBL-1006,502.0,694.0,28,601.0
2025-05-31,NBL-1006,270.0,694.0,28,601.0
2025-06-07,NBL-1006,48.0,694.0,28,601.0
2025-06-14,NBL-1006,694.0,0.0,28,601.0
2025-06-21,NBL-1006,462.0,694.0,28,601.0
2025-06-28,NBL-1006,281.0,694.0,28,601.0
2025-07-05,NBL-1006,67.0,694.0,28,601.0
2025-07-12,NBL-1006,694.0,0.0,28,601.0
2025-07-19,NBL-1006,453.0,694.0,28,601.0
2025-07-26,NBL-1006,227.0,694.0,28,601.0
2025-08-02,NBL-1006,0.0,694.0,28,601.0
2025-08-09,NBL-1006,694.0,0.0,28,601.0
2025-08-16,NBL-1006,482.0,694.0,28,601.0
2025-08-23,NBL-1006,247.0,694.0,28,601.0
2025-08-30,NBL-1006,6.0,694.0,28,601.0
2025-09-06,NBL-1006,694.0,0.0,28,601.0
2025-09-13,NBL-1006,456.0,694.0,28,601.0
2025-09-20,NBL-1006,234.0,694.0,28,601.0
2025-09-27,NBL-1006,37.0,694.0,28,601.0
2025-10-04,NBL-1006,694.0,0.0,28,601.0
2025-10-11,NBL-1006,465.0,694.0,28,601.0
2025-10-18,NBL-1006,266.0,694.0,28,601.0
2025-10-25,NBL-1006,74.0,694.0,28,601.0
2025-11-01,NBL-1006,694.0,0.0,28,601.0
2025-11-08,NBL-1006,538.0,694.0,28,601.0
2025-11-15,NBL-1006,357.0,694.0,28,601.0
2025-11-22,NBL-1006,172.0,694.0,28,601.0
2025-11-29,NBL-1006,729.0,0.0,28,601.0
2025-12-06,NBL-1006,558.0,694.0,28,601.0
2025-12-13,NBL-1006,381.0,694.0,28,601.0
2025-12-20,NBL-1006,251.0,694.0,28,601.0
2025-12-27,NBL-1006,844.0,0.0,28,601.0
2026-01-03,NBL-1006,697.0,0.0,28,601.0
2026-01-10,NBL-1006,569.0,694.0,28,601.0
2026-01-17,NBL-1006,413.0,694.0,28,601.0
2026-01-24,NBL-1006,994.0,0.0,28,601.0
2026-01-31,NBL-1006,854.0,0.0,28,601.0
2026-02-07,NBL-1006,728.0,0.0,28,601.0
2026-02-14,NBL-1006,574.0,694.0,28,601.0
2026-02-21,NBL-1006,1112.0,0.0,28,601.0
2026-02-28,NBL-1006,964.0,0.0,28,601.0
2026-03-07,NBL-1006,802.0,0.0,28,601.0
2026-03-14,NBL-1006,655.0,0.0,28,601.0
2026-03-21,NBL-1006,1144.0,0.0,28,601.0
2026-03-28,NBL-1006,996.0,0.0,28,601.0
2026-04-04,NBL-1006,823.0,0.0,28,601.0
2026-04-11,NBL-1006,608.0,0.0,28,601.0
2026-04-18,NBL-1006,1130.0,0.0,28,601.0
2026-04-25,NBL-1006,893.0,0.0,28,601.0
2026-05-02,NBL-1006,660.0,0.0,28,601.0
2026-05-09,NBL-1006,496.0,694.0,28,601.0
2026-05-16,NBL-1006,971.0,0.0,28,601.0
2026-05-23,NBL-1006,672.0,0.0,28,601.0
2026-05-30,NBL-1006,450.0,694.0,28,601.0
2026-06-06,NBL-1006,216.0,694.0,28,601.0
2026-06-13,NBL-1006,694.0,0.0,28,601.0
2026-06-20,NBL-1006,386.0,694.0,28,601.0
2026-06-27,NBL-1006,70.0,694.0,28,601.0
2026-07-04,NBL-1006,0.0,694.0,28,601.0
2026-07-11,NBL-1006,694.0,0.0,28,601.0
2024-07-13,NBL-1007,792.0,0.0,10,388.0
2024-07-20,NBL-1007,465.0,0.0,10,388.0
2024-07-27,NBL-1007,594.0,0.0,10,388.0
2024-08-03,NBL-1007,701.0,0.0,10,388.0
2024-08-10,NBL-1007,323.0,448.0,10,388.0
2024-08-17,NBL-1007,459.0,0.0,10,388.0
2024-08-24,NBL-1007,576.0,0.0,10,388.0
2024-08-31,NBL-1007,270.0,448.0,10,388.0
2024-09-07,NBL-1007,365.0,448.0,10,388.0
2024-09-14,NBL-1007,489.0,0.0,10,388.0
2024-09-21,NBL-1007,644.0,0.0,10,388.0
2024-09-28,NBL-1007,318.0,448.0,10,388.0
2024-10-05,NBL-1007,424.0,0.0,10,388.0
2024-10-12,NBL-1007,589.0,0.0,10,388.0
2024-10-19,NBL-1007,270.0,448.0,10,388.0
2024-10-26,NBL-1007,437.0,0.0,10,388.0
2024-11-02,NBL-1007,568.0,0.0,10,388.0
2024-11-09,NBL-1007,221.0,448.0,10,388.0
2024-11-16,NBL-1007,379.0,448.0,10,388.0
2024-11-23,NBL-1007,533.0,0.0,10,388.0
2024-11-30,NBL-1007,655.0,0.0,10,388.0
2024-12-07,NBL-1007,345.0,448.0,10,388.0
2024-12-14,NBL-1007,506.0,0.0,10,388.0
2024-12-21,NBL-1007,662.0,0.0,10,388.0
2024-12-28,NBL-1007,413.0,0.0,10,388.0
2025-01-04,NBL-1007,538.0,0.0,10,388.0
2025-01-11,NBL-1007,653.0,0.0,10,388.0
2025-01-18,NBL-1007,346.0,448.0,10,388.0
2025-01-25,NBL-1007,521.0,0.0,10,388.0
2025-02-01,NBL-1007,689.0,0.0,10,388.0
2025-02-08,NBL-1007,442.0,0.0,10,388.0
2025-02-15,NBL-1007,141.0,448.0,10,388.0
2025-02-22,NBL-1007,306.0,448.0,10,388.0
2025-03-01,NBL-1007,466.0,0.0,10,388.0
2025-03-08,NBL-1007,179.0,448.0,10,388.0
2025-03-15,NBL-1007,287.0,448.0,10,388.0
2025-03-22,NBL-1007,439.0,0.0,10,388.0
2025-03-29,NBL-1007,86.0,448.0,10,388.0
2025-04-05,NBL-1007,186.0,448.0,10,388.0
2025-04-12,NBL-1007,331.0,448.0,10,388.0
2025-04-19,NBL-1007,456.0,0.0,10,388.0
2025-04-26,NBL-1007,108.0,448.0,10,388.0
2025-05-03,NBL-1007,222.0,448.0,10,388.0
2025-05-10,NBL-1007,417.0,0.0,10,388.0
2025-05-17,NBL-1007,51.0,448.0,10,388.0
2025-05-24,NBL-1007,220.0,448.0,10,388.0
2025-05-31,NBL-1007,388.0,448.0,10,388.0
2025-06-07,NBL-1007,10.0,448.0,10,388.0
2025-06-14,NBL-1007,101.0,448.0,10,388.0
2025-06-21,NBL-1007,314.0,448.0,10,388.0
2025-06-28,NBL-1007,448.0,0.0,10,388.0
2025-07-05,NBL-1007,30.0,448.0,10,388.0
2025-07-12,NBL-1007,227.0,448.0,10,388.0
2025-07-19,NBL-1007,421.0,0.0,10,388.0
2025-07-26,NBL-1007,34.0,448.0,10,388.0
2025-08-02,NBL-1007,180.0,448.0,10,388.0
2025-08-09,NBL-1007,368.0,448.0,10,388.0
2025-08-16,NBL-1007,53.0,448.0,10,388.0
2025-08-23,NBL-1007,127.0,448.0,10,388.0
2025-08-30,NBL-1007,327.0,448.0,10,388.0
2025-09-06,NBL-1007,448.0,0.0,10,388.0
2025-09-13,NBL-1007,59.0,448.0,10,388.0
2025-09-20,NBL-1007,232.0,448.0,10,388.0
2025-09-27,NBL-1007,409.0,,10,388.0
2025-10-04,NBL-1007,33.0,448.0,10,388.0
2025-10-11,NBL-1007,192.0,448.0,10,388.0
2025-10-18,NBL-1007,375.0,448.0,10,388.0
2025-10-25,NBL-1007,0.0,448.0,10,388.0
2025-11-01,NBL-1007,130.0,448.0,10,388.0
2025-11-08,NBL-1007,305.0,448.0,10,388.0
2025-11-15,NBL-1007,505.0,0.0,10,388.0
2025-11-22,NBL-1007,118.0,448.0,10,388.0
2025-11-29,NBL-1007,197.0,448.0,10,388.0
2025-12-06,NBL-1007,417.0,0.0,10,388.0
2025-12-13,NBL-1007,61.0,448.0,10,388.0
2025-12-20,NBL-1007,213.0,448.0,10,388.0
2025-12-27,NBL-1007,360.0,448.0,10,388.0
2026-01-03,NBL-1007,10.0,448.0,10,388.0
2026-01-10,NBL-1007,129.0,448.0,10,388.0
2026-01-17,NBL-1007,345.0,448.0,10,388.0
2026-01-24,NBL-1007,448.0,0.0,10,388.0
2026-01-31,NBL-1007,129.0,448.0,10,388.0
2026-02-07,NBL-1007,248.0,448.0,10,388.0
2026-02-14,NBL-1007,418.0,0.0,10,388.0
2026-02-21,NBL-1007,96.0,448.0,10,388.0
2026-02-28,NBL-1007,184.0,448.0,10,388.0
2026-03-07,NBL-1007,395.0,0.0,10,388.0
2026-03-14,NBL-1007,58.0,448.0,10,388.0
2026-03-21,NBL-1007,97.0,448.0,10,388.0
2026-03-28,NBL-1007,300.0,448.0,10,388.0
2026-04-04,NBL-1007,448.0,0.0,10,388.0
2026-04-11,NBL-1007,40.0,448.0,10,388.0
2026-04-18,NBL-1007,297.0,448.0,10,388.0
2026-04-25,NBL-1007,421.0,0.0,10,388.0
2026-05-02,NBL-1007,25.0,448.0,10,388.0
2026-05-09,NBL-1007,130.0,448.0,10,388.0
2026-05-16,NBL-1007,368.0,448.0,10,388.0
2026-05-23,NBL-1007,1.0,448.0,10,388.0
2026-05-30,NBL-1007,97.0,448.0,10,388.0
2026-06-06,NBL-1007,312.0,,10,388.0
2026-06-13,NBL-1007,448.0,0.0,10,388.0
2026-06-20,NBL-1007,74.0,448.0,10,388.0
2026-06-27,NBL-1007,192.0,448.0,10,388.0
2026-07-04,NBL-1007,408.0,0.0,10,388.0
2026-07-11,NBL-1007,0.0,448.0,10,388.0
2024-07-13,NBL-1008,108.0,0.0,7,103.0
2024-07-20,NBL-1008,118.0,0.0,7,103.0
2024-07-27,NBL-1008,118.0,0.0,7,103.0
2024-08-03,NBL-1008,119.0,0.0,7,103.0
2024-08-10,NBL-1008,118.0,0.0,7,103.0
2024-08-17,NBL-1008,119.0,0.0,7,103.0
2024-08-24,NBL-1008,118.0,0.0,7,103.0
2024-08-31,NBL-1008,122.0,0.0,7,103.0
2024-09-07,NBL-1008,121.0,0.0,7,103.0
2024-09-14,NBL-1008,118.0,0.0,7,103.0
2024-09-21,NBL-1008,118.0,0.0,7,103.0
2024-09-28,NBL-1008,124.0,0.0,7,103.0
2024-10-05,NBL-1008,118.0,0.0,7,103.0
2024-10-12,NBL-1008,118.0,0.0,7,103.0
2024-10-19,NBL-1008,119.0,0.0,7,103.0
2024-10-26,NBL-1008,118.0,0.0,7,103.0
2024-11-02,NBL-1008,118.0,0.0,7,103.0
2024-11-09,NBL-1008,118.0,0.0,7,103.0
2024-11-16,NBL-1008,118.0,0.0,7,103.0
2024-11-23,NBL-1008,118.0,0.0,7,103.0
2024-11-30,NBL-1008,125.0,0.0,7,103.0
2024-12-07,NBL-1008,118.0,0.0,7,103.0
2024-12-14,NBL-1008,134.0,0.0,7,103.0
2024-12-21,NBL-1008,144.0,0.0,7,103.0
2024-12-28,NBL-1008,134.0,0.0,7,103.0
2025-01-04,NBL-1008,148.0,0.0,7,103.0
2025-01-11,NBL-1008,157.0,0.0,7,103.0
2025-01-18,NBL-1008,155.0,0.0,7,103.0
2025-01-25,NBL-1008,157.0,0.0,7,103.0
2025-02-01,NBL-1008,164.0,0.0,7,103.0
2025-02-08,NBL-1008,170.0,0.0,7,103.0
2025-02-15,NBL-1008,168.0,0.0,7,103.0
2025-02-22,NBL-1008,172.0,0.0,7,103.0
2025-03-01,NBL-1008,182.0,0.0,7,103.0
2025-03-08,NBL-1008,184.0,0.0,7,103.0
2025-03-15,NBL-1008,164.0,0.0,7,103.0
2025-03-22,NBL-1008,152.0,0.0,7,103.0
2025-03-29,NBL-1008,180.0,0.0,7,103.0
2025-04-05,NBL-1008,183.0,0.0,7,103.0
2025-04-12,NBL-1008,139.0,0.0,7,103.0
2025-04-19,NBL-1008,139.0,0.0,7,103.0
2025-04-26,NBL-1008,145.0,0.0,7,103.0
2025-05-03,NBL-1008,132.0,0.0,7,103.0
2025-05-10,NBL-1008,144.0,0.0,7,103.0
2025-05-17,NBL-1008,131.0,0.0,7,103.0
2025-05-24,NBL-1008,121.0,0.0,7,103.0
2025-05-31,NBL-1008,118.0,0.0,7,103.0
2025-06-07,NBL-1008,118.0,0.0,7,103.0
2025-06-14,NBL-1008,118.0,0.0,7,103.0
2025-06-21,NBL-1008,118.0,0.0,7,103.0
2025-06-28,NBL-1008,118.0,0.0,7,103.0
2025-07-05,NBL-1008,118.0,0.0,7,103.0
2025-07-12,NBL-1008,118.0,0.0,7,103.0
2025-07-19,NBL-1008,118.0,0.0,7,103.0
2025-07-26,NBL-1008,118.0,,7,103.0
2025-08-02,NBL-1008,118.0,0.0,7,103.0
2025-08-09,NBL-1008,118.0,0.0,7,103.0
2025-08-16,NBL-1008,118.0,0.0,7,103.0
2025-08-23,NBL-1008,118.0,0.0,7,103.0
2025-08-30,NBL-1008,118.0,0.0,7,103.0
2025-09-06,NBL-1008,118.0,0.0,7,103.0
2025-09-13,NBL-1008,118.0,0.0,7,103.0
2025-09-20,NBL-1008,118.0,0.0,7,103.0
2025-09-27,NBL-1008,119.0,0.0,7,103.0
2025-10-04,NBL-1008,118.0,0.0,7,103.0
2025-10-11,NBL-1008,118.0,0.0,7,103.0
2025-10-18,NBL-1008,118.0,0.0,7,103.0
2025-10-25,NBL-1008,118.0,0.0,7,103.0
2025-11-01,NBL-1008,118.0,0.0,7,103.0
2025-11-08,NBL-1008,118.0,0.0,7,103.0
2025-11-15,NBL-1008,123.0,0.0,7,103.0
2025-11-22,NBL-1008,119.0,0.0,7,103.0
2025-11-29,NBL-1008,118.0,0.0,7,103.0
2025-12-06,NBL-1008,134.0,0.0,7,103.0
2025-12-13,NBL-1008,125.0,0.0,7,103.0
2025-12-20,NBL-1008,118.0,0.0,7,103.0
2025-12-27,NBL-1008,122.0,0.0,7,103.0
2026-01-03,NBL-1008,118.0,0.0,7,103.0
2026-01-10,NBL-1008,118.0,0.0,7,103.0
2026-01-17,NBL-1008,118.0,0.0,7,103.0
2026-01-24,NBL-1008,118.0,0.0,7,103.0
2026-01-31,NBL-1008,118.0,0.0,7,103.0
2026-02-07,NBL-1008,118.0,0.0,7,103.0
2026-02-14,NBL-1008,118.0,0.0,7,103.0
2026-02-21,NBL-1008,118.0,0.0,7,103.0
2026-02-28,NBL-1008,120.0,0.0,7,103.0
2026-03-07,NBL-1008,118.0,0.0,7,103.0
2026-03-14,NBL-1008,122.0,0.0,7,103.0
2026-03-21,NBL-1008,118.0,0.0,7,103.0
2026-03-28,NBL-1008,118.0,0.0,7,103.0
2026-04-04,NBL-1008,118.0,0.0,7,103.0
2026-04-11,NBL-1008,121.0,0.0,7,103.0
2026-04-18,NBL-1008,118.0,0.0,7,103.0
2026-04-25,NBL-1008,118.0,0.0,7,103.0
2026-05-02,NBL-1008,118.0,0.0,7,103.0
2026-05-09,NBL-1008,118.0,0.0,7,103.0
2026-05-16,NBL-1008,118.0,0.0,7,103.0
2026-05-23,NBL-1008,118.0,0.0,7,103.0
2026-05-30,NBL-1008,118.0,0.0,7,103.0
2026-06-06,NBL-1008,118.0,0.0,7,103.0
2026-06-13,NBL-1008,118.0,0.0,7,103.0
2026-06-20,NBL-1008,118.0,0.0,7,103.0
2026-06-27,NBL-1008,118.0,0.0,7,103.0
2026-07-04,NBL-1008,118.0,0.0,7,103.0
2026-07-11,NBL-1008,118.0,0.0,7,103.0
2024-07-13,NBL-1009,251.0,0.0,7,126.0
2024-07-20,NBL-1009,187.0,,7,126.0
2024-07-27,NBL-1009,149.0,0.0,7,126.0
2024-08-03,NBL-1009,146.0,0.0,7,126.0
2024-08-10,NBL-1009,146.0,0.0,7,126.0
2024-08-17,NBL-1009,150.0,0.0,7,126.0
2024-08-24,NBL-1009,146.0,0.0,7,126.0
2024-08-31,NBL-1009,146.0,0.0,7,126.0
2024-09-07,NBL-1009,166.0,0.0,7,126.0
2024-09-14,NBL-1009,162.0,0.0,7,126.0
2024-09-21,NBL-1009,156.0,,7,126.0
2024-09-28,NBL-1009,146.0,0.0,7,126.0
2024-10-05,NBL-1009,146.0,0.0,7,126.0
2024-10-12,NBL-1009,176.0,0.0,7,126.0
2024-10-19,NBL-1009,170.0,0.0,7,126.0
2024-10-26,NBL-1009,195.0,0.0,7,126.0
2024-11-02,NBL-1009,202.0,0.0,7,126.0
2024-11-09,NBL-1009,245.0,0.0,7,126.0
2024-11-16,NBL-1009,262.0,0.0,7,126.0
2024-11-23,NBL-1009,269.0,0.0,7,126.0
2024-11-30,NBL-1009,140.0,0.0,7,126.0
2024-12-07,NBL-1009,176.0,0.0,7,126.0
2024-12-14,NBL-1009,237.0,0.0,7,126.0
2024-12-21,NBL-1009,145.0,0.0,7,126.0
2024-12-28,NBL-1009,186.0,0.0,7,126.0
2025-01-04,NBL-1009,205.0,0.0,7,126.0
2025-01-11,NBL-1009,259.0,0.0,7,126.0
2025-01-18,NBL-1009,160.0,0.0,7,126.0
2025-01-25,NBL-1009,211.0,0.0,7,126.0
2025-02-01,NBL-1009,135.0,0.0,7,126.0
2025-02-08,NBL-1009,201.0,0.0,7,126.0
2025-02-15,NBL-1009,136.0,,7,126.0
2025-02-22,NBL-1009,199.0,0.0,7,126.0
2025-03-01,NBL-1009,129.0,0.0,7,126.0
2025-03-08,NBL-1009,146.0,0.0,7,126.0
2025-03-15,NBL-1009,184.0,0.0,7,126.0
2025-03-22,NBL-1009,211.0,0.0,7,126.0
2025-03-29,NBL-1009,245.0,0.0,7,126.0
2025-04-05,NBL-1009,135.0,0.0,7,126.0
2025-04-12,NBL-1009,173.0,0.0,7,126.0
2025-04-19,NBL-1009,218.0,0.0,7,126.0
2025-04-26,NBL-1009,208.0,0.0,7,126.0
2025-05-03,NBL-1009,207.0,0.0,7,126.0
2025-05-10,NBL-1009,203.0,0.0,7,126.0
2025-05-17,NBL-1009,190.0,0.0,7,126.0
2025-05-24,NBL-1009,203.0,0.0,7,126.0
2025-05-31,NBL-1009,168.0,0.0,7,126.0
2025-06-07,NBL-1009,146.0,0.0,7,126.0
2025-06-14,NBL-1009,146.0,0.0,7,126.0
2025-06-21,NBL-1009,146.0,0.0,7,126.0
2025-06-28,NBL-1009,152.0,0.0,7,126.0
2025-07-05,NBL-1009,146.0,0.0,7,126.0
2025-07-12,NBL-1009,146.0,0.0,7,126.0
2025-07-19,NBL-1009,146.0,0.0,7,126.0
2025-07-26,NBL-1009,146.0,0.0,7,126.0
2025-08-02,NBL-1009,165.0,0.0,7,126.0
2025-08-09,NBL-1009,146.0,0.0,7,126.0
2025-08-16,NBL-1009,146.0,0.0,7,126.0
2025-08-23,NBL-1009,150.0,0.0,7,126.0
2025-08-30,NBL-1009,166.0,0.0,7,126.0
2025-09-06,NBL-1009,165.0,0.0,7,126.0
2025-09-13,NBL-1009,161.0,0.0,7,126.0
2025-09-20,NBL-1009,179.0,0.0,7,126.0
2025-09-27,NBL-1009,189.0,0.0,7,126.0
2025-10-04,NBL-1009,225.0,0.0,7,126.0
2025-10-11,NBL-1009,247.0,0.0,7,126.0
2025-10-18,NBL-1009,137.0,0.0,7,126.0
2025-10-25,NBL-1009,176.0,0.0,7,126.0
2025-11-01,NBL-1009,261.0,0.0,7,126.0
2025-11-08,NBL-1009,174.0,0.0,7,126.0
2025-11-15,NBL-1009,229.0,0.0,7,126.0
2025-11-22,NBL-1009,153.0,0.0,7,126.0
2025-11-29,NBL-1009,206.0,0.0,7,126.0
2025-12-06,NBL-1009,270.0,0.0,7,126.0
2025-12-13,NBL-1009,189.0,0.0,7,126.0
2025-12-20,NBL-1009,132.0,0.0,7,126.0
2025-12-27,NBL-1009,198.0,0.0,7,126.0
2026-01-03,NBL-1009,127.0,0.0,7,126.0
2026-01-10,NBL-1009,182.0,0.0,7,126.0
2026-01-17,NBL-1009,260.0,0.0,7,126.0
2026-01-24,NBL-1009,188.0,0.0,7,126.0
2026-01-31,NBL-1009,238.0,0.0,7,126.0
2026-02-07,NBL-1009,168.0,0.0,7,126.0
2026-02-14,NBL-1009,262.0,0.0,7,126.0
2026-02-21,NBL-1009,207.0,0.0,7,126.0
2026-02-28,NBL-1009,130.0,0.0,7,126.0
2026-03-07,NBL-1009,167.0,0.0,7,126.0
2026-03-14,NBL-1009,233.0,0.0,7,126.0
2026-03-21,NBL-1009,159.0,0.0,7,126.0
2026-03-28,NBL-1009,205.0,0.0,7,126.0
2026-04-04,NBL-1009,210.0,0.0,7,126.0
2026-04-11,NBL-1009,271.0,0.0,7,126.0
2026-04-18,NBL-1009,177.0,0.0,7,126.0
2026-04-25,NBL-1009,217.0,0.0,7,126.0
2026-05-02,NBL-1009,269.0,0.0,7,126.0
2026-05-09,NBL-1009,148.0,0.0,7,126.0
2026-05-16,NBL-1009,187.0,0.0,7,126.0
2026-05-23,NBL-1009,179.0,0.0,7,126.0
2026-05-30,NBL-1009,174.0,0.0,7,126.0
2026-06-06,NBL-1009,208.0,0.0,7,126.0
2026-06-13,NBL-1009,219.0,0.0,7,126.0
2026-06-20,NBL-1009,215.0,0.0,7,126.0
2026-06-27,NBL-1009,247.0,0.0,7,126.0
2026-07-04,NBL-1009,250.0,0.0,7,126.0
2026-07-11,NBL-1009,136.0,0.0,7,126.0
2024-07-13,NBL-1010,1021.0,0.0,21,677.0
2024-07-20,NBL-1010,709.0,0.0,21,677.0
2024-07-27,NBL-1010,405.0,781.0,21,677.0
2024-08-03,NBL-1010,914.0,0.0,21,677.0
2024-08-10,NBL-1010,640.0,781.0,21,677.0
2024-08-17,NBL-1010,343.0,781.0,21,677.0
2024-08-24,NBL-1010,817.0,0.0,21,677.0
2024-08-31,NBL-1010,560.0,781.0,21,677.0
2024-09-07,NBL-1010,254.0,781.0,21,677.0
2024-09-14,NBL-1010,781.0,0.0,21,677.0
2024-09-21,NBL-1010,509.0,781.0,21,677.0
2024-09-28,NBL-1010,295.0,781.0,21,677.0
2024-10-05,NBL-1010,786.0,0.0,21,677.0
2024-10-12,NBL-1010,538.0,781.0,21,677.0
2024-10-19,NBL-1010,251.0,781.0,21,677.0
2024-10-26,NBL-1010,781.0,0.0,21,677.0
2024-11-02,NBL-1010,529.0,781.0,21,677.0
2024-11-09,NBL-1010,301.0,781.0,21,677.0
2024-11-16,NBL-1010,847.0,0.0,21,677.0
2024-11-23,NBL-1010,637.0,781.0,21,677.0
2024-11-30,NBL-1010,440.0,781.0,21,677.0
2024-12-07,NBL-1010,1024.0,0.0,21,677.0
2024-12-14,NBL-1010,813.0,0.0,21,677.0
2024-12-21,NBL-1010,598.0,781.0,21,677.0
2024-12-28,NBL-1010,1148.0,0.0,21,677.0
2025-01-04,NBL-1010,944.0,0.0,21,677.0
2025-01-11,NBL-1010,695.0,0.0,21,677.0
2025-01-18,NBL-1010,1269.0,0.0,21,677.0
2025-01-25,NBL-1010,1032.0,0.0,21,677.0
2025-02-01,NBL-1010,787.0,0.0,21,677.0
2025-02-08,NBL-1010,1332.0,0.0,21,677.0
2025-02-15,NBL-1010,1162.0,0.0,21,677.0
2025-02-22,NBL-1010,921.0,0.0,21,677.0
2025-03-01,NBL-1010,713.0,0.0,21,677.0
2025-03-08,NBL-1010,447.0,781.0,21,677.0
2025-03-15,NBL-1010,217.0,781.0,21,677.0
2025-03-22,NBL-1010,781.0,0.0,21,677.0
2025-03-29,NBL-1010,560.0,781.0,21,677.0
2025-04-05,NBL-1010,271.0,781.0,21,677.0
2025-04-12,NBL-1010,781.0,0.0,21,677.0
2025-04-19,NBL-1010,529.0,781.0,21,677.0
2025-04-26,NBL-1010,205.0,781.0,21,677.0
2025-05-03,NBL-1010,781.0,0.0,21,677.0
2025-05-10,NBL-1010,497.0,781.0,21,677.0
2025-05-17,NBL-1010,173.0,781.0,21,677.0
2025-05-24,NBL-1010,781.0,0.0,21,677.0
2025-05-31,NBL-1010,465.0,781.0,21,677.0
2025-06-07,NBL-1010,164.0,,21,677.0
2025-06-14,NBL-1010,781.0,0.0,21,677.0
2025-06-21,NBL-1010,443.0,781.0,21,677.0
2025-06-28,NBL-1010,124.0,781.0,21,677.0
2025-07-05,NBL-1010,781.0,0.0,21,677.0
2025-07-12,NBL-1010,477.0,781.0,21,677.0
2025-07-19,NBL-1010,127.0,781.0,21,677.0
2025-07-26,NBL-1010,781.0,0.0,21,677.0
2025-08-02,NBL-1010,500.0,781.0,21,677.0
2025-08-09,NBL-1010,165.0,781.0,21,677.0
2025-08-16,NBL-1010,781.0,0.0,21,677.0
2025-08-23,NBL-1010,494.0,781.0,21,677.0
2025-08-30,NBL-1010,167.0,781.0,21,677.0
2025-09-06,NBL-1010,781.0,0.0,21,677.0
2025-09-13,NBL-1010,472.0,781.0,21,677.0
2025-09-20,NBL-1010,188.0,781.0,21,677.0
2025-09-27,NBL-1010,781.0,0.0,21,677.0
2025-10-04,NBL-1010,449.0,781.0,21,677.0
2025-10-11,NBL-1010,119.0,781.0,21,677.0
2025-10-18,NBL-1010,781.0,0.0,21,677.0
2025-10-25,NBL-1010,490.0,781.0,21,677.0
2025-11-01,NBL-1010,174.0,781.0,21,677.0
2025-11-08,NBL-1010,781.0,0.0,21,677.0
2025-11-15,NBL-1010,541.0,781.0,21,677.0
2025-11-22,NBL-1010,344.0,781.0,21,677.0
2025-11-29,NBL-1010,882.0,0.0,21,677.0
2025-12-06,NBL-1010,615.0,781.0,21,677.0
2025-12-13,NBL-1010,296.0,781.0,21,677.0
2025-12-20,NBL-1010,829.0,0.0,21,677.0
2025-12-27,NBL-1010,584.0,781.0,21,677.0
2026-01-03,NBL-1010,350.0,,21,677.0
2026-01-10,NBL-1010,911.0,0.0,21,677.0
2026-01-17,NBL-1010,664.0,781.0,21,677.0
2026-01-24,NBL-1010,421.0,781.0,21,677.0
2026-01-31,NBL-1010,934.0,0.0,21,677.0
2026-02-07,NBL-1010,657.0,781.0,21,677.0
2026-02-14,NBL-1010,390.0,781.0,21,677.0
2026-02-21,NBL-1010,952.0,0.0,21,677.0
2026-02-28,NBL-1010,711.0,,21,677.0
2026-03-07,NBL-1010,389.0,781.0,21,677.0
2026-03-14,NBL-1010,825.0,0.0,21,677.0
2026-03-21,NBL-1010,528.0,781.0,21,677.0
2026-03-28,NBL-1010,253.0,781.0,21,677.0
2026-04-04,NBL-1010,810.0,0.0,21,677.0
2026-04-11,NBL-1010,524.0,781.0,21,677.0
2026-04-18,NBL-1010,231.0,781.0,21,677.0
2026-04-25,NBL-1010,781.0,0.0,21,677.0
2026-05-02,NBL-1010,499.0,781.0,21,677.0
2026-05-09,NBL-1010,121.0,781.0,21,677.0
2026-05-16,NBL-1010,781.0,0.0,21,677.0
2026-05-23,NBL-1010,515.0,781.0,21,677.0
2026-05-30,NBL-1010,188.0,781.0,21,677.0
2026-06-06,NBL-1010,781.0,0.0,21,677.0
2026-06-13,NBL-1010,439.0,781.0,21,677.0
2026-06-20,NBL-1010,130.0,781.0,21,677.0
2026-06-27,NBL-1010,781.0,0.0,21,677.0
2026-07-04,NBL-1010,461.0,781.0,21,677.0
2026-07-11,NBL-1010,107.0,781.0,21,677.0
2024-07-13,NBL-1011,380.0,0.0,7,153.0
2024-07-20,NBL-1011,183.0,0.0,7,153.0
2024-07-27,NBL-1011,176.0,0.0,7,153.0
2024-08-03,NBL-1011,176.0,0.0,7,153.0
2024-08-10,NBL-1011,176.0,0.0,7,153.0
2024-08-17,NBL-1011,176.0,0.0,7,153.0
2024-08-24,NBL-1011,176.0,0.0,7,153.0
2024-08-31,NBL-1011,189.0,,7,153.0
2024-09-07,NBL-1011,176.0,0.0,7,153.0
2024-09-14,NBL-1011,176.0,0.0,7,153.0
2024-09-21,NBL-1011,176.0,0.0,7,153.0
2024-09-28,NBL-1011,176.0,0.0,7,153.0
2024-10-05,NBL-1011,186.0,0.0,7,153.0
2024-10-12,NBL-1011,209.0,0.0,7,153.0
2024-10-19,NBL-1011,218.0,0.0,7,153.0
2024-10-26,NBL-1011,230.0,0.0,7,153.0
2024-11-02,NBL-1011,266.0,0.0,7,153.0
2024-11-09,NBL-1011,297.0,0.0,7,153.0
2024-11-16,NBL-1011,286.0,0.0,7,153.0
2024-11-23,NBL-1011,304.0,0.0,7,153.0
2024-11-30,NBL-1011,322.0,0.0,7,153.0
2024-12-07,NBL-1011,164.0,0.0,7,153.0
2024-12-14,NBL-1011,194.0,0.0,7,153.0
2024-12-21,NBL-1011,208.0,0.0,7,153.0
2024-12-28,NBL-1011,241.0,0.0,7,153.0
2025-01-04,NBL-1011,275.0,0.0,7,153.0
2025-01-11,NBL-1011,295.0,0.0,7,153.0
2025-01-18,NBL-1011,292.0,0.0,7,153.0
2025-01-25,NBL-1011,304.0,0.0,7,153.0
2025-02-01,NBL-1011,327.0,0.0,7,153.0
2025-02-08,NBL-1011,327.0,0.0,7,153.0
2025-02-15,NBL-1011,175.0,0.0,7,153.0
2025-02-22,NBL-1011,220.0,0.0,7,153.0
2025-03-01,NBL-1011,225.0,0.0,7,153.0
2025-03-08,NBL-1011,202.0,0.0,7,153.0
2025-03-15,NBL-1011,226.0,0.0,7,153.0
2025-03-22,NBL-1011,230.0,0.0,7,153.0
2025-03-29,NBL-1011,227.0,0.0,7,153.0
2025-04-05,NBL-1011,248.0,0.0,7,153.0
2025-04-12,NBL-1011,236.0,0.0,7,153.0
2025-04-19,NBL-1011,227.0,0.0,7,153.0
2025-04-26,NBL-1011,232.0,0.0,7,153.0
2025-05-03,NBL-1011,242.0,0.0,7,153.0
2025-05-10,NBL-1011,212.0,0.0,7,153.0
2025-05-17,NBL-1011,176.0,0.0,7,153.0
2025-05-24,NBL-1011,176.0,0.0,7,153.0
2025-05-31,NBL-1011,176.0,0.0,7,153.0
2025-06-07,NBL-1011,176.0,0.0,7,153.0
2025-06-14,NBL-1011,176.0,0.0,7,153.0
2025-06-21,NBL-1011,176.0,0.0,7,153.0
2025-06-28,NBL-1011,176.0,0.0,7,153.0
2025-07-05,NBL-1011,176.0,0.0,7,153.0
2025-07-12,NBL-1011,176.0,0.0,7,153.0
2025-07-19,NBL-1011,176.0,0.0,7,153.0
2025-07-26,NBL-1011,176.0,0.0,7,153.0
2025-08-02,NBL-1011,176.0,0.0,7,153.0
2025-08-09,NBL-1011,176.0,0.0,7,153.0
2025-08-16,NBL-1011,176.0,0.0,7,153.0
2025-08-23,NBL-1011,176.0,0.0,7,153.0
2025-08-30,NBL-1011,176.0,0.0,7,153.0
2025-09-06,NBL-1011,176.0,0.0,7,153.0
2025-09-13,NBL-1011,176.0,0.0,7,153.0
2025-09-20,NBL-1011,187.0,0.0,7,153.0
2025-09-27,NBL-1011,176.0,0.0,7,153.0
2025-10-04,NBL-1011,192.0,0.0,7,153.0
2025-10-11,NBL-1011,176.0,0.0,7,153.0
2025-10-18,NBL-1011,176.0,0.0,7,153.0
2025-10-25,NBL-1011,176.0,0.0,7,153.0
2025-11-01,NBL-1011,176.0,0.0,7,153.0
2025-11-08,NBL-1011,183.0,0.0,7,153.0
2025-11-15,NBL-1011,176.0,0.0,7,153.0
2025-11-22,NBL-1011,183.0,0.0,7,153.0
2025-11-29,NBL-1011,183.0,0.0,7,153.0
2025-12-06,NBL-1011,194.0,0.0,7,153.0
2025-12-13,NBL-1011,188.0,0.0,7,153.0
2025-12-20,NBL-1011,188.0,0.0,7,153.0
2025-12-27,NBL-1011,191.0,0.0,7,153.0
2026-01-03,NBL-1011,213.0,0.0,7,153.0
2026-01-10,NBL-1011,213.0,,7,153.0
2026-01-17,NBL-1011,212.0,0.0,7,153.0
2026-01-24,NBL-1011,218.0,0.0,7,153.0
2026-01-31,NBL-1011,206.0,0.0,7,153.0
2026-02-07,NBL-1011,206.0,0.0,7,153.0
2026-02-14,NBL-1011,214.0,0.0,7,153.0
2026-02-21,NBL-1011,234.0,0.0,7,153.0
2026-02-28,NBL-1011,223.0,0.0,7,153.0
2026-03-07,NBL-1011,202.0,0.0,7,153.0
2026-03-14,NBL-1011,187.0,0.0,7,153.0
2026-03-21,NBL-1011,197.0,0.0,7,153.0
2026-03-28,NBL-1011,180.0,0.0,7,153.0
2026-04-04,NBL-1011,176.0,0.0,7,153.0
2026-04-11,NBL-1011,176.0,0.0,7,153.0
2026-04-18,NBL-1011,176.0,0.0,7,153.0
2026-04-25,NBL-1011,176.0,0.0,7,153.0
2026-05-02,NBL-1011,176.0,0.0,7,153.0
2026-05-09,NBL-1011,176.0,0.0,7,153.0
2026-05-16,NBL-1011,176.0,0.0,7,153.0
2026-05-23,NBL-1011,176.0,0.0,7,153.0
2026-05-30,NBL-1011,176.0,0.0,7,153.0
2026-06-06,NBL-1011,176.0,0.0,7,153.0
2026-06-13,NBL-1011,176.0,0.0,7,153.0
2026-06-20,NBL-1011,176.0,0.0,7,153.0
2026-06-27,NBL-1011,176.0,0.0,7,153.0
2026-07-04,NBL-1011,176.0,0.0,7,153.0
2026-07-11,NBL-1011,176.0,0.0,7,153.0
2024-07-13,NBL-1012,316.0,0.0,14,244.0
2024-07-20,NBL-1012,178.0,281.0,14,244.0
2024-07-27,NBL-1012,330.0,0.0,14,244.0
2024-08-03,NBL-1012,152.0,281.0,14,244.0
2024-08-10,NBL-1012,281.0,0.0,14,244.0
2024-08-17,NBL-1012,123.0,281.0,14,244.0
2024-08-24,NBL-1012,281.0,0.0,14,244.0
2024-08-31,NBL-1012,144.0,281.0,14,244.0
2024-09-07,NBL-1012,283.0,0.0,14,244.0
2024-09-14,NBL-1012,167.0,281.0,14,244.0
2024-09-21,NBL-1012,284.0,0.0,14,244.0
2024-09-28,NBL-1012,156.0,281.0,14,244.0
2024-10-05,NBL-1012,297.0,0.0,14,244.0
2024-10-12,NBL-1012,162.0,281.0,14,244.0
2024-10-19,NBL-1012,302.0,0.0,14,244.0
2024-10-26,NBL-1012,168.0,281.0,14,244.0
2024-11-02,NBL-1012,315.0,0.0,14,244.0
2024-11-09,NBL-1012,189.0,281.0,14,244.0
2024-11-16,NBL-1012,339.0,0.0,14,244.0
2024-11-23,NBL-1012,208.0,281.0,14,244.0
2024-11-30,NBL-1012,347.0,0.0,14,244.0
2024-12-07,NBL-1012,224.0,281.0,14,244.0
2024-12-14,NBL-1012,397.0,0.0,14,244.0
2024-12-21,NBL-1012,271.0,0.0,14,244.0
2024-12-28,NBL-1012,436.0,0.0,14,244.0
2025-01-04,NBL-1012,319.0,0.0,14,244.0
2025-01-11,NBL-1012,475.0,0.0,14,244.0
2025-01-18,NBL-1012,328.0,0.0,14,244.0
2025-01-25,NBL-1012,506.0,0.0,14,244.0
2025-02-01,NBL-1012,383.0,0.0,14,244.0
2025-02-08,NBL-1012,277.0,0.0,14,244.0
2025-02-15,NBL-1012,167.0,281.0,14,244.0
2025-02-22,NBL-1012,324.0,0.0,14,244.0
2025-03-01,NBL-1012,209.0,281.0,14,244.0
2025-03-08,NBL-1012,356.0,0.0,14,244.0
2025-03-15,NBL-1012,211.0,281.0,14,244.0
2025-03-22,NBL-1012,339.0,0.0,14,244.0
2025-03-29,NBL-1012,230.0,281.0,14,244.0
2025-04-05,NBL-1012,388.0,0.0,14,244.0
2025-04-12,NBL-1012,270.0,0.0,14,244.0
2025-04-19,NBL-1012,425.0,0.0,14,244.0
2025-04-26,NBL-1012,279.0,0.0,14,244.0
2025-05-03,NBL-1012,413.0,0.0,14,244.0
2025-05-10,NBL-1012,297.0,0.0,14,244.0
2025-05-17,NBL-1012,446.0,0.0,14,244.0
2025-05-24,NBL-1012,307.0,0.0,14,244.0
2025-05-31,NBL-1012,453.0,0.0,14,244.0
2025-06-07,NBL-1012,312.0,0.0,14,244.0
2025-06-14,NBL-1012,477.0,0.0,14,244.0
2025-06-21,NBL-1012,313.0,0.0,14,244.0
2025-06-28,NBL-1012,462.0,0.0,14,244.0
2025-07-05,NBL-1012,290.0,0.0,14,244.0
2025-07-12,NBL-1012,415.0,0.0,14,244.0
2025-07-19,NBL-1012,259.0,0.0,14,244.0
2025-07-26,NBL-1012,375.0,0.0,14,244.0
2025-08-02,NBL-1012,230.0,281.0,14,244.0
2025-08-09,NBL-1012,375.0,0.0,14,244.0
2025-08-16,NBL-1012,258.0,0.0,14,244.0
2025-08-23,NBL-1012,397.0,0.0,14,244.0
2025-08-30,NBL-1012,285.0,0.0,14,244.0
2025-09-06,NBL-1012,425.0,0.0,14,244.0
2025-09-13,NBL-1012,283.0,0.0,14,244.0
2025-09-20,NBL-1012,425.0,0.0,14,244.0
2025-09-27,NBL-1012,311.0,0.0,14,244.0
2025-10-04,NBL-1012,459.0,0.0,14,244.0
2025-10-11,NBL-1012,321.0,0.0,14,244.0
2025-10-18,NBL-1012,475.0,0.0,14,244.0
2025-10-25,NBL-1012,355.0,0.0,14,244.0
2025-11-01,NBL-1012,499.0,0.0,14,244.0
2025-11-08,NBL-1012,355.0,0.0,14,244.0
2025-11-15,NBL-1012,491.0,0.0,14,244.0
2025-11-22,NBL-1012,371.0,0.0,14,244.0
2025-11-29,NBL-1012,254.0,0.0,14,244.0
2025-12-06,NBL-1012,148.0,281.0,14,244.0
2025-12-13,NBL-1012,309.0,0.0,14,244.0
2025-12-20,NBL-1012,200.0,281.0,14,244.0
2025-12-27,NBL-1012,360.0,0.0,14,244.0
2026-01-03,NBL-1012,234.0,281.0,14,244.0
2026-01-10,NBL-1012,401.0,0.0,14,244.0
2026-01-17,NBL-1012,286.0,0.0,14,244.0
2026-01-24,NBL-1012,452.0,0.0,14,244.0
2026-01-31,NBL-1012,333.0,0.0,14,244.0
2026-02-07,NBL-1012,483.0,0.0,14,244.0
2026-02-14,NBL-1012,375.0,0.0,14,244.0
2026-02-21,NBL-1012,262.0,0.0,14,244.0
2026-02-28,NBL-1012,140.0,281.0,14,244.0
2026-03-07,NBL-1012,292.0,0.0,14,244.0
2026-03-14,NBL-1012,153.0,281.0,14,244.0
2026-03-21,NBL-1012,298.0,0.0,14,244.0
2026-03-28,NBL-1012,173.0,281.0,14,244.0
2026-04-04,NBL-1012,329.0,0.0,14,244.0
2026-04-11,NBL-1012,193.0,281.0,14,244.0
2026-04-18,NBL-1012,350.0,0.0,14,244.0
2026-04-25,NBL-1012,233.0,281.0,14,244.0
2026-05-02,NBL-1012,392.0,0.0,14,244.0
2026-05-09,NBL-1012,265.0,0.0,14,244.0
2026-05-16,NBL-1012,405.0,0.0,14,244.0
2026-05-23,NBL-1012,249.0,0.0,14,244.0
2026-05-30,NBL-1012,370.0,0.0,14,244.0
2026-06-06,NBL-1012,229.0,281.0,14,244.0
2026-06-13,NBL-1012,377.0,0.0,14,244.0
2026-06-20,NBL-1012,244.0,281.0,14,244.0
2026-06-27,NBL-1012,391.0,0.0,14,244.0
2026-07-04,NBL-1012,258.0,0.0,14,244.0
2026-07-11,NBL-1012,408.0,0.0,14,244.0
2024-07-13,NBL-1013,161.0,0.0,10,78.0
2024-07-20,NBL-1013,92.0,0.0,10,78.0
2024-07-27,NBL-1013,109.0,0.0,10,78.0
2024-08-03,NBL-1013,119.0,0.0,10,78.0
2024-08-10,NBL-1013,34.0,90.0,10,78.0
2024-08-17,NBL-1013,49.0,90.0,10,78.0
2024-08-24,NBL-1013,79.0,0.0,10,78.0
2024-08-31,NBL-1013,5.0,90.0,10,78.0
2024-09-07,NBL-1013,41.0,90.0,10,78.0
2024-09-14,NBL-1013,80.0,0.0,10,78.0
2024-09-21,NBL-1013,105.0,0.0,10,78.0
2024-09-28,NBL-1013,59.0,90.0,10,78.0
2024-10-05,NBL-1013,99.0,0.0,10,78.0
2024-10-12,NBL-1013,137.0,0.0,10,78.0
2024-10-19,NBL-1013,87.0,0.0,10,78.0
2024-10-26,NBL-1013,98.0,0.0,10,78.0
2024-11-02,NBL-1013,139.0,0.0,10,78.0
2024-11-09,NBL-1013,78.0,0.0,10,78.0
2024-11-16,NBL-1013,118.0,0.0,10,78.0
2024-11-23,NBL-1013,81.0,0.0,10,78.0
2024-11-30,NBL-1013,118.0,0.0,10,78.0
2024-12-07,NBL-1013,69.0,90.0,10,78.0
2024-12-14,NBL-1013,112.0,0.0,10,78.0
2024-12-21,NBL-1013,153.0,0.0,10,78.0
2024-12-28,NBL-1013,112.0,0.0,10,78.0
2025-01-04,NBL-1013,73.0,90.0,10,78.0
2025-01-11,NBL-1013,121.0,0.0,10,78.0
2025-01-18,NBL-1013,73.0,90.0,10,78.0
2025-01-25,NBL-1013,111.0,0.0,10,78.0
2025-02-01,NBL-1013,76.0,90.0,10,78.0
2025-02-08,NBL-1013,136.0,0.0,10,78.0
2025-02-15,NBL-1013,80.0,0.0,10,78.0
2025-02-22,NBL-1013,131.0,0.0,10,78.0
2025-03-01,NBL-1013,84.0,0.0,10,78.0
2025-03-08,NBL-1013,30.0,90.0,10,78.0
2025-03-15,NBL-1013,74.0,90.0,10,78.0
2025-03-22,NBL-1013,112.0,0.0,10,78.0
2025-03-29,NBL-1013,52.0,90.0,10,78.0
2025-04-05,NBL-1013,78.0,,10,78.0
2025-04-12,NBL-1013,118.0,0.0,10,78.0
2025-04-19,NBL-1013,82.0,0.0,10,78.0
2025-04-26,NBL-1013,38.0,90.0,10,78.0
2025-05-03,NBL-1013,74.0,90.0,10,78.0
2025-05-10,NBL-1013,117.0,0.0,10,78.0
2025-05-17,NBL-1013,62.0,90.0,10,78.0
2025-05-24,NBL-1013,102.0,0.0,10,78.0
2025-05-31,NBL-1013,130.0,0.0,10,78.0
2025-06-07,NBL-1013,82.0,0.0,10,78.0
2025-06-14,NBL-1013,119.0,0.0,10,78.0
2025-06-21,NBL-1013,133.0,0.0,10,78.0
2025-06-28,NBL-1013,156.0,0.0,10,78.0
2025-07-05,NBL-1013,95.0,0.0,10,78.0
2025-07-12,NBL-1013,115.0,0.0,10,78.0
2025-07-19,NBL-1013,158.0,0.0,10,78.0
2025-07-26,NBL-1013,113.0,0.0,10,78.0
2025-08-02,NBL-1013,42.0,90.0,10,78.0
2025-08-09,NBL-1013,92.0,0.0,10,78.0
2025-08-16,NBL-1013,41.0,90.0,10,78.0
2025-08-23,NBL-1013,82.0,0.0,10,78.0
2025-08-30,NBL-1013,109.0,0.0,10,78.0
2025-09-06,NBL-1013,159.0,0.0,10,78.0
2025-09-13,NBL-1013,117.0,0.0,10,78.0
2025-09-20,NBL-1013,83.0,0.0,10,78.0
2025-09-27,NBL-1013,115.0,0.0,10,78.0
2025-10-04,NBL-1013,69.0,90.0,10,78.0
2025-10-11,NBL-1013,113.0,0.0,10,78.0
2025-10-18,NBL-1013,75.0,90.0,10,78.0
2025-10-25,NBL-1013,42.0,90.0,10,78.0
2025-11-01,NBL-1013,85.0,0.0,10,78.0
2025-11-08,NBL-1013,129.0,0.0,10,78.0
2025-11-15,NBL-1013,95.0,0.0,10,78.0
2025-11-22,NBL-1013,58.0,90.0,10,78.0
2025-11-29,NBL-1013,107.0,0.0,10,78.0
2025-12-06,NBL-1013,153.0,0.0,10,78.0
2025-12-13,NBL-1013,120.0,0.0,10,78.0
2025-12-20,NBL-1013,92.0,0.0,10,78.0
2025-12-27,NBL-1013,148.0,0.0,10,78.0
2026-01-03,NBL-1013,120.0,0.0,10,78.0
2026-01-10,NBL-1013,87.0,0.0,10,78.0
2026-01-17,NBL-1013,148.0,0.0,10,78.0
2026-01-24,NBL-1013,103.0,0.0,10,78.0
2026-01-31,NBL-1013,64.0,,10,78.0
2026-02-07,NBL-1013,121.0,0.0,10,78.0
2026-02-14,NBL-1013,86.0,0.0,10,78.0
2026-02-21,NBL-1013,46.0,90.0,10,78.0
2026-02-28,NBL-1013,100.0,0.0,10,78.0
2026-03-07,NBL-1013,148.0,0.0,10,78.0
2026-03-14,NBL-1013,118.0,0.0,10,78.0
2026-03-21,NBL-1013,93.0,0.0,10,78.0
2026-03-28,NBL-1013,135.0,0.0,10,78.0
2026-04-04,NBL-1013,105.0,0.0,10,78.0
2026-04-11,NBL-1013,61.0,90.0,10,78.0
2026-04-18,NBL-1013,112.0,0.0,10,78.0
2026-04-25,NBL-1013,143.0,0.0,10,78.0
2026-05-02,NBL-1013,102.0,0.0,10,78.0
2026-05-09,NBL-1013,46.0,90.0,10,78.0
2026-05-16,NBL-1013,90.0,0.0,10,78.0
2026-05-23,NBL-1013,33.0,90.0,10,78.0
2026-05-30,NBL-1013,80.0,0.0,10,78.0
2026-06-06,NBL-1013,115.0,0.0,10,78.0
2026-06-13,NBL-1013,158.0,0.0,10,78.0
2026-06-20,NBL-1013,117.0,0.0,10,78.0
2026-06-27,NBL-1013,60.0,90.0,10,78.0
2026-07-04,NBL-1013,103.0,0.0,10,78.0
2026-07-11,NBL-1013,46.0,90.0,10,78.0
2024-07-13,NBL-1014,561.0,0.0,21,431.0
2024-07-20,NBL-1014,348.0,497.0,21,431.0
2024-07-27,NBL-1014,165.0,497.0,21,431.0
2024-08-03,NBL-1014,497.0,0.0,21,431.0
2024-08-10,NBL-1014,287.0,497.0,21,431.0
2024-08-17,NBL-1014,64.0,497.0,21,431.0
2024-08-24,NBL-1014,497.0,0.0,21,431.0
2024-08-31,NBL-1014,280.0,497.0,21,431.0
2024-09-07,NBL-1014,112.0,497.0,21,431.0
2024-09-14,NBL-1014,497.0,0.0,21,431.0
2024-09-21,NBL-1014,339.0,497.0,21,431.0
2024-09-28,NBL-1014,176.0,497.0,21,431.0
2024-10-05,NBL-1014,544.0,0.0,21,431.0
2024-10-12,NBL-1014,362.0,497.0,21,431.0
2024-10-19,NBL-1014,151.0,497.0,21,431.0
2024-10-26,NBL-1014,528.0,0.0,21,431.0
2024-11-02,NBL-1014,342.0,497.0,21,431.0
2024-11-09,NBL-1014,186.0,497.0,21,431.0
2024-11-16,NBL-1014,525.0,0.0,21,431.0
2024-11-23,NBL-1014,395.0,497.0,21,431.0
2024-11-30,NBL-1014,259.0,497.0,21,431.0
2024-12-07,NBL-1014,646.0,0.0,21,431.0
2024-12-14,NBL-1014,527.0,0.0,21,431.0
2024-12-21,NBL-1014,398.0,497.0,21,431.0
2024-12-28,NBL-1014,767.0,0.0,21,431.0
2025-01-04,NBL-1014,657.0,0.0,21,431.0
2025-01-11,NBL-1014,551.0,0.0,21,431.0
2025-01-18,NBL-1014,914.0,0.0,21,431.0
2025-01-25,NBL-1014,823.0,0.0,21,431.0
2025-02-01,NBL-1014,669.0,0.0,21,431.0
2025-02-08,NBL-1014,555.0,0.0,21,431.0
2025-02-15,NBL-1014,442.0,0.0,21,431.0
2025-02-22,NBL-1014,310.0,497.0,21,431.0
2025-03-01,NBL-1014,655.0,0.0,21,431.0
2025-03-08,NBL-1014,519.0,0.0,21,431.0
2025-03-15,NBL-1014,385.0,497.0,21,431.0
2025-03-22,NBL-1014,728.0,0.0,21,431.0
2025-03-29,NBL-1014,585.0,0.0,21,431.0
2025-04-05,NBL-1014,417.0,497.0,21,431.0
2025-04-12,NBL-1014,785.0,0.0,21,431.0
2025-04-19,NBL-1014,642.0,0.0,21,431.0
2025-04-26,NBL-1014,515.0,0.0,21,431.0
2025-05-03,NBL-1014,832.0,0.0,21,431.0
2025-05-10,NBL-1014,662.0,0.0,21,431.0
2025-05-17,NBL-1014,467.0,0.0,21,431.0
2025-05-24,NBL-1014,763.0,0.0,21,431.0
2025-05-31,NBL-1014,593.0,0.0,21,431.0
2025-06-07,NBL-1014,389.0,497.0,21,431.0
2025-06-14,NBL-1014,679.0,0.0,21,431.0
2025-06-21,NBL-1014,451.0,0.0,21,431.0
2025-06-28,NBL-1014,216.0,497.0,21,431.0
2025-07-05,NBL-1014,497.0,0.0,21,431.0
2025-07-12,NBL-1014,314.0,497.0,21,431.0
2025-07-19,NBL-1014,128.0,497.0,21,431.0
2025-07-26,NBL-1014,497.0,0.0,21,431.0
2025-08-02,NBL-1014,291.0,497.0,21,431.0
2025-08-09,NBL-1014,93.0,497.0,21,431.0
2025-08-16,NBL-1014,497.0,0.0,21,431.0
2025-08-23,NBL-1014,300.0,497.0,21,431.0
2025-08-30,NBL-1014,144.0,497.0,21,431.0
2025-09-06,NBL-1014,497.0,0.0,21,431.0
2025-09-13,NBL-1014,335.0,497.0,21,431.0
2025-09-20,NBL-1014,156.0,497.0,21,431.0
2025-09-27,NBL-1014,497.0,0.0,21,431.0
2025-10-04,NBL-1014,349.0,497.0,21,431.0
2025-10-11,NBL-1014,157.0,497.0,21,431.0
2025-10-18,NBL-1014,515.0,0.0,21,431.0
2025-10-25,NBL-1014,401.0,497.0,21,431.0
2025-11-01,NBL-1014,244.0,497.0,21,431.0
2025-11-08,NBL-1014,587.0,0.0,21,431.0
2025-11-15,NBL-1014,421.0,497.0,21,431.0
2025-11-22,NBL-1014,295.0,497.0,21,431.0
2025-11-29,NBL-1014,656.0,0.0,21,431.0
2025-12-06,NBL-1014,511.0,0.0,21,431.0
2025-12-13,NBL-1014,349.0,497.0,21,431.0
2025-12-20,NBL-1014,701.0,0.0,21,431.0
2025-12-27,NBL-1014,566.0,0.0,21,431.0
2026-01-03,NBL-1014,462.0,0.0,21,431.0
2026-01-10,NBL-1014,852.0,0.0,21,431.0
2026-01-17,NBL-1014,723.0,0.0,21,431.0
2026-01-24,NBL-1014,605.0,0.0,21,431.0
2026-01-31,NBL-1014,448.0,0.0,21,431.0
2026-02-07,NBL-1014,351.0,497.0,21,431.0
2026-02-14,NBL-1014,230.0,497.0,21,431.0
2026-02-21,NBL-1014,600.0,0.0,21,431.0
2026-02-28,NBL-1014,484.0,0.0,21,431.0
2026-03-07,NBL-1014,359.0,497.0,21,431.0
2026-03-14,NBL-1014,725.0,0.0,21,431.0
2026-03-21,NBL-1014,608.0,0.0,21,431.0
2026-03-28,NBL-1014,452.0,0.0,21,431.0
2026-04-04,NBL-1014,773.0,0.0,21,431.0
2026-04-11,NBL-1014,646.0,0.0,21,431.0
2026-04-18,NBL-1014,491.0,0.0,21,431.0
2026-04-25,NBL-1014,860.0,0.0,21,431.0
2026-05-02,NBL-1014,743.0,0.0,21,431.0
2026-05-09,NBL-1014,566.0,0.0,21,431.0
2026-05-16,NBL-1014,919.0,0.0,21,431.0
2026-05-23,NBL-1014,699.0,0.0,21,431.0
2026-05-30,NBL-1014,486.0,0.0,21,431.0
2026-06-06,NBL-1014,803.0,0.0,21,431.0
2026-06-13,NBL-1014,622.0,0.0,21,431.0
2026-06-20,NBL-1014,459.0,0.0,21,431.0
2026-06-27,NBL-1014,767.0,0.0,21,431.0
2026-07-04,NBL-1014,556.0,0.0,21,431.0
2026-07-11,NBL-1014,342.0,497.0,21,431.0
2024-07-13,NBL-1015,234.0,0.0,7,61.0
2024-07-20,NBL-1015,150.0,0.0,7,61.0
2024-07-27,NBL-1015,74.0,,7,61.0
2024-08-03,NBL-1015,71.0,0.0,7,61.0
2024-08-10,NBL-1015,71.0,0.0,7,61.0
2024-08-17,NBL-1015,71.0,0.0,7,61.0
2024-08-24,NBL-1015,71.0,0.0,7,61.0
2024-08-31,NBL-1015,71.0,0.0,7,61.0
2024-09-07,NBL-1015,71.0,0.0,7,61.0
2024-09-14,NBL-1015,71.0,0.0,7,61.0
2024-09-21,NBL-1015,83.0,0.0,7,61.0
2024-09-28,NBL-1015,85.0,0.0,7,61.0
2024-10-05,NBL-1015,74.0,0.0,7,61.0
2024-10-12,NBL-1015,83.0,0.0,7,61.0
2024-10-19,NBL-1015,84.0,0.0,7,61.0
2024-10-26,NBL-1015,96.0,0.0,7,61.0
2024-11-02,NBL-1015,112.0,0.0,7,61.0
2024-11-09,NBL-1015,129.0,0.0,7,61.0
2024-11-16,NBL-1015,66.0,0.0,7,61.0
2024-11-23,NBL-1015,78.0,0.0,7,61.0
2024-11-30,NBL-1015,102.0,0.0,7,61.0
2024-12-07,NBL-1015,131.0,0.0,7,61.0
2024-12-14,NBL-1015,65.0,0.0,7,61.0
2024-12-21,NBL-1015,71.0,0.0,7,61.0
2024-12-28,NBL-1015,80.0,0.0,7,61.0
2025-01-04,NBL-1015,89.0,0.0,7,61.0
2025-01-11,NBL-1015,103.0,0.0,7,61.0
2025-01-18,NBL-1015,119.0,0.0,7,61.0
2025-01-25,NBL-1015,71.0,0.0,7,61.0
2025-02-01,NBL-1015,71.0,,7,61.0
2025-02-08,NBL-1015,88.0,0.0,7,61.0
2025-02-15,NBL-1015,107.0,0.0,7,61.0
2025-02-22,NBL-1015,108.0,0.0,7,61.0
2025-03-01,NBL-1015,115.0,0.0,7,61.0
2025-03-08,NBL-1015,107.0,0.0,7,61.0
2025-03-15,NBL-1015,108.0,0.0,7,61.0
2025-03-22,NBL-1015,104.0,0.0,7,61.0
2025-03-29,NBL-1015,97.0,0.0,7,61.0
2025-04-05,NBL-1015,81.0,0.0,7,61.0
2025-04-12,NBL-1015,71.0,0.0,7,61.0
2025-04-19,NBL-1015,71.0,0.0,7,61.0
2025-04-26,NBL-1015,71.0,0.0,7,61.0
2025-05-03,NBL-1015,78.0,0.0,7,61.0
2025-05-10,NBL-1015,71.0,0.0,7,61.0
2025-05-17,NBL-1015,71.0,0.0,7,61.0
2025-05-24,NBL-1015,71.0,0.0,7,61.0
2025-05-31,NBL-1015,71.0,0.0,7,61.0
2025-06-07,NBL-1015,71.0,0.0,7,61.0
2025-06-14,NBL-1015,71.0,0.0,7,61.0
2025-06-21,NBL-1015,71.0,0.0,7,61.0
2025-06-28,NBL-1015,71.0,0.0,7,61.0
2025-07-05,NBL-1015,71.0,0.0,7,61.0
2025-07-12,NBL-1015,71.0,0.0,7,61.0
2025-07-19,NBL-1015,71.0,0.0,7,61.0
2025-07-26,NBL-1015,71.0,0.0,7,61.0
2025-08-02,NBL-1015,71.0,0.0,7,61.0
2025-08-09,NBL-1015,71.0,0.0,7,61.0
2025-08-16,NBL-1015,71.0,0.0,7,61.0
2025-08-23,NBL-1015,71.0,0.0,7,61.0
2025-08-30,NBL-1015,71.0,0.0,7,61.0
2025-09-06,NBL-1015,71.0,0.0,7,61.0
2025-09-13,NBL-1015,71.0,0.0,7,61.0
2025-09-20,NBL-1015,71.0,0.0,7,61.0
2025-09-27,NBL-1015,71.0,0.0,7,61.0
2025-10-04,NBL-1015,71.0,0.0,7,61.0
2025-10-11,NBL-1015,71.0,0.0,7,61.0
2025-10-18,NBL-1015,71.0,0.0,7,61.0
2025-10-25,NBL-1015,71.0,0.0,7,61.0
2025-11-01,NBL-1015,71.0,0.0,7,61.0
2025-11-08,NBL-1015,74.0,0.0,7,61.0
2025-11-15,NBL-1015,74.0,0.0,7,61.0
2025-11-22,NBL-1015,71.0,0.0,7,61.0
2025-11-29,NBL-1015,71.0,0.0,7,61.0
2025-12-06,NBL-1015,71.0,0.0,7,61.0
2025-12-13,NBL-1015,86.0,0.0,7,61.0
2025-12-20,NBL-1015,86.0,0.0,7,61.0
2025-12-27,NBL-1015,87.0,0.0,7,61.0
2026-01-03,NBL-1015,82.0,0.0,7,61.0
2026-01-10,NBL-1015,71.0,0.0,7,61.0
2026-01-17,NBL-1015,71.0,0.0,7,61.0
2026-01-24,NBL-1015,76.0,0.0,7,61.0
2026-01-31,NBL-1015,71.0,0.0,7,61.0
2026-02-07,NBL-1015,71.0,0.0,7,61.0
2026-02-14,NBL-1015,71.0,0.0,7,61.0
2026-02-21,NBL-1015,71.0,0.0,7,61.0
2026-02-28,NBL-1015,90.0,0.0,7,61.0
2026-03-07,NBL-1015,71.0,0.0,7,61.0
2026-03-14,NBL-1015,71.0,0.0,7,61.0
2026-03-21,NBL-1015,76.0,0.0,7,61.0
2026-03-28,NBL-1015,80.0,0.0,7,61.0
2026-04-04,NBL-1015,71.0,0.0,7,61.0
2026-04-11,NBL-1015,71.0,0.0,7,61.0
2026-04-18,NBL-1015,71.0,0.0,7,61.0
2026-04-25,NBL-1015,71.0,0.0,7,61.0
2026-05-02,NBL-1015,71.0,0.0,7,61.0
2026-05-09,NBL-1015,71.0,0.0,7,61.0
2026-05-16,NBL-1015,71.0,0.0,7,61.0
2026-05-23,NBL-1015,71.0,0.0,7,61.0
2026-05-30,NBL-1015,71.0,0.0,7,61.0
2026-06-06,NBL-1015,71.0,0.0,7,61.0
2026-06-13,NBL-1015,71.0,0.0,7,61.0
2026-06-20,NBL-1015,71.0,0.0,7,61.0
2026-06-27,NBL-1015,71.0,0.0,7,61.0
2026-07-04,NBL-1015,71.0,0.0,7,61.0
2026-07-11,NBL-1015,71.0,0.0,7,61.0
2024-07-13,NBL-1016,305.0,0.0,7,53.0
2024-07-20,NBL-1016,224.0,0.0,7,53.0
2024-07-27,NBL-1016,155.0,0.0,7,53.0
2024-08-03,NBL-1016,100.0,0.0,7,53.0
2024-08-10,NBL-1016,94.0,0.0,7,53.0
2024-08-17,NBL-1016,99.0,0.0,7,53.0
2024-08-24,NBL-1016,107.0,0.0,7,53.0
2024-08-31,NBL-1016,59.0,0.0,7,53.0
2024-09-07,NBL-1016,61.0,0.0,7,53.0
2024-09-14,NBL-1016,61.0,0.0,7,53.0
2024-09-21,NBL-1016,65.0,0.0,7,53.0
2024-09-28,NBL-1016,82.0,0.0,7,53.0
2024-10-05,NBL-1016,91.0,0.0,7,53.0
2024-10-12,NBL-1016,104.0,0.0,7,53.0
2024-10-19,NBL-1016,106.0,0.0,7,53.0
2024-10-26,NBL-1016,114.0,0.0,7,53.0
2024-11-02,NBL-1016,58.0,0.0,7,53.0
2024-11-09,NBL-1016,65.0,0.0,7,53.0
2024-11-16,NBL-1016,61.0,0.0,7,53.0
2024-11-23,NBL-1016,79.0,0.0,7,53.0
2024-11-30,NBL-1016,87.0,0.0,7,53.0
2024-12-07,NBL-1016,82.0,0.0,7,53.0
2024-12-14,NBL-1016,74.0,0.0,7,53.0
2024-12-21,NBL-1016,86.0,0.0,7,53.0
2024-12-28,NBL-1016,80.0,0.0,7,53.0
2025-01-04,NBL-1016,98.0,0.0,7,53.0
2025-01-11,NBL-1016,58.0,0.0,7,53.0
2025-01-18,NBL-1016,61.0,0.0,7,53.0
2025-01-25,NBL-1016,65.0,0.0,7,53.0
2025-02-01,NBL-1016,61.0,0.0,7,53.0
2025-02-08,NBL-1016,61.0,0.0,7,53.0
2025-02-15,NBL-1016,72.0,0.0,7,53.0
2025-02-22,NBL-1016,62.0,0.0,7,53.0
2025-03-01,NBL-1016,61.0,0.0,7,53.0
2025-03-08,NBL-1016,61.0,0.0,7,53.0
2025-03-15,NBL-1016,67.0,0.0,7,53.0
2025-03-22,NBL-1016,76.0,0.0,7,53.0
2025-03-29,NBL-1016,80.0,0.0,7,53.0
2025-04-05,NBL-1016,98.0,0.0,7,53.0
2025-04-12,NBL-1016,96.0,0.0,7,53.0
2025-04-19,NBL-1016,106.0,0.0,7,53.0
2025-04-26,NBL-1016,94.0,0.0,7,53.0
2025-05-03,NBL-1016,81.0,0.0,7,53.0
2025-05-10,NBL-1016,94.0,0.0,7,53.0
2025-05-17,NBL-1016,92.0,0.0,7,53.0
2025-05-24,NBL-1016,86.0,0.0,7,53.0
2025-05-31,NBL-1016,74.0,0.0,7,53.0
2025-06-07,NBL-1016,63.0,0.0,7,53.0
2025-06-14,NBL-1016,65.0,0.0,7,53.0
2025-06-21,NBL-1016,61.0,0.0,7,53.0
2025-06-28,NBL-1016,61.0,0.0,7,53.0
2025-07-05,NBL-1016,61.0,0.0,7,53.0
2025-07-12,NBL-1016,61.0,0.0,7,53.0
2025-07-19,NBL-1016,61.0,0.0,7,53.0
2025-07-26,NBL-1016,61.0,0.0,7,53.0
2025-08-02,NBL-1016,61.0,0.0,7,53.0
2025-08-09,NBL-1016,61.0,0.0,7,53.0
2025-08-16,NBL-1016,61.0,0.0,7,53.0
2025-08-23,NBL-1016,61.0,0.0,7,53.0
2025-08-30,NBL-1016,61.0,0.0,7,53.0
2025-09-06,NBL-1016,70.0,0.0,7,53.0
2025-09-13,NBL-1016,61.0,0.0,7,53.0
2025-09-20,NBL-1016,61.0,0.0,7,53.0
2025-09-27,NBL-1016,61.0,0.0,7,53.0
2025-10-04,NBL-1016,61.0,0.0,7,53.0
2025-10-11,NBL-1016,61.0,0.0,7,53.0
2025-10-18,NBL-1016,61.0,0.0,7,53.0
2025-10-25,NBL-1016,62.0,0.0,7,53.0
2025-11-01,NBL-1016,61.0,0.0,7,53.0
2025-11-08,NBL-1016,61.0,0.0,7,53.0
2025-11-15,NBL-1016,61.0,0.0,7,53.0
2025-11-22,NBL-1016,61.0,0.0,7,53.0
2025-11-29,NBL-1016,61.0,0.0,7,53.0
2025-12-06,NBL-1016,61.0,0.0,7,53.0
2025-12-13,NBL-1016,61.0,0.0,7,53.0
2025-12-20,NBL-1016,69.0,0.0,7,53.0
2025-12-27,NBL-1016,75.0,0.0,7,53.0
2026-01-03,NBL-1016,83.0,0.0,7,53.0
2026-01-10,NBL-1016,85.0,0.0,7,53.0
2026-01-17,NBL-1016,63.0,0.0,7,53.0
2026-01-24,NBL-1016,64.0,0.0,7,53.0
2026-01-31,NBL-1016,62.0,0.0,7,53.0
2026-02-07,NBL-1016,65.0,0.0,7,53.0
2026-02-14,NBL-1016,71.0,0.0,7,53.0
2026-02-21,NBL-1016,68.0,0.0,7,53.0
2026-02-28,NBL-1016,69.0,0.0,7,53.0
2026-03-07,NBL-1016,61.0,0.0,7,53.0
2026-03-14,NBL-1016,61.0,0.0,7,53.0
2026-03-21,NBL-1016,61.0,0.0,7,53.0
2026-03-28,NBL-1016,61.0,0.0,7,53.0
2026-04-04,NBL-1016,61.0,0.0,7,53.0
2026-04-11,NBL-1016,61.0,0.0,7,53.0
2026-04-18,NBL-1016,61.0,0.0,7,53.0
2026-04-25,NBL-1016,61.0,0.0,7,53.0
2026-05-02,NBL-1016,61.0,0.0,7,53.0
2026-05-09,NBL-1016,61.0,0.0,7,53.0
2026-05-16,NBL-1016,61.0,0.0,7,53.0
2026-05-23,NBL-1016,61.0,0.0,7,53.0
2026-05-30,NBL-1016,61.0,0.0,7,53.0
2026-06-06,NBL-1016,61.0,0.0,7,53.0
2026-06-13,NBL-1016,61.0,0.0,7,53.0
2026-06-20,NBL-1016,61.0,0.0,7,53.0
2026-06-27,NBL-1016,61.0,0.0,7,53.0
2026-07-04,NBL-1016,61.0,0.0,7,53.0
2026-07-11,NBL-1016,61.0,0.0,7,53.0
2024-07-13,NBL-1017,182.0,0.0,14,104.0
2024-07-20,NBL-1017,108.0,0.0,14,104.0
2024-07-27,NBL-1017,167.0,0.0,14,104.0
2024-08-03,NBL-1017,106.0,0.0,14,104.0
2024-08-10,NBL-1017,167.0,0.0,14,104.0
2024-08-17,NBL-1017,85.0,120.0,14,104.0
2024-08-24,NBL-1017,141.0,0.0,14,104.0
2024-08-31,NBL-1017,68.0,120.0,14,104.0
2024-09-07,NBL-1017,120.0,0.0,14,104.0
2024-09-14,NBL-1017,53.0,120.0,14,104.0
2024-09-21,NBL-1017,124.0,0.0,14,104.0
2024-09-28,NBL-1017,57.0,120.0,14,104.0
2024-10-05,NBL-1017,120.0,0.0,14,104.0
2024-10-12,NBL-1017,65.0,120.0,14,104.0
2024-10-19,NBL-1017,123.0,0.0,14,104.0
2024-10-26,NBL-1017,76.0,120.0,14,104.0
2024-11-02,NBL-1017,128.0,0.0,14,104.0
2024-11-09,NBL-1017,66.0,120.0,14,104.0
2024-11-16,NBL-1017,128.0,0.0,14,104.0
2024-11-23,NBL-1017,69.0,120.0,14,104.0
2024-11-30,NBL-1017,120.0,0.0,14,104.0
2024-12-07,NBL-1017,46.0,120.0,14,104.0
2024-12-14,NBL-1017,120.0,0.0,14,104.0
2024-12-21,NBL-1017,76.0,120.0,14,104.0
2024-12-28,NBL-1017,147.0,0.0,14,104.0
2025-01-04,NBL-1017,99.0,120.0,14,104.0
2025-01-11,NBL-1017,184.0,0.0,14,104.0
2025-01-18,NBL-1017,132.0,0.0,14,104.0
2025-01-25,NBL-1017,188.0,0.0,14,104.0
2025-02-01,NBL-1017,115.0,0.0,14,104.0
2025-02-08,NBL-1017,186.0,0.0,14,104.0
2025-02-15,NBL-1017,118.0,0.0,14,104.0
2025-02-22,NBL-1017,164.0,0.0,14,104.0
2025-03-01,NBL-1017,115.0,0.0,14,104.0
2025-03-08,NBL-1017,176.0,0.0,14,104.0
2025-03-15,NBL-1017,115.0,0.0,14,104.0
2025-03-22,NBL-1017,178.0,0.0,14,104.0
2025-03-29,NBL-1017,106.0,0.0,14,104.0
2025-04-05,NBL-1017,147.0,0.0,14,104.0
2025-04-12,NBL-1017,78.0,120.0,14,104.0
2025-04-19,NBL-1017,128.0,0.0,14,104.0
2025-04-26,NBL-1017,55.0,120.0,14,104.0
2025-05-03,NBL-1017,120.0,0.0,14,104.0
2025-05-10,NBL-1017,41.0,120.0,14,104.0
2025-05-17,NBL-1017,120.0,0.0,14,104.0
2025-05-24,NBL-1017,40.0,120.0,14,104.0
2025-05-31,NBL-1017,120.0,0.0,14,104.0
2025-06-07,NBL-1017,32.0,120.0,14,104.0
2025-06-14,NBL-1017,120.0,0.0,14,104.0
2025-06-21,NBL-1017,38.0,120.0,14,104.0
2025-06-28,NBL-1017,120.0,0.0,14,104.0
2025-07-05,NBL-1017,16.0,120.0,14,104.0
2025-07-12,NBL-1017,120.0,0.0,14,104.0
2025-07-19,NBL-1017,45.0,120.0,14,104.0
2025-07-26,NBL-1017,120.0,0.0,14,104.0
2025-08-02,NBL-1017,23.0,120.0,14,104.0
2025-08-09,NBL-1017,120.0,0.0,14,104.0
2025-08-16,NBL-1017,24.0,120.0,14,104.0
2025-08-23,NBL-1017,120.0,0.0,14,104.0
2025-08-30,NBL-1017,30.0,120.0,14,104.0
2025-09-06,NBL-1017,120.0,0.0,14,104.0
2025-09-13,NBL-1017,23.0,120.0,14,104.0
2025-09-20,NBL-1017,120.0,0.0,14,104.0
2025-09-27,NBL-1017,52.0,120.0,14,104.0
2025-10-04,NBL-1017,120.0,0.0,14,104.0
2025-10-11,NBL-1017,33.0,120.0,14,104.0
2025-10-18,NBL-1017,120.0,0.0,14,104.0
2025-10-25,NBL-1017,45.0,120.0,14,104.0
2025-11-01,NBL-1017,120.0,0.0,14,104.0
2025-11-08,NBL-1017,45.0,120.0,14,104.0
2025-11-15,NBL-1017,120.0,0.0,14,104.0
2025-11-22,NBL-1017,31.0,120.0,14,104.0
2025-11-29,NBL-1017,120.0,0.0,14,104.0
2025-12-06,NBL-1017,19.0,120.0,14,104.0
2025-12-13,NBL-1017,120.0,0.0,14,104.0
2025-12-20,NBL-1017,55.0,120.0,14,104.0
2025-12-27,NBL-1017,120.0,0.0,14,104.0
2026-01-03,NBL-1017,36.0,120.0,14,104.0
2026-01-10,NBL-1017,120.0,0.0,14,104.0
2026-01-17,NBL-1017,49.0,120.0,14,104.0
2026-01-24,NBL-1017,120.0,0.0,14,104.0
2026-01-31,NBL-1017,55.0,120.0,14,104.0
2026-02-07,NBL-1017,120.0,0.0,14,104.0
2026-02-14,NBL-1017,56.0,120.0,14,104.0
2026-02-21,NBL-1017,120.0,0.0,14,104.0
2026-02-28,NBL-1017,46.0,120.0,14,104.0
2026-03-07,NBL-1017,120.0,0.0,14,104.0
2026-03-14,NBL-1017,19.0,120.0,14,104.0
2026-03-21,NBL-1017,120.0,0.0,14,104.0
2026-03-28,NBL-1017,58.0,120.0,14,104.0
2026-04-04,NBL-1017,120.0,0.0,14,104.0
2026-04-11,NBL-1017,29.0,120.0,14,104.0
2026-04-18,NBL-1017,120.0,0.0,14,104.0
2026-04-25,NBL-1017,29.0,120.0,14,104.0
2026-05-02,NBL-1017,120.0,0.0,14,104.0
2026-05-09,NBL-1017,0.0,120.0,14,104.0
2026-05-16,NBL-1017,120.0,0.0,14,104.0
2026-05-23,NBL-1017,0.0,120.0,14,104.0
2026-05-30,NBL-1017,120.0,0.0,14,104.0
2026-06-06,NBL-1017,5.0,120.0,14,104.0
2026-06-13,NBL-1017,120.0,0.0,14,104.0
2026-06-20,NBL-1017,9.0,120.0,14,104.0
2026-06-27,NBL-1017,120.0,0.0,14,104.0
2026-07-04,NBL-1017,0.0,120.0,14,104.0
2026-07-11,NBL-1017,120.0,0.0,14,104.0
2024-07-13,NBL-1018,1201.0,0.0,21,975.0
2024-07-20,NBL-1018,667.0,1125.0,21,975.0
2024-07-27,NBL-1018,219.0,1125.0,21,975.0
2024-08-03,NBL-1018,1125.0,0.0,21,975.0
2024-08-10,NBL-1018,669.0,1125.0,21,975.0
2024-08-17,NBL-1018,244.0,1125.0,21,975.0
2024-08-24,NBL-1018,1125.0,0.0,21,975.0
2024-08-31,NBL-1018,664.0,1125.0,21,975.0
2024-09-07,NBL-1018,232.0,1125.0,21,975.0
2024-09-14,NBL-1018,1125.0,0.0,21,975.0
2024-09-21,NBL-1018,708.0,1125.0,21,975.0
2024-09-28,NBL-1018,216.0,1125.0,21,975.0
2024-10-05,NBL-1018,1125.0,0.0,21,975.0
2024-10-12,NBL-1018,665.0,1125.0,21,975.0
2024-10-19,NBL-1018,438.0,1125.0,21,975.0
2024-10-26,NBL-1018,1213.0,0.0,21,975.0
2024-11-02,NBL-1018,722.0,1125.0,21,975.0
2024-11-09,NBL-1018,399.0,1125.0,21,975.0
2024-11-16,NBL-1018,1283.0,0.0,21,975.0
2024-11-23,NBL-1018,956.0,1125.0,21,975.0
2024-11-30,NBL-1018,696.0,1125.0,21,975.0
2024-12-07,NBL-1018,1555.0,0.0,21,975.0
2024-12-14,NBL-1018,1236.0,0.0,21,975.0
2024-12-21,NBL-1018,998.0,0.0,21,975.0
2024-12-28,NBL-1018,1911.0,0.0,21,975.0
2025-01-04,NBL-1018,1679.0,,21,975.0
2025-01-11,NBL-1018,1480.0,0.0,21,975.0
2025-01-18,NBL-1018,1258.0,0.0,21,975.0
2025-01-25,NBL-1018,997.0,0.0,21,975.0
2025-02-01,NBL-1018,755.0,1125.0,21,975.0
2025-02-08,NBL-1018,1629.0,0.0,21,975.0
2025-02-15,NBL-1018,1393.0,0.0,21,975.0
2025-02-22,NBL-1018,1122.0,0.0,21,975.0
2025-03-01,NBL-1018,1942.0,0.0,21,975.0
2025-03-08,NBL-1018,1629.0,0.0,21,975.0
2025-03-15,NBL-1018,1370.0,0.0,21,975.0
2025-03-22,NBL-1018,1046.0,0.0,21,975.0
2025-03-29,NBL-1018,773.0,1125.0,21,975.0
2025-04-05,NBL-1018,407.0,1125.0,21,975.0
2025-04-12,NBL-1018,1125.0,0.0,21,975.0
2025-04-19,NBL-1018,749.0,1125.0,21,975.0
2025-04-26,NBL-1018,335.0,1125.0,21,975.0
2025-05-03,NBL-1018,1125.0,0.0,21,975.0
2025-05-10,NBL-1018,651.0,1125.0,21,975.0
2025-05-17,NBL-1018,296.0,1125.0,21,975.0
2025-05-24,NBL-1018,1125.0,0.0,21,975.0
2025-05-31,NBL-1018,721.0,1125.0,21,975.0
2025-06-07,NBL-1018,330.0,1125.0,21,975.0
2025-06-14,NBL-1018,1125.0,0.0,21,975.0
2025-06-21,NBL-1018,666.0,1125.0,21,975.0
2025-06-28,NBL-1018,237.0,1125.0,21,975.0
2025-07-05,NBL-1018,1125.0,0.0,21,975.0
2025-07-12,NBL-1018,636.0,1125.0,21,975.0
2025-07-19,NBL-1018,211.0,1125.0,21,975.0
2025-07-26,NBL-1018,1125.0,0.0,21,975.0
2025-08-02,NBL-1018,657.0,1125.0,21,975.0
2025-08-09,NBL-1018,216.0,1125.0,21,975.0
2025-08-16,NBL-1018,1125.0,0.0,21,975.0
2025-08-23,NBL-1018,730.0,1125.0,21,975.0
2025-08-30,NBL-1018,310.0,1125.0,21,975.0
2025-09-06,NBL-1018,1125.0,0.0,21,975.0
2025-09-13,NBL-1018,702.0,1125.0,21,975.0
2025-09-20,NBL-1018,337.0,1125.0,21,975.0
2025-09-27,NBL-1018,1125.0,0.0,21,975.0
2025-10-04,NBL-1018,672.0,1125.0,21,975.0
2025-10-11,NBL-1018,276.0,1125.0,21,975.0
2025-10-18,NBL-1018,1125.0,0.0,21,975.0
2025-10-25,NBL-1018,759.0,1125.0,21,975.0
2025-11-01,NBL-1018,549.0,1125.0,21,975.0
2025-11-08,NBL-1018,1378.0,0.0,21,975.0
2025-11-15,NBL-1018,1112.0,0.0,21,975.0
2025-11-22,NBL-1018,822.0,1125.0,21,975.0
2025-11-29,NBL-1018,1706.0,0.0,21,975.0
2025-12-06,NBL-1018,1397.0,0.0,21,975.0
2025-12-13,NBL-1018,1110.0,0.0,21,975.0
2025-12-20,NBL-1018,1976.0,0.0,21,975.0
2025-12-27,NBL-1018,1772.0,0.0,21,975.0
2026-01-03,NBL-1018,1528.0,0.0,21,975.0
2026-01-10,NBL-1018,1324.0,0.0,21,975.0
2026-01-17,NBL-1018,1071.0,0.0,21,975.0
2026-01-24,NBL-1018,861.0,1125.0,21,975.0
2026-01-31,NBL-1018,1751.0,0.0,21,975.0
2026-02-07,NBL-1018,1534.0,0.0,21,975.0
2026-02-14,NBL-1018,1271.0,0.0,21,975.0
2026-02-21,NBL-1018,986.0,0.0,21,975.0
2026-02-28,NBL-1018,778.0,1125.0,21,975.0
2026-03-07,NBL-1018,524.0,1125.0,21,975.0
2026-03-14,NBL-1018,1389.0,0.0,21,975.0
2026-03-21,NBL-1018,1161.0,0.0,21,975.0
2026-03-28,NBL-1018,896.0,1125.0,21,975.0
2026-04-04,NBL-1018,1719.0,0.0,21,975.0
2026-04-11,NBL-1018,1446.0,0.0,21,975.0
2026-04-18,NBL-1018,1181.0,0.0,21,975.0
2026-04-25,NBL-1018,1974.0,0.0,21,975.0
2026-05-02,NBL-1018,1543.0,0.0,21,975.0
2026-05-09,NBL-1018,1112.0,0.0,21,975.0
2026-05-16,NBL-1018,1909.0,0.0,21,975.0
2026-05-23,NBL-1018,1484.0,,21,975.0
2026-05-30,NBL-1018,1105.0,0.0,21,975.0
2026-06-06,NBL-1018,1907.0,0.0,21,975.0
2026-06-13,NBL-1018,1586.0,0.0,21,975.0
2026-06-20,NBL-1018,1227.0,0.0,21,975.0
2026-06-27,NBL-1018,1923.0,0.0,21,975.0
2026-07-04,NBL-1018,1539.0,0.0,21,975.0
2026-07-11,NBL-1018,1179.0,0.0,21,975.0
2024-07-13,NBL-1019,291.0,0.0,14,131.0
2024-07-20,NBL-1019,205.0,0.0,14,131.0
2024-07-27,NBL-1019,270.0,0.0,14,131.0
2024-08-03,NBL-1019,191.0,0.0,14,131.0
2024-08-10,NBL-1019,228.0,0.0,14,131.0
2024-08-17,NBL-1019,135.0,0.0,14,131.0
2024-08-24,NBL-1019,193.0,0.0,14,131.0
2024-08-31,NBL-1019,115.0,151.0,14,131.0
2024-09-07,NBL-1019,175.0,0.0,14,131.0
2024-09-14,NBL-1019,74.0,151.0,14,131.0
2024-09-21,NBL-1019,151.0,0.0,14,131.0
2024-09-28,NBL-1019,77.0,151.0,14,131.0
2024-10-05,NBL-1019,151.0,0.0,14,131.0
2024-10-12,NBL-1019,81.0,151.0,14,131.0
2024-10-19,NBL-1019,161.0,0.0,14,131.0
2024-10-26,NBL-1019,101.0,151.0,14,131.0
2024-11-02,NBL-1019,201.0,0.0,14,131.0
2024-11-09,NBL-1019,133.0,0.0,14,131.0
2024-11-16,NBL-1019,203.0,0.0,14,131.0
2024-11-23,NBL-1019,161.0,0.0,14,131.0
2024-11-30,NBL-1019,265.0,0.0,14,131.0
2024-12-07,NBL-1019,220.0,0.0,14,131.0
2024-12-14,NBL-1019,161.0,0.0,14,131.0
2024-12-21,NBL-1019,111.0,151.0,14,131.0
2024-12-28,NBL-1019,223.0,0.0,14,131.0
2025-01-04,NBL-1019,173.0,0.0,14,131.0
2025-01-11,NBL-1019,275.0,0.0,14,131.0
2025-01-18,NBL-1019,216.0,0.0,14,131.0
2025-01-25,NBL-1019,176.0,0.0,14,131.0
2025-02-01,NBL-1019,118.0,151.0,14,131.0
2025-02-08,NBL-1019,228.0,0.0,14,131.0
2025-02-15,NBL-1019,179.0,0.0,14,131.0
2025-02-22,NBL-1019,136.0,0.0,14,131.0
2025-03-01,NBL-1019,74.0,151.0,14,131.0
2025-03-08,NBL-1019,173.0,0.0,14,131.0
2025-03-15,NBL-1019,133.0,0.0,14,131.0
2025-03-22,NBL-1019,217.0,0.0,14,131.0
2025-03-29,NBL-1019,157.0,0.0,14,131.0
2025-04-05,NBL-1019,232.0,0.0,14,131.0
2025-04-12,NBL-1019,156.0,0.0,14,131.0
2025-04-19,NBL-1019,217.0,0.0,14,131.0
2025-04-26,NBL-1019,131.0,151.0,14,131.0
2025-05-03,NBL-1019,197.0,0.0,14,131.0
2025-05-10,NBL-1019,105.0,151.0,14,131.0
2025-05-17,NBL-1019,184.0,0.0,14,131.0
2025-05-24,NBL-1019,101.0,,14,131.0
2025-05-31,NBL-1019,172.0,0.0,14,131.0
2025-06-07,NBL-1019,96.0,151.0,14,131.0
2025-06-14,NBL-1019,177.0,0.0,14,131.0
2025-06-21,NBL-1019,79.0,151.0,14,131.0
2025-06-28,NBL-1019,151.0,0.0,14,131.0
2025-07-05,NBL-1019,75.0,151.0,14,131.0
2025-07-12,NBL-1019,151.0,0.0,14,131.0
2025-07-19,NBL-1019,65.0,151.0,14,131.0
2025-07-26,NBL-1019,151.0,0.0,14,131.0
2025-08-02,NBL-1019,77.0,151.0,14,131.0
2025-08-09,NBL-1019,151.0,0.0,14,131.0
2025-08-16,NBL-1019,50.0,151.0,14,131.0
2025-08-23,NBL-1019,151.0,0.0,14,131.0
2025-08-30,NBL-1019,68.0,151.0,14,131.0
2025-09-06,NBL-1019,151.0,0.0,14,131.0
2025-09-13,NBL-1019,72.0,151.0,14,131.0
2025-09-20,NBL-1019,151.0,0.0,14,131.0
2025-09-27,NBL-1019,34.0,151.0,14,131.0
2025-10-04,NBL-1019,151.0,0.0,14,131.0
2025-10-11,NBL-1019,99.0,151.0,14,131.0
2025-10-18,NBL-1019,179.0,0.0,14,131.0
2025-10-25,NBL-1019,128.0,151.0,14,131.0
2025-11-01,NBL-1019,233.0,0.0,14,131.0
2025-11-08,NBL-1019,159.0,0.0,14,131.0
2025-11-15,NBL-1019,259.0,0.0,14,131.0
2025-11-22,NBL-1019,218.0,0.0,14,131.0
2025-11-29,NBL-1019,155.0,0.0,14,131.0
2025-12-06,NBL-1019,106.0,151.0,14,131.0
2025-12-13,NBL-1019,208.0,0.0,14,131.0
2025-12-20,NBL-1019,177.0,0.0,14,131.0
2025-12-27,NBL-1019,279.0,0.0,14,131.0
2026-01-03,NBL-1019,233.0,0.0,14,131.0
2026-01-10,NBL-1019,179.0,0.0,14,131.0
2026-01-17,NBL-1019,141.0,0.0,14,131.0
2026-01-24,NBL-1019,249.0,0.0,14,131.0
2026-01-31,NBL-1019,203.0,0.0,14,131.0
2026-02-07,NBL-1019,157.0,0.0,14,131.0
2026-02-14,NBL-1019,116.0,151.0,14,131.0
2026-02-21,NBL-1019,209.0,0.0,14,131.0
2026-02-28,NBL-1019,172.0,0.0,14,131.0
2026-03-07,NBL-1019,143.0,0.0,14,131.0
2026-03-14,NBL-1019,113.0,151.0,14,131.0
2026-03-21,NBL-1019,216.0,0.0,14,131.0
2026-03-28,NBL-1019,177.0,0.0,14,131.0
2026-04-04,NBL-1019,260.0,0.0,14,131.0
2026-04-11,NBL-1019,192.0,0.0,14,131.0
2026-04-18,NBL-1019,258.0,0.0,14,131.0
2026-04-25,NBL-1019,181.0,0.0,14,131.0
2026-05-02,NBL-1019,253.0,0.0,14,131.0
2026-05-09,NBL-1019,163.0,0.0,14,131.0
2026-05-16,NBL-1019,247.0,,14,131.0
2026-05-23,NBL-1019,149.0,0.0,14,131.0
2026-05-30,NBL-1019,226.0,0.0,14,131.0
2026-06-06,NBL-1019,141.0,0.0,14,131.0
2026-06-13,NBL-1019,227.0,0.0,14,131.0
2026-06-20,NBL-1019,141.0,0.0,14,131.0
2026-06-27,NBL-1019,200.0,0.0,14,131.0
2026-07-04,NBL-1019,139.0,0.0,14,131.0
2026-07-11,NBL-1019,201.0,0.0,14,131.0
2024-07-13,NBL-1020,1678.0,0.0,28,1373.0
2024-07-20,NBL-1020,1188.0,1585.0,28,1373.0
2024-07-27,NBL-1020,686.0,1585.0,28,1373.0
2024-08-03,NBL-1020,140.0,1585.0,28,1373.0
2024-08-10,NBL-1020,1585.0,0.0,28,1373.0
2024-08-17,NBL-1020,1121.0,1585.0,28,1373.0
2024-08-24,NBL-1020,705.0,1585.0,28,1373.0
2024-08-31,NBL-1020,263.0,1585.0,28,1373.0
2024-09-07,NBL-1020,1585.0,0.0,28,1373.0
2024-09-14,NBL-1020,1082.0,1585.0,28,1373.0
2024-09-21,NBL-1020,586.0,1585.0,28,1373.0
2024-09-28,NBL-1020,115.0,1585.0,28,1373.0
2024-10-05,NBL-1020,1585.0,0.0,28,1373.0
2024-10-12,NBL-1020,1109.0,1585.0,28,1373.0
2024-10-19,NBL-1020,761.0,1585.0,28,1373.0
2024-10-26,NBL-1020,337.0,1585.0,28,1373.0
2024-11-02,NBL-1020,1585.0,0.0,28,1373.0
2024-11-09,NBL-1020,1174.0,1585.0,28,1373.0
2024-11-16,NBL-1020,795.0,,28,1373.0
2024-11-23,NBL-1020,487.0,1585.0,28,1373.0
2024-11-30,NBL-1020,1705.0,0.0,28,1373.0
2024-12-07,NBL-1020,1396.0,0.0,28,1373.0
2024-12-14,NBL-1020,1031.0,1585.0,28,1373.0
2024-12-21,NBL-1020,742.0,1585.0,28,1373.0
2024-12-28,NBL-1020,1979.0,0.0,28,1373.0
2025-01-04,NBL-1020,1703.0,0.0,28,1373.0
2025-01-11,NBL-1020,1374.0,0.0,28,1373.0
2025-01-18,NBL-1020,1013.0,1585.0,28,1373.0
2025-01-25,NBL-1020,2323.0,0.0,28,1373.0
2025-02-01,NBL-1020,2029.0,0.0,28,1373.0
2025-02-08,NBL-1020,1716.0,0.0,28,1373.0
2025-02-15,NBL-1020,1414.0,0.0,28,1373.0
2025-02-22,NBL-1020,2635.0,0.0,28,1373.0
2025-03-01,NBL-1020,2332.0,0.0,28,1373.0
2025-03-08,NBL-1020,1952.0,0.0,28,1373.0
2025-03-15,NBL-1020,1614.0,0.0,28,1373.0
2025-03-22,NBL-1020,2801.0,0.0,28,1373.0
2025-03-29,NBL-1020,2411.0,0.0,28,1373.0
2025-04-05,NBL-1020,1997.0,0.0,28,1373.0
2025-04-12,NBL-1020,1659.0,0.0,28,1373.0
2025-04-19,NBL-1020,2799.0,0.0,28,1373.0
2025-04-26,NBL-1020,2385.0,0.0,28,1373.0
2025-05-03,NBL-1020,1991.0,0.0,28,1373.0
2025-05-10,NBL-1020,1542.0,0.0,28,1373.0
2025-05-17,NBL-1020,2667.0,0.0,28,1373.0
2025-05-24,NBL-1020,2122.0,0.0,28,1373.0
2025-05-31,NBL-1020,1651.0,0.0,28,1373.0
2025-06-07,NBL-1020,1213.0,1585.0,28,1373.0
2025-06-14,NBL-1020,2314.0,0.0,28,1373.0
2025-06-21,NBL-1020,1774.0,0.0,28,1373.0
2025-06-28,NBL-1020,1239.0,1585.0,28,1373.0
2025-07-05,NBL-1020,703.0,1585.0,28,1373.0
2025-07-12,NBL-1020,1729.0,0.0,28,1373.0
2025-07-19,NBL-1020,1149.0,1585.0,28,1373.0
2025-07-26,NBL-1020,627.0,1585.0,28,1373.0
2025-08-02,NBL-1020,91.0,1585.0,28,1373.0
2025-08-09,NBL-1020,1585.0,0.0,28,1373.0
2025-08-16,NBL-1020,1035.0,1585.0,28,1373.0
2025-08-23,NBL-1020,440.0,1585.0,28,1373.0
2025-08-30,NBL-1020,0.0,1585.0,28,1373.0
2025-09-06,NBL-1020,1585.0,0.0,28,1373.0
2025-09-13,NBL-1020,1022.0,1585.0,28,1373.0
2025-09-20,NBL-1020,492.0,1585.0,28,1373.0
2025-09-27,NBL-1020,123.0,1585.0,28,1373.0
2025-10-04,NBL-1020,1585.0,0.0,28,1373.0
2025-10-11,NBL-1020,1108.0,1585.0,28,1373.0
2025-10-18,NBL-1020,713.0,,28,1373.0
2025-10-25,NBL-1020,323.0,1585.0,28,1373.0
2025-11-01,NBL-1020,1585.0,0.0,28,1373.0
2025-11-08,NBL-1020,1239.0,1585.0,28,1373.0
2025-11-15,NBL-1020,900.0,1585.0,28,1373.0
2025-11-22,NBL-1020,534.0,1585.0,28,1373.0
2025-11-29,NBL-1020,1781.0,0.0,28,1373.0
2025-12-06,NBL-1020,1414.0,0.0,28,1373.0
2025-12-13,NBL-1020,1010.0,1585.0,28,1373.0
2025-12-20,NBL-1020,652.0,1585.0,28,1373.0
2025-12-27,NBL-1020,1912.0,0.0,28,1373.0
2026-01-03,NBL-1020,1650.0,0.0,28,1373.0
2026-01-10,NBL-1020,1318.0,1585.0,28,1373.0
2026-01-17,NBL-1020,958.0,1585.0,28,1373.0
2026-01-24,NBL-1020,2172.0,0.0,28,1373.0
2026-01-31,NBL-1020,1799.0,0.0,28,1373.0
2026-02-07,NBL-1020,1455.0,0.0,28,1373.0
2026-02-14,NBL-1020,1056.0,1585.0,28,1373.0
2026-02-21,NBL-1020,2295.0,0.0,28,1373.0
2026-02-28,NBL-1020,1978.0,0.0,28,1373.0
2026-03-07,NBL-1020,1586.0,0.0,28,1373.0
2026-03-14,NBL-1020,1187.0,1585.0,28,1373.0
2026-03-21,NBL-1020,2388.0,0.0,28,1373.0
2026-03-28,NBL-1020,1984.0,0.0,28,1373.0
2026-04-04,NBL-1020,1582.0,0.0,28,1373.0
2026-04-11,NBL-1020,1232.0,1585.0,28,1373.0
2026-04-18,NBL-1020,2367.0,0.0,28,1373.0
2026-04-25,NBL-1020,1893.0,0.0,28,1373.0
2026-05-02,NBL-1020,1330.0,1585.0,28,1373.0
2026-05-09,NBL-1020,825.0,1585.0,28,1373.0
2026-05-16,NBL-1020,1959.0,0.0,28,1373.0
2026-05-23,NBL-1020,1419.0,0.0,28,1373.0
2026-05-30,NBL-1020,897.0,1585.0,28,1373.0
2026-06-06,NBL-1020,436.0,1585.0,28,1373.0
2026-06-13,NBL-1020,1585.0,0.0,28,1373.0
2026-06-20,NBL-1020,1029.0,1585.0,28,1373.0
2026-06-27,NBL-1020,511.0,1585.0,28,1373.0
2026-07-04,NBL-1020,0.0,1585.0,28,1373.0
2026-07-11,NBL-1020,1585.0,0.0,28,1373.0
2024-07-13,NBL-1021,618.0,0.0,10,455.0
2024-07-20,NBL-1021,170.0,525.0,10,455.0
2024-07-27,NBL-1021,300.0,525.0,10,455.0
2024-08-03,NBL-1021,485.0,0.0,10,455.0
2024-08-10,NBL-1021,91.0,525.0,10,455.0
2024-08-17,NBL-1021,228.0,525.0,10,455.0
2024-08-24,NBL-1021,449.0,525.0,10,455.0
2024-08-31,NBL-1021,29.0,525.0,10,455.0
2024-09-07,NBL-1021,238.0,525.0,10,455.0
2024-09-14,NBL-1021,346.0,525.0,10,455.0
2024-09-21,NBL-1021,525.0,0.0,10,455.0
2024-09-28,NBL-1021,113.0,525.0,10,455.0
2024-10-05,NBL-1021,342.0,525.0,10,455.0
2024-10-12,NBL-1021,507.0,0.0,10,455.0
2024-10-19,NBL-1021,212.0,525.0,10,455.0
2024-10-26,NBL-1021,333.0,525.0,10,455.0
2024-11-02,NBL-1021,452.0,525.0,10,455.0
2024-11-09,NBL-1021,122.0,525.0,10,455.0
2024-11-16,NBL-1021,267.0,525.0,10,455.0
2024-11-23,NBL-1021,396.0,525.0,10,455.0
2024-11-30,NBL-1021,595.0,0.0,10,455.0
2024-12-07,NBL-1021,232.0,525.0,10,455.0
2024-12-14,NBL-1021,361.0,525.0,10,455.0
2024-12-21,NBL-1021,510.0,0.0,10,455.0
2024-12-28,NBL-1021,103.0,525.0,10,455.0
2025-01-04,NBL-1021,245.0,525.0,10,455.0
2025-01-11,NBL-1021,419.0,525.0,10,455.0
2025-01-18,NBL-1021,56.0,525.0,10,455.0
2025-01-25,NBL-1021,244.0,525.0,10,455.0
2025-02-01,NBL-1021,406.0,525.0,10,455.0
2025-02-08,NBL-1021,581.0,0.0,10,455.0
2025-02-15,NBL-1021,143.0,525.0,10,455.0
2025-02-22,NBL-1021,349.0,,10,455.0
2025-03-01,NBL-1021,471.0,0.0,10,455.0
2025-03-08,NBL-1021,45.0,525.0,10,455.0
2025-03-15,NBL-1021,206.0,525.0,10,455.0
2025-03-22,NBL-1021,421.0,525.0,10,455.0
2025-03-29,NBL-1021,0.0,525.0,10,455.0
2025-04-05,NBL-1021,238.0,525.0,10,455.0
2025-04-12,NBL-1021,368.0,525.0,10,455.0
2025-04-19,NBL-1021,525.0,0.0,10,455.0
2025-04-26,NBL-1021,82.0,525.0,10,455.0
2025-05-03,NBL-1021,286.0,525.0,10,455.0
2025-05-10,NBL-1021,484.0,0.0,10,455.0
2025-05-17,NBL-1021,0.0,525.0,10,455.0
2025-05-24,NBL-1021,152.0,525.0,10,455.0
2025-05-31,NBL-1021,421.0,525.0,10,455.0
2025-06-07,NBL-1021,0.0,525.0,10,455.0
2025-06-14,NBL-1021,122.0,525.0,10,455.0
2025-06-21,NBL-1021,355.0,525.0,10,455.0
2025-06-28,NBL-1021,525.0,0.0,10,455.0
2025-07-05,NBL-1021,0.0,525.0,10,455.0
2025-07-12,NBL-1021,237.0,525.0,10,455.0
2025-07-19,NBL-1021,465.0,0.0,10,455.0
2025-07-26,NBL-1021,0.0,525.0,10,455.0
2025-08-02,NBL-1021,130.0,525.0,10,455.0
2025-08-09,NBL-1021,393.0,525.0,10,455.0
2025-08-16,NBL-1021,0.0,525.0,10,455.0
2025-08-23,NBL-1021,95.0,525.0,10,455.0
2025-08-30,NBL-1021,310.0,525.0,10,455.0
2025-09-06,NBL-1021,525.0,0.0,10,455.0
2025-09-13,NBL-1021,13.0,525.0,10,455.0
2025-09-20,NBL-1021,253.0,525.0,10,455.0
2025-09-27,NBL-1021,486.0,0.0,10,455.0
2025-10-04,NBL-1021,0.0,525.0,10,455.0
2025-10-11,NBL-1021,147.0,525.0,10,455.0
2025-10-18,NBL-1021,412.0,525.0,10,455.0
2025-10-25,NBL-1021,0.0,525.0,10,455.0
2025-11-01,NBL-1021,119.0,525.0,10,455.0
2025-11-08,NBL-1021,322.0,525.0,10,455.0
2025-11-15,NBL-1021,525.0,0.0,10,455.0
2025-11-22,NBL-1021,48.0,525.0,10,455.0
2025-11-29,NBL-1021,258.0,525.0,10,455.0
2025-12-06,NBL-1021,454.0,525.0,10,455.0
2025-12-13,NBL-1021,0.0,525.0,10,455.0
2025-12-20,NBL-1021,195.0,525.0,10,455.0
2025-12-27,NBL-1021,396.0,525.0,10,455.0
2026-01-03,NBL-1021,4.0,525.0,10,455.0
2026-01-10,NBL-1021,135.0,525.0,10,455.0
2026-01-17,NBL-1021,340.0,525.0,10,455.0
2026-01-24,NBL-1021,525.0,0.0,10,455.0
2026-01-31,NBL-1021,68.0,525.0,10,455.0
2026-02-07,NBL-1021,241.0,525.0,10,455.0
2026-02-14,NBL-1021,469.0,0.0,10,455.0
2026-02-21,NBL-1021,8.0,525.0,10,455.0
2026-02-28,NBL-1021,162.0,525.0,10,455.0
2026-03-07,NBL-1021,386.0,525.0,10,455.0
2026-03-14,NBL-1021,0.0,525.0,10,455.0
2026-03-21,NBL-1021,194.0,525.0,10,455.0
2026-03-28,NBL-1021,321.0,525.0,10,455.0
2026-04-04,NBL-1021,525.0,0.0,10,455.0
2026-04-11,NBL-1021,0.0,525.0,10,455.0
2026-04-18,NBL-1021,228.0,,10,455.0
2026-04-25,NBL-1021,454.0,525.0,10,455.0
2026-05-02,NBL-1021,0.0,525.0,10,455.0
2026-05-09,NBL-1021,113.0,525.0,10,455.0
2026-05-16,NBL-1021,380.0,525.0,10,455.0
2026-05-23,NBL-1021,0.0,525.0,10,455.0
2026-05-30,NBL-1021,0.0,525.0,10,455.0
2026-06-06,NBL-1021,257.0,525.0,10,455.0
2026-06-13,NBL-1021,525.0,0.0,10,455.0
2026-06-20,NBL-1021,0.0,525.0,10,455.0
2026-06-27,NBL-1021,217.0,525.0,10,455.0
2026-07-04,NBL-1021,451.0,525.0,10,455.0
2026-07-11,NBL-1021,0.0,525.0,10,455.0
2024-07-13,NBL-1022,753.0,0.0,10,428.0
2024-07-20,NBL-1022,312.0,494.0,10,428.0
2024-07-27,NBL-1022,387.0,494.0,10,428.0
2024-08-03,NBL-1022,461.0,0.0,10,428.0
2024-08-10,NBL-1022,28.0,494.0,10,428.0
2024-08-17,NBL-1022,164.0,494.0,10,428.0
2024-08-24,NBL-1022,391.0,494.0,10,428.0
2024-08-31,NBL-1022,0.0,494.0,10,428.0
2024-09-07,NBL-1022,94.0,494.0,10,428.0
2024-09-14,NBL-1022,331.0,494.0,10,428.0
2024-09-21,NBL-1022,494.0,0.0,10,428.0
2024-09-28,NBL-1022,132.0,494.0,10,428.0
2024-10-05,NBL-1022,304.0,494.0,10,428.0
2024-10-12,NBL-1022,451.0,0.0,10,428.0
2024-10-19,NBL-1022,57.0,494.0,10,428.0
2024-10-26,NBL-1022,217.0,494.0,10,428.0
2024-11-02,NBL-1022,434.0,0.0,10,428.0
2024-11-09,NBL-1022,51.0,494.0,10,428.0
2024-11-16,NBL-1022,229.0,494.0,10,428.0
2024-11-23,NBL-1022,358.0,494.0,10,428.0
2024-11-30,NBL-1022,494.0,0.0,10,428.0
2024-12-07,NBL-1022,233.0,494.0,10,428.0
2024-12-14,NBL-1022,416.0,494.0,10,428.0
2024-12-21,NBL-1022,598.0,0.0,10,428.0
2024-12-28,NBL-1022,302.0,494.0,10,428.0
2025-01-04,NBL-1022,546.0,0.0,10,428.0
2025-01-11,NBL-1022,771.0,0.0,10,428.0
2025-01-18,NBL-1022,516.0,0.0,10,428.0
2025-01-25,NBL-1022,164.0,494.0,10,428.0
2025-02-01,NBL-1022,400.0,494.0,10,428.0
2025-02-08,NBL-1022,569.0,0.0,10,428.0
2025-02-15,NBL-1022,331.0,494.0,10,428.0
2025-02-22,NBL-1022,460.0,0.0,10,428.0
2025-03-01,NBL-1022,569.0,0.0,10,428.0
2025-03-08,NBL-1022,270.0,494.0,10,428.0
2025-03-15,NBL-1022,456.0,0.0,10,428.0
2025-03-22,NBL-1022,599.0,0.0,10,428.0
2025-03-29,NBL-1022,237.0,494.0,10,428.0
2025-04-05,NBL-1022,266.0,494.0,10,428.0
2025-04-12,NBL-1022,307.0,494.0,10,428.0
2025-04-19,NBL-1022,494.0,0.0,10,428.0
2025-04-26,NBL-1022,34.0,494.0,10,428.0
2025-05-03,NBL-1022,256.0,494.0,10,428.0
2025-05-10,NBL-1022,449.0,0.0,10,428.0
2025-05-17,NBL-1022,15.0,494.0,10,428.0
2025-05-24,NBL-1022,122.0,494.0,10,428.0
2025-05-31,NBL-1022,383.0,494.0,10,428.0
2025-06-07,NBL-1022,0.0,494.0,10,428.0
2025-06-14,NBL-1022,21.0,494.0,10,428.0
2025-06-21,NBL-1022,258.0,494.0,10,428.0
2025-06-28,NBL-1022,494.0,0.0,10,428.0
2025-07-05,NBL-1022,0.0,494.0,10,428.0
2025-07-12,NBL-1022,154.0,494.0,10,428.0
2025-07-19,NBL-1022,436.0,0.0,10,428.0
2025-07-26,NBL-1022,0.0,494.0,10,428.0
2025-08-02,NBL-1022,85.0,494.0,10,428.0
2025-08-09,NBL-1022,348.0,494.0,10,428.0
2025-08-16,NBL-1022,0.0,494.0,10,428.0
2025-08-23,NBL-1022,21.0,494.0,10,428.0
2025-08-30,NBL-1022,245.0,494.0,10,428.0
2025-09-06,NBL-1022,494.0,0.0,10,428.0
2025-09-13,NBL-1022,0.0,494.0,10,428.0
2025-09-20,NBL-1022,194.0,494.0,10,428.0
2025-09-27,NBL-1022,453.0,0.0,10,428.0
2025-10-04,NBL-1022,0.0,494.0,10,428.0
2025-10-11,NBL-1022,157.0,494.0,10,428.0
2025-10-18,NBL-1022,430.0,0.0,10,428.0
2025-10-25,NBL-1022,0.0,494.0,10,428.0
2025-11-01,NBL-1022,162.0,494.0,10,428.0
2025-11-08,NBL-1022,314.0,494.0,10,428.0
2025-11-15,NBL-1022,494.0,0.0,10,428.0
2025-11-22,NBL-1022,22.0,494.0,10,428.0
2025-11-29,NBL-1022,197.0,,10,428.0
2025-12-06,NBL-1022,454.0,0.0,10,428.0
2025-12-13,NBL-1022,103.0,494.0,10,428.0
2025-12-20,NBL-1022,211.0,494.0,10,428.0
2025-12-27,NBL-1022,408.0,494.0,10,428.0
2026-01-03,NBL-1022,37.0,494.0,10,428.0
2026-01-10,NBL-1022,152.0,494.0,10,428.0
2026-01-17,NBL-1022,385.0,494.0,10,428.0
2026-01-24,NBL-1022,494.0,0.0,10,428.0
2026-01-31,NBL-1022,120.0,494.0,10,428.0
2026-02-07,NBL-1022,247.0,494.0,10,428.0
2026-02-14,NBL-1022,459.0,0.0,10,428.0
2026-02-21,NBL-1022,11.0,494.0,10,428.0
2026-02-28,NBL-1022,242.0,494.0,10,428.0
2026-03-07,NBL-1022,445.0,0.0,10,428.0
2026-03-14,NBL-1022,65.0,494.0,10,428.0
2026-03-21,NBL-1022,144.0,494.0,10,428.0
2026-03-28,NBL-1022,305.0,494.0,10,428.0
2026-04-04,NBL-1022,494.0,0.0,10,428.0
2026-04-11,NBL-1022,22.0,494.0,10,428.0
2026-04-18,NBL-1022,219.0,494.0,10,428.0
2026-04-25,NBL-1022,438.0,0.0,10,428.0
2026-05-02,NBL-1022,0.0,494.0,10,428.0
2026-05-09,NBL-1022,124.0,494.0,10,428.0
2026-05-16,NBL-1022,325.0,494.0,10,428.0
2026-05-23,NBL-1022,0.0,494.0,10,428.0
2026-05-30,NBL-1022,0.0,494.0,10,428.0
2026-06-06,NBL-1022,216.0,494.0,10,428.0
2026-06-13,NBL-1022,494.0,0.0,10,428.0
2026-06-20,NBL-1022,0.0,494.0,10,428.0
2026-06-27,NBL-1022,122.0,494.0,10,428.0
2026-07-04,NBL-1022,454.0,0.0,10,428.0
2026-07-11,NBL-1022,0.0,494.0,10,428.0
2024-07-13,NBL-1023,319.0,0.0,7,143.0
2024-07-20,NBL-1023,289.0,0.0,7,143.0
2024-07-27,NBL-1023,270.0,0.0,7,143.0
2024-08-03,NBL-1023,243.0,0.0,7,143.0
2024-08-10,NBL-1023,240.0,0.0,7,143.0
2024-08-17,NBL-1023,228.0,0.0,7,143.0
2024-08-24,NBL-1023,222.0,0.0,7,143.0
2024-08-31,NBL-1023,202.0,0.0,7,143.0
2024-09-07,NBL-1023,193.0,0.0,7,143.0
2024-09-14,NBL-1023,187.0,0.0,7,143.0
2024-09-21,NBL-1023,186.0,0.0,7,143.0
2024-09-28,NBL-1023,165.0,0.0,7,143.0
2024-10-05,NBL-1023,167.0,0.0,7,143.0
2024-10-12,NBL-1023,165.0,,7,143.0
2024-10-19,NBL-1023,165.0,0.0,7,143.0
2024-10-26,NBL-1023,165.0,0.0,7,143.0
2024-11-02,NBL-1023,165.0,0.0,7,143.0
2024-11-09,NBL-1023,165.0,0.0,7,143.0
2024-11-16,NBL-1023,165.0,0.0,7,143.0
2024-11-23,NBL-1023,174.0,0.0,7,143.0
2024-11-30,NBL-1023,166.0,0.0,7,143.0
2024-12-07,NBL-1023,165.0,0.0,7,143.0
2024-12-14,NBL-1023,170.0,0.0,7,143.0
2024-12-21,NBL-1023,198.0,0.0,7,143.0
2024-12-28,NBL-1023,203.0,0.0,7,143.0
2025-01-04,NBL-1023,206.0,0.0,7,143.0
2025-01-11,NBL-1023,226.0,0.0,7,143.0
2025-01-18,NBL-1023,249.0,0.0,7,143.0
2025-01-25,NBL-1023,244.0,0.0,7,143.0
2025-02-01,NBL-1023,249.0,0.0,7,143.0
2025-02-08,NBL-1023,248.0,0.0,7,143.0
2025-02-15,NBL-1023,246.0,0.0,7,143.0
2025-02-22,NBL-1023,269.0,0.0,7,143.0
2025-03-01,NBL-1023,253.0,0.0,7,143.0
2025-03-08,NBL-1023,279.0,0.0,7,143.0
2025-03-15,NBL-1023,273.0,0.0,7,143.0
2025-03-22,NBL-1023,264.0,0.0,7,143.0
2025-03-29,NBL-1023,269.0,0.0,7,143.0
2025-04-05,NBL-1023,252.0,0.0,7,143.0
2025-04-12,NBL-1023,222.0,0.0,7,143.0
2025-04-19,NBL-1023,213.0,0.0,7,143.0
2025-04-26,NBL-1023,183.0,0.0,7,143.0
2025-05-03,NBL-1023,165.0,0.0,7,143.0
2025-05-10,NBL-1023,165.0,0.0,7,143.0
2025-05-17,NBL-1023,165.0,0.0,7,143.0
2025-05-24,NBL-1023,165.0,0.0,7,143.0
2025-05-31,NBL-1023,165.0,0.0,7,143.0
2025-06-07,NBL-1023,165.0,0.0,7,143.0
2025-06-14,NBL-1023,165.0,0.0,7,143.0
2025-06-21,NBL-1023,165.0,0.0,7,143.0
2025-06-28,NBL-1023,165.0,0.0,7,143.0
2025-07-05,NBL-1023,165.0,0.0,7,143.0
2025-07-12,NBL-1023,165.0,0.0,7,143.0
2025-07-19,NBL-1023,165.0,0.0,7,143.0
2025-07-26,NBL-1023,165.0,0.0,7,143.0
2025-08-02,NBL-1023,165.0,0.0,7,143.0
2025-08-09,NBL-1023,165.0,0.0,7,143.0
2025-08-16,NBL-1023,165.0,0.0,7,143.0
2025-08-23,NBL-1023,165.0,0.0,7,143.0
2025-08-30,NBL-1023,165.0,0.0,7,143.0
2025-09-06,NBL-1023,165.0,0.0,7,143.0
2025-09-13,NBL-1023,165.0,0.0,7,143.0
2025-09-20,NBL-1023,165.0,0.0,7,143.0
2025-09-27,NBL-1023,165.0,0.0,7,143.0
2025-10-04,NBL-1023,172.0,0.0,7,143.0
2025-10-11,NBL-1023,165.0,0.0,7,143.0
2025-10-18,NBL-1023,165.0,0.0,7,143.0
2025-10-25,NBL-1023,165.0,,7,143.0
2025-11-01,NBL-1023,165.0,0.0,7,143.0
2025-11-08,NBL-1023,165.0,0.0,7,143.0
2025-11-15,NBL-1023,185.0,0.0,7,143.0
2025-11-22,NBL-1023,165.0,0.0,7,143.0
2025-11-29,NBL-1023,165.0,0.0,7,143.0
2025-12-06,NBL-1023,165.0,0.0,7,143.0
2025-12-13,NBL-1023,165.0,0.0,7,143.0
2025-12-20,NBL-1023,165.0,0.0,7,143.0
2025-12-27,NBL-1023,165.0,0.0,7,143.0
2026-01-03,NBL-1023,165.0,0.0,7,143.0
2026-01-10,NBL-1023,165.0,0.0,7,143.0
2026-01-17,NBL-1023,165.0,0.0,7,143.0
2026-01-24,NBL-1023,165.0,0.0,7,143.0
2026-01-31,NBL-1023,165.0,0.0,7,143.0
2026-02-07,NBL-1023,165.0,0.0,7,143.0
2026-02-14,NBL-1023,174.0,0.0,7,143.0
2026-02-21,NBL-1023,165.0,0.0,7,143.0
2026-02-28,NBL-1023,174.0,0.0,7,143.0
2026-03-07,NBL-1023,165.0,0.0,7,143.0
2026-03-14,NBL-1023,165.0,0.0,7,143.0
2026-03-21,NBL-1023,165.0,0.0,7,143.0
2026-03-28,NBL-1023,165.0,0.0,7,143.0
2026-04-04,NBL-1023,165.0,0.0,7,143.0
2026-04-11,NBL-1023,165.0,0.0,7,143.0
2026-04-18,NBL-1023,165.0,0.0,7,143.0
2026-04-25,NBL-1023,165.0,0.0,7,143.0
2026-05-02,NBL-1023,165.0,0.0,7,143.0
2026-05-09,NBL-1023,165.0,0.0,7,143.0
2026-05-16,NBL-1023,165.0,0.0,7,143.0
2026-05-23,NBL-1023,165.0,0.0,7,143.0
2026-05-30,NBL-1023,165.0,0.0,7,143.0
2026-06-06,NBL-1023,165.0,0.0,7,143.0
2026-06-13,NBL-1023,165.0,0.0,7,143.0
2026-06-20,NBL-1023,165.0,0.0,7,143.0
2026-06-27,NBL-1023,165.0,0.0,7,143.0
2026-07-04,NBL-1023,165.0,0.0,7,143.0
2026-07-11,NBL-1023,165.0,0.0,7,143.0
2024-07-13,NBL-1024,1215.0,0.0,21,970.0
2024-07-20,NBL-1024,834.0,1120.0,21,970.0
2024-07-27,NBL-1024,403.0,1120.0,21,970.0
2024-08-03,NBL-1024,1151.0,0.0,21,970.0
2024-08-10,NBL-1024,705.0,1120.0,21,970.0
2024-08-17,NBL-1024,267.0,1120.0,21,970.0
2024-08-24,NBL-1024,1120.0,0.0,21,970.0
2024-08-31,NBL-1024,651.0,1120.0,21,970.0
2024-09-07,NBL-1024,277.0,1120.0,21,970.0
2024-09-14,NBL-1024,1120.0,0.0,21,970.0
2024-09-21,NBL-1024,746.0,1120.0,21,970.0
2024-09-28,NBL-1024,346.0,1120.0,21,970.0
2024-10-05,NBL-1024,1120.0,0.0,21,970.0
2024-10-12,NBL-1024,746.0,1120.0,21,970.0
2024-10-19,NBL-1024,363.0,1120.0,21,970.0
2024-10-26,NBL-1024,1120.0,0.0,21,970.0
2024-11-02,NBL-1024,774.0,1120.0,21,970.0
2024-11-09,NBL-1024,369.0,1120.0,21,970.0
2024-11-16,NBL-1024,1120.0,0.0,21,970.0
2024-11-23,NBL-1024,797.0,1120.0,21,970.0
2024-11-30,NBL-1024,428.0,1120.0,21,970.0
2024-12-07,NBL-1024,1186.0,0.0,21,970.0
2024-12-14,NBL-1024,810.0,1120.0,21,970.0
2024-12-21,NBL-1024,475.0,1120.0,21,970.0
2024-12-28,NBL-1024,1225.0,0.0,21,970.0
2025-01-04,NBL-1024,917.0,1120.0,21,970.0
2025-01-11,NBL-1024,588.0,1120.0,21,970.0
2025-01-18,NBL-1024,1377.0,0.0,21,970.0
2025-01-25,NBL-1024,1006.0,0.0,21,970.0
2025-02-01,NBL-1024,670.0,1120.0,21,970.0
2025-02-08,NBL-1024,1426.0,0.0,21,970.0
2025-02-15,NBL-1024,1085.0,0.0,21,970.0
2025-02-22,NBL-1024,724.0,1120.0,21,970.0
2025-03-01,NBL-1024,1520.0,0.0,21,970.0
2025-03-08,NBL-1024,1126.0,0.0,21,970.0
2025-03-15,NBL-1024,694.0,1120.0,21,970.0
2025-03-22,NBL-1024,1383.0,0.0,21,970.0
2025-03-29,NBL-1024,1002.0,0.0,21,970.0
2025-04-05,NBL-1024,621.0,1120.0,21,970.0
2025-04-12,NBL-1024,1315.0,0.0,21,970.0
2025-04-19,NBL-1024,914.0,1120.0,21,970.0
2025-04-26,NBL-1024,498.0,1120.0,21,970.0
2025-05-03,NBL-1024,1150.0,0.0,21,970.0
2025-05-10,NBL-1024,746.0,1120.0,21,970.0
2025-05-17,NBL-1024,233.0,1120.0,21,970.0
2025-05-24,NBL-1024,1120.0,0.0,21,970.0
2025-05-31,NBL-1024,631.0,1120.0,21,970.0
2025-06-07,NBL-1024,160.0,1120.0,21,970.0
2025-06-14,NBL-1024,1120.0,0.0,21,970.0
2025-06-21,NBL-1024,629.0,1120.0,21,970.0
2025-06-28,NBL-1024,104.0,1120.0,21,970.0
2025-07-05,NBL-1024,1120.0,0.0,21,970.0
2025-07-12,NBL-1024,653.0,1120.0,21,970.0
2025-07-19,NBL-1024,73.0,1120.0,21,970.0
2025-07-26,NBL-1024,1120.0,0.0,21,970.0
2025-08-02,NBL-1024,633.0,1120.0,21,970.0
2025-08-09,NBL-1024,82.0,1120.0,21,970.0
2025-08-16,NBL-1024,1120.0,0.0,21,970.0
2025-08-23,NBL-1024,677.0,1120.0,21,970.0
2025-08-30,NBL-1024,203.0,1120.0,21,970.0
2025-09-06,NBL-1024,1120.0,0.0,21,970.0
2025-09-13,NBL-1024,648.0,1120.0,21,970.0
2025-09-20,NBL-1024,208.0,1120.0,21,970.0
2025-09-27,NBL-1024,1120.0,0.0,21,970.0
2025-10-04,NBL-1024,670.0,1120.0,21,970.0
2025-10-11,NBL-1024,222.0,1120.0,21,970.0
2025-10-18,NBL-1024,1120.0,0.0,21,970.0
2025-10-25,NBL-1024,652.0,1120.0,21,970.0
2025-11-01,NBL-1024,266.0,1120.0,21,970.0
2025-11-08,NBL-1024,1120.0,0.0,21,970.0
2025-11-15,NBL-1024,648.0,1120.0,21,970.0
2025-11-22,NBL-1024,232.0,1120.0,21,970.0
2025-11-29,NBL-1024,1120.0,0.0,21,970.0
2025-12-06,NBL-1024,719.0,1120.0,21,970.0
2025-12-13,NBL-1024,290.0,1120.0,21,970.0
2025-12-20,NBL-1024,1120.0,0.0,21,970.0
2025-12-27,NBL-1024,738.0,1120.0,21,970.0
2026-01-03,NBL-1024,288.0,1120.0,21,970.0
2026-01-10,NBL-1024,1120.0,0.0,21,970.0
2026-01-17,NBL-1024,730.0,1120.0,21,970.0
2026-01-24,NBL-1024,358.0,1120.0,21,970.0
2026-01-31,NBL-1024,1120.0,0.0,21,970.0
2026-02-07,NBL-1024,692.0,1120.0,21,970.0
2026-02-14,NBL-1024,267.0,1120.0,21,970.0
2026-02-21,NBL-1024,1120.0,0.0,21,970.0
2026-02-28,NBL-1024,725.0,1120.0,21,970.0
2026-03-07,NBL-1024,341.0,1120.0,21,970.0
2026-03-14,NBL-1024,1120.0,0.0,21,970.0
2026-03-21,NBL-1024,702.0,1120.0,21,970.0
2026-03-28,NBL-1024,257.0,1120.0,21,970.0
2026-04-04,NBL-1024,1120.0,0.0,21,970.0
2026-04-11,NBL-1024,627.0,1120.0,21,970.0
2026-04-18,NBL-1024,192.0,1120.0,21,970.0
2026-04-25,NBL-1024,1120.0,0.0,21,970.0
2026-05-02,NBL-1024,688.0,1120.0,21,970.0
2026-05-09,NBL-1024,194.0,1120.0,21,970.0
2026-05-16,NBL-1024,1120.0,0.0,21,970.0
2026-05-23,NBL-1024,611.0,1120.0,21,970.0
2026-05-30,NBL-1024,105.0,1120.0,21,970.0
2026-06-06,NBL-1024,1120.0,0.0,21,970.0
2026-06-13,NBL-1024,519.0,1120.0,21,970.0
2026-06-20,NBL-1024,0.0,1120.0,21,970.0
2026-06-27,NBL-1024,1120.0,0.0,21,970.0
2026-07-04,NBL-1024,549.0,1120.0,21,970.0
2026-07-11,NBL-1024,75.0,1120.0,21,970.0
2024-07-13,NBL-1025,1649.0,0.0,28,1294.0
2024-07-20,NBL-1025,1234.0,1493.0,28,1294.0
2024-07-27,NBL-1025,796.0,1493.0,28,1294.0
2024-08-03,NBL-1025,371.0,1493.0,28,1294.0
2024-08-10,NBL-1025,1493.0,0.0,28,1294.0
2024-08-17,NBL-1025,1052.0,1493.0,28,1294.0
2024-08-24,NBL-1025,627.0,1493.0,28,1294.0
2024-08-31,NBL-1025,159.0,1493.0,28,1294.0
2024-09-07,NBL-1025,1493.0,0.0,28,1294.0
2024-09-14,NBL-1025,1126.0,1493.0,28,1294.0
2024-09-21,NBL-1025,766.0,1493.0,28,1294.0
2024-09-28,NBL-1025,382.0,1493.0,28,1294.0
2024-10-05,NBL-1025,1493.0,0.0,28,1294.0
2024-10-12,NBL-1025,1187.0,1493.0,28,1294.0
2024-10-19,NBL-1025,844.0,1493.0,28,1294.0
2024-10-26,NBL-1025,410.0,1493.0,28,1294.0
2024-11-02,NBL-1025,1498.0,0.0,28,1294.0
2024-11-09,NBL-1025,1134.0,1493.0,28,1294.0
2024-11-16,NBL-1025,816.0,1493.0,28,1294.0
2024-11-23,NBL-1025,466.0,1493.0,28,1294.0
2024-11-30,NBL-1025,1600.0,0.0,28,1294.0
2024-12-07,NBL-1025,1205.0,1493.0,28,1294.0
2024-12-14,NBL-1025,854.0,1493.0,28,1294.0
2024-12-21,NBL-1025,507.0,1493.0,28,1294.0
2024-12-28,NBL-1025,1664.0,0.0,28,1294.0
2025-01-04,NBL-1025,1353.0,0.0,28,1294.0
2025-01-11,NBL-1025,1024.0,1493.0,28,1294.0
2025-01-18,NBL-1025,676.0,1493.0,28,1294.0
2025-01-25,NBL-1025,1835.0,0.0,28,1294.0
2025-02-01,NBL-1025,1457.0,0.0,28,1294.0
2025-02-08,NBL-1025,1131.0,1493.0,28,1294.0
2025-02-15,NBL-1025,710.0,1493.0,28,1294.0
2025-02-22,NBL-1025,1840.0,0.0,28,1294.0
2025-03-01,NBL-1025,1453.0,0.0,28,1294.0
2025-03-08,NBL-1025,1111.0,1493.0,28,1294.0
2025-03-15,NBL-1025,787.0,1493.0,28,1294.0
2025-03-22,NBL-1025,1928.0,0.0,28,1294.0
2025-03-29,NBL-1025,1515.0,0.0,28,1294.0
2025-04-05,NBL-1025,1144.0,1493.0,28,1294.0
2025-04-12,NBL-1025,778.0,1493.0,28,1294.0
2025-04-19,NBL-1025,1796.0,0.0,28,1294.0
2025-04-26,NBL-1025,1390.0,0.0,28,1294.0
2025-05-03,NBL-1025,958.0,1493.0,28,1294.0
2025-05-10,NBL-1025,500.0,1493.0,28,1294.0
2025-05-17,NBL-1025,1607.0,0.0,28,1294.0
2025-05-24,NBL-1025,1171.0,1493.0,28,1294.0
2025-05-31,NBL-1025,684.0,1493.0,28,1294.0
2025-06-07,NBL-1025,236.0,1493.0,28,1294.0
2025-06-14,NBL-1025,1493.0,0.0,28,1294.0
2025-06-21,NBL-1025,992.0,1493.0,28,1294.0
2025-06-28,NBL-1025,520.0,1493.0,28,1294.0
2025-07-05,NBL-1025,28.0,1493.0,28,1294.0
2025-07-12,NBL-1025,1493.0,0.0,28,1294.0
2025-07-19,NBL-1025,1037.0,1493.0,28,1294.0
2025-07-26,NBL-1025,561.0,1493.0,28,1294.0
2025-08-02,NBL-1025,80.0,1493.0,28,1294.0
2025-08-09,NBL-1025,1493.0,0.0,28,1294.0
2025-08-16,NBL-1025,1046.0,1493.0,28,1294.0
2025-08-23,NBL-1025,599.0,1493.0,28,1294.0
2025-08-30,NBL-1025,169.0,1493.0,28,1294.0
2025-09-06,NBL-1025,1493.0,0.0,28,1294.0
2025-09-13,NBL-1025,1033.0,1493.0,28,1294.0
2025-09-20,NBL-1025,544.0,1493.0,28,1294.0
2025-09-27,NBL-1025,94.0,1493.0,28,1294.0
2025-10-04,NBL-1025,1493.0,0.0,28,1294.0
2025-10-11,NBL-1025,1047.0,1493.0,28,1294.0
2025-10-18,NBL-1025,511.0,1493.0,28,1294.0
2025-10-25,NBL-1025,103.0,1493.0,28,1294.0
2025-11-01,NBL-1025,1493.0,0.0,28,1294.0
2025-11-08,NBL-1025,1098.0,1493.0,28,1294.0
2025-11-15,NBL-1025,661.0,1493.0,28,1294.0
2025-11-22,NBL-1025,227.0,1493.0,28,1294.0
2025-11-29,NBL-1025,1493.0,0.0,28,1294.0
2025-12-06,NBL-1025,1081.0,1493.0,28,1294.0
2025-12-13,NBL-1025,686.0,1493.0,28,1294.0
2025-12-20,NBL-1025,344.0,1493.0,28,1294.0
2025-12-27,NBL-1025,1493.0,0.0,28,1294.0
2026-01-03,NBL-1025,1147.0,1493.0,28,1294.0
2026-01-10,NBL-1025,804.0,1493.0,28,1294.0
2026-01-17,NBL-1025,420.0,1493.0,28,1294.0
2026-01-24,NBL-1025,1550.0,0.0,28,1294.0
2026-01-31,NBL-1025,1206.0,1493.0,28,1294.0
2026-02-07,NBL-1025,758.0,1493.0,28,1294.0
2026-02-14,NBL-1025,407.0,1493.0,28,1294.0
2026-02-21,NBL-1025,1537.0,0.0,28,1294.0
2026-02-28,NBL-1025,1173.0,1493.0,28,1294.0
2026-03-07,NBL-1025,791.0,1493.0,28,1294.0
2026-03-14,NBL-1025,346.0,1493.0,28,1294.0
2026-03-21,NBL-1025,1493.0,0.0,28,1294.0
2026-03-28,NBL-1025,1071.0,1493.0,28,1294.0
2026-04-04,NBL-1025,685.0,1493.0,28,1294.0
2026-04-11,NBL-1025,287.0,1493.0,28,1294.0
2026-04-18,NBL-1025,1493.0,0.0,28,1294.0
2026-04-25,NBL-1025,1136.0,1493.0,28,1294.0
2026-05-02,NBL-1025,651.0,1493.0,28,1294.0
2026-05-09,NBL-1025,223.0,1493.0,28,1294.0
2026-05-16,NBL-1025,1493.0,0.0,28,1294.0
2026-05-23,NBL-1025,975.0,1493.0,28,1294.0
2026-05-30,NBL-1025,449.0,1493.0,28,1294.0
2026-06-06,NBL-1025,0.0,1493.0,28,1294.0
2026-06-13,NBL-1025,1493.0,0.0,28,1294.0
2026-06-20,NBL-1025,991.0,1493.0,28,1294.0
2026-06-27,NBL-1025,502.0,1493.0,28,1294.0
2026-07-04,NBL-1025,0.0,1493.0,28,1294.0
2026-07-11,NBL-1025,1493.0,0.0,28,1294.0
2024-07-13,NBL-1026,707.0,0.0,28,452.0
2024-07-20,NBL-1026,555.0,0.0,28,452.0
2024-07-27,NBL-1026,400.0,522.0,28,452.0
2024-08-03,NBL-1026,250.0,522.0,28,452.0
2024-08-10,NBL-1026,621.0,0.0,28,452.0
2024-08-17,NBL-1026,472.0,0.0,28,452.0
2024-08-24,NBL-1026,302.0,522.0,28,452.0
2024-08-31,NBL-1026,137.0,522.0,28,452.0
2024-09-07,NBL-1026,522.0,0.0,28,452.0
2024-09-14,NBL-1026,358.0,522.0,28,452.0
2024-09-21,NBL-1026,226.0,522.0,28,452.0
2024-09-28,NBL-1026,63.0,522.0,28,452.0
2024-10-05,NBL-1026,522.0,0.0,28,452.0
2024-10-12,NBL-1026,363.0,522.0,28,452.0
2024-10-19,NBL-1026,214.0,522.0,28,452.0
2024-10-26,NBL-1026,88.0,522.0,28,452.0
2024-11-02,NBL-1026,522.0,0.0,28,452.0
2024-11-09,NBL-1026,388.0,522.0,28,452.0
2024-11-16,NBL-1026,242.0,522.0,28,452.0
2024-11-23,NBL-1026,126.0,522.0,28,452.0
2024-11-30,NBL-1026,542.0,0.0,28,452.0
2024-12-07,NBL-1026,432.0,522.0,28,452.0
2024-12-14,NBL-1026,304.0,522.0,28,452.0
2024-12-21,NBL-1026,172.0,522.0,28,452.0
2024-12-28,NBL-1026,563.0,0.0,28,452.0
2025-01-04,NBL-1026,454.0,0.0,28,452.0
2025-01-11,NBL-1026,332.0,522.0,28,452.0
2025-01-18,NBL-1026,222.0,522.0,28,452.0
2025-01-25,NBL-1026,636.0,0.0,28,452.0
2025-02-01,NBL-1026,527.0,0.0,28,452.0
2025-02-08,NBL-1026,394.0,522.0,28,452.0
2025-02-15,NBL-1026,295.0,522.0,28,452.0
2025-02-22,NBL-1026,693.0,0.0,28,452.0
2025-03-01,NBL-1026,567.0,0.0,28,452.0
2025-03-08,NBL-1026,446.0,522.0,28,452.0
2025-03-15,NBL-1026,334.0,522.0,28,452.0
2025-03-22,NBL-1026,710.0,0.0,28,452.0
2025-03-29,NBL-1026,571.0,0.0,28,452.0
2025-04-05,NBL-1026,400.0,522.0,28,452.0
2025-04-12,NBL-1026,248.0,522.0,28,452.0
2025-04-19,NBL-1026,628.0,0.0,28,452.0
2025-04-26,NBL-1026,513.0,0.0,28,452.0
2025-05-03,NBL-1026,389.0,522.0,28,452.0
2025-05-10,NBL-1026,231.0,522.0,28,452.0
2025-05-17,NBL-1026,579.0,0.0,28,452.0
2025-05-24,NBL-1026,409.0,522.0,28,452.0
2025-05-31,NBL-1026,229.0,522.0,28,452.0
2025-06-07,NBL-1026,50.0,522.0,28,452.0
2025-06-14,NBL-1026,522.0,0.0,28,452.0
2025-06-21,NBL-1026,372.0,522.0,28,452.0
2025-06-28,NBL-1026,185.0,522.0,28,452.0
2025-07-05,NBL-1026,0.0,522.0,28,452.0
2025-07-12,NBL-1026,522.0,0.0,28,452.0
2025-07-19,NBL-1026,318.0,522.0,28,452.0
2025-07-26,NBL-1026,129.0,522.0,28,452.0
2025-08-02,NBL-1026,0.0,522.0,28,452.0
2025-08-09,NBL-1026,522.0,0.0,28,452.0
2025-08-16,NBL-1026,308.0,522.0,28,452.0
2025-08-23,NBL-1026,117.0,522.0,28,452.0
2025-08-30,NBL-1026,0.0,522.0,28,452.0
2025-09-06,NBL-1026,522.0,0.0,28,452.0
2025-09-13,NBL-1026,356.0,522.0,28,452.0
2025-09-20,NBL-1026,190.0,522.0,28,452.0
2025-09-27,NBL-1026,1.0,,28,452.0
2025-10-04,NBL-1026,522.0,0.0,28,452.0
2025-10-11,NBL-1026,362.0,522.0,28,452.0
2025-10-18,NBL-1026,165.0,522.0,28,452.0
2025-10-25,NBL-1026,0.0,522.0,28,452.0
2025-11-01,NBL-1026,522.0,0.0,28,452.0
2025-11-08,NBL-1026,335.0,522.0,28,452.0
2025-11-15,NBL-1026,172.0,522.0,28,452.0
2025-11-22,NBL-1026,34.0,522.0,28,452.0
2025-11-29,NBL-1026,522.0,0.0,28,452.0
2025-12-06,NBL-1026,362.0,522.0,28,452.0
2025-12-13,NBL-1026,213.0,522.0,28,452.0
2025-12-20,NBL-1026,57.0,522.0,28,452.0
2025-12-27,NBL-1026,522.0,0.0,28,452.0
2026-01-03,NBL-1026,363.0,522.0,28,452.0
2026-01-10,NBL-1026,211.0,522.0,28,452.0
2026-01-17,NBL-1026,71.0,522.0,28,452.0
2026-01-24,NBL-1026,522.0,0.0,28,452.0
2026-01-31,NBL-1026,381.0,522.0,28,452.0
2026-02-07,NBL-1026,224.0,522.0,28,452.0
2026-02-14,NBL-1026,90.0,522.0,28,452.0
2026-02-21,NBL-1026,522.0,0.0,28,452.0
2026-02-28,NBL-1026,365.0,522.0,28,452.0
2026-03-07,NBL-1026,196.0,522.0,28,452.0
2026-03-14,NBL-1026,32.0,522.0,28,452.0
2026-03-21,NBL-1026,522.0,0.0,28,452.0
2026-03-28,NBL-1026,347.0,522.0,28,452.0
2026-04-04,NBL-1026,199.0,522.0,28,452.0
2026-04-11,NBL-1026,32.0,522.0,28,452.0
2026-04-18,NBL-1026,522.0,0.0,28,452.0
2026-04-25,NBL-1026,351.0,522.0,28,452.0
2026-05-02,NBL-1026,196.0,522.0,28,452.0
2026-05-09,NBL-1026,0.0,522.0,28,452.0
2026-05-16,NBL-1026,522.0,0.0,28,452.0
2026-05-23,NBL-1026,290.0,522.0,28,452.0
2026-05-30,NBL-1026,102.0,522.0,28,452.0
2026-06-06,NBL-1026,0.0,522.0,28,452.0
2026-06-13,NBL-1026,522.0,0.0,28,452.0
2026-06-20,NBL-1026,295.0,522.0,28,452.0
2026-06-27,NBL-1026,90.0,522.0,28,452.0
2026-07-04,NBL-1026,0.0,522.0,28,452.0
2026-07-11,NBL-1026,522.0,0.0,28,452.0
2024-07-13,NBL-1027,707.0,0.0,21,345.0
2024-07-20,NBL-1027,572.0,0.0,21,345.0
2024-07-27,NBL-1027,403.0,0.0,21,345.0
2024-08-03,NBL-1027,629.0,0.0,21,345.0
2024-08-10,NBL-1027,491.0,0.0,21,345.0
2024-08-17,NBL-1027,364.0,0.0,21,345.0
2024-08-24,NBL-1027,617.0,0.0,21,345.0
2024-08-31,NBL-1027,460.0,0.0,21,345.0
2024-09-07,NBL-1027,319.0,398.0,21,345.0
2024-09-14,NBL-1027,583.0,0.0,21,345.0
2024-09-21,NBL-1027,459.0,0.0,21,345.0
2024-09-28,NBL-1027,336.0,398.0,21,345.0
2024-10-05,NBL-1027,594.0,0.0,21,345.0
2024-10-12,NBL-1027,469.0,0.0,21,345.0
2024-10-19,NBL-1027,352.0,0.0,21,345.0
2024-10-26,NBL-1027,643.0,0.0,21,345.0
2024-11-02,NBL-1027,519.0,0.0,21,345.0
2024-11-09,NBL-1027,404.0,0.0,21,345.0
2024-11-16,NBL-1027,695.0,0.0,21,345.0
2024-11-23,NBL-1027,579.0,0.0,21,345.0
2024-11-30,NBL-1027,483.0,0.0,21,345.0
2024-12-07,NBL-1027,366.0,0.0,21,345.0
2024-12-14,NBL-1027,239.0,398.0,21,345.0
2024-12-21,NBL-1027,115.0,398.0,21,345.0
2024-12-28,NBL-1027,408.0,0.0,21,345.0
2025-01-04,NBL-1027,308.0,398.0,21,345.0
2025-01-11,NBL-1027,211.0,398.0,21,345.0
2025-01-18,NBL-1027,498.0,0.0,21,345.0
2025-01-25,NBL-1027,409.0,0.0,21,345.0
2025-02-01,NBL-1027,319.0,398.0,21,345.0
2025-02-08,NBL-1027,633.0,0.0,21,345.0
2025-02-15,NBL-1027,530.0,0.0,21,345.0
2025-02-22,NBL-1027,425.0,0.0,21,345.0
2025-03-01,NBL-1027,730.0,0.0,21,345.0
2025-03-08,NBL-1027,660.0,0.0,21,345.0
2025-03-15,NBL-1027,536.0,0.0,21,345.0
2025-03-22,NBL-1027,437.0,0.0,21,345.0
2025-03-29,NBL-1027,336.0,398.0,21,345.0
2025-04-05,NBL-1027,224.0,398.0,21,345.0
2025-04-12,NBL-1027,501.0,0.0,21,345.0
2025-04-19,NBL-1027,392.0,0.0,21,345.0
2025-04-26,NBL-1027,305.0,398.0,21,345.0
2025-05-03,NBL-1027,601.0,0.0,21,345.0
2025-05-10,NBL-1027,509.0,0.0,21,345.0
2025-05-17,NBL-1027,402.0,0.0,21,345.0
2025-05-24,NBL-1027,687.0,0.0,21,345.0
2025-05-31,NBL-1027,565.0,0.0,21,345.0
2025-06-07,NBL-1027,468.0,0.0,21,345.0
2025-06-14,NBL-1027,738.0,0.0,21,345.0
2025-06-21,NBL-1027,634.0,0.0,21,345.0
2025-06-28,NBL-1027,516.0,0.0,21,345.0
2025-07-05,NBL-1027,375.0,,21,345.0
2025-07-12,NBL-1027,269.0,398.0,21,345.0
2025-07-19,NBL-1027,147.0,398.0,21,345.0
2025-07-26,NBL-1027,455.0,0.0,21,345.0
2025-08-02,NBL-1027,347.0,0.0,21,345.0
2025-08-09,NBL-1027,229.0,398.0,21,345.0
2025-08-16,NBL-1027,508.0,0.0,21,345.0
2025-08-23,NBL-1027,388.0,0.0,21,345.0
2025-08-30,NBL-1027,289.0,398.0,21,345.0
2025-09-06,NBL-1027,578.0,0.0,21,345.0
2025-09-13,NBL-1027,469.0,0.0,21,345.0
2025-09-20,NBL-1027,377.0,0.0,21,345.0
2025-09-27,NBL-1027,680.0,0.0,21,345.0
2025-10-04,NBL-1027,560.0,0.0,21,345.0
2025-10-11,NBL-1027,454.0,0.0,21,345.0
2025-10-18,NBL-1027,361.0,0.0,21,345.0
2025-10-25,NBL-1027,270.0,398.0,21,345.0
2025-11-01,NBL-1027,170.0,398.0,21,345.0
2025-11-08,NBL-1027,480.0,0.0,21,345.0
2025-11-15,NBL-1027,386.0,0.0,21,345.0
2025-11-22,NBL-1027,287.0,398.0,21,345.0
2025-11-29,NBL-1027,600.0,0.0,21,345.0
2025-12-06,NBL-1027,497.0,0.0,21,345.0
2025-12-13,NBL-1027,428.0,0.0,21,345.0
2025-12-20,NBL-1027,361.0,0.0,21,345.0
2025-12-27,NBL-1027,272.0,398.0,21,345.0
2026-01-03,NBL-1027,188.0,398.0,21,345.0
2026-01-10,NBL-1027,493.0,0.0,21,345.0
2026-01-17,NBL-1027,418.0,0.0,21,345.0
2026-01-24,NBL-1027,326.0,398.0,21,345.0
2026-01-31,NBL-1027,646.0,0.0,21,345.0
2026-02-07,NBL-1027,567.0,0.0,21,345.0
2026-02-14,NBL-1027,489.0,0.0,21,345.0
2026-02-21,NBL-1027,410.0,0.0,21,345.0
2026-02-28,NBL-1027,327.0,398.0,21,345.0
2026-03-07,NBL-1027,241.0,398.0,21,345.0
2026-03-14,NBL-1027,555.0,0.0,21,345.0
2026-03-21,NBL-1027,477.0,0.0,21,345.0
2026-03-28,NBL-1027,389.0,0.0,21,345.0
2026-04-04,NBL-1027,725.0,0.0,21,345.0
2026-04-11,NBL-1027,619.0,0.0,21,345.0
2026-04-18,NBL-1027,549.0,0.0,21,345.0
2026-04-25,NBL-1027,462.0,0.0,21,345.0
2026-05-02,NBL-1027,374.0,0.0,21,345.0
2026-05-09,NBL-1027,299.0,398.0,21,345.0
2026-05-16,NBL-1027,601.0,0.0,21,345.0
2026-05-23,NBL-1027,501.0,0.0,21,345.0
2026-05-30,NBL-1027,405.0,0.0,21,345.0
2026-06-06,NBL-1027,718.0,0.0,21,345.0
2026-06-13,NBL-1027,643.0,0.0,21,345.0
2026-06-20,NBL-1027,562.0,0.0,21,345.0
2026-06-27,NBL-1027,462.0,0.0,21,345.0
2026-07-04,NBL-1027,371.0,0.0,21,345.0
2026-07-11,NBL-1027,294.0,398.0,21,345.0
2024-07-13,NBL-1028,294.0,0.0,14,183.0
2024-07-20,NBL-1028,196.0,0.0,14,183.0
2024-07-27,NBL-1028,286.0,0.0,14,183.0
2024-08-03,NBL-1028,165.0,212.0,14,183.0
2024-08-10,NBL-1028,263.0,0.0,14,183.0
2024-08-17,NBL-1028,145.0,212.0,14,183.0
2024-08-24,NBL-1028,229.0,0.0,14,183.0
2024-08-31,NBL-1028,109.0,212.0,14,183.0
2024-09-07,NBL-1028,212.0,0.0,14,183.0
2024-09-14,NBL-1028,109.0,212.0,14,183.0
2024-09-21,NBL-1028,212.0,0.0,14,183.0
2024-09-28,NBL-1028,108.0,212.0,14,183.0
2024-10-05,NBL-1028,212.0,0.0,14,183.0
2024-10-12,NBL-1028,106.0,212.0,14,183.0
2024-10-19,NBL-1028,212.0,0.0,14,183.0
2024-10-26,NBL-1028,125.0,212.0,14,183.0
2024-11-02,NBL-1028,234.0,0.0,14,183.0
2024-11-09,NBL-1028,116.0,212.0,14,183.0
2024-11-16,NBL-1028,220.0,0.0,14,183.0
2024-11-23,NBL-1028,126.0,212.0,14,183.0
2024-11-30,NBL-1028,216.0,0.0,14,183.0
2024-12-07,NBL-1028,113.0,212.0,14,183.0
2024-12-14,NBL-1028,229.0,0.0,14,183.0
2024-12-21,NBL-1028,123.0,212.0,14,183.0
2024-12-28,NBL-1028,225.0,0.0,14,183.0
2025-01-04,NBL-1028,122.0,212.0,14,183.0
2025-01-11,NBL-1028,221.0,0.0,14,183.0
2025-01-18,NBL-1028,111.0,212.0,14,183.0
2025-01-25,NBL-1028,217.0,0.0,14,183.0
2025-02-01,NBL-1028,111.0,212.0,14,183.0
2025-02-08,NBL-1028,212.0,0.0,14,183.0
2025-02-15,NBL-1028,106.0,212.0,14,183.0
2025-02-22,NBL-1028,212.0,0.0,14,183.0
2025-03-01,NBL-1028,107.0,212.0,14,183.0
2025-03-08,NBL-1028,218.0,0.0,14,183.0
2025-03-15,NBL-1028,80.0,212.0,14,183.0
2025-03-22,NBL-1028,212.0,0.0,14,183.0
2025-03-29,NBL-1028,112.0,212.0,14,183.0
2025-04-05,NBL-1028,212.0,0.0,14,183.0
2025-04-12,NBL-1028,101.0,212.0,14,183.0
2025-04-19,NBL-1028,212.0,0.0,14,183.0
2025-04-26,NBL-1028,129.0,212.0,14,183.0
2025-05-03,NBL-1028,212.0,0.0,14,183.0
2025-05-10,NBL-1028,118.0,212.0,14,183.0
2025-05-17,NBL-1028,212.0,0.0,14,183.0
2025-05-24,NBL-1028,86.0,212.0,14,183.0
2025-05-31,NBL-1028,212.0,0.0,14,183.0
2025-06-07,NBL-1028,70.0,212.0,14,183.0
2025-06-14,NBL-1028,212.0,0.0,14,183.0
2025-06-21,NBL-1028,62.0,212.0,14,183.0
2025-06-28,NBL-1028,212.0,0.0,14,183.0
2025-07-05,NBL-1028,86.0,212.0,14,183.0
2025-07-12,NBL-1028,212.0,0.0,14,183.0
2025-07-19,NBL-1028,62.0,212.0,14,183.0
2025-07-26,NBL-1028,212.0,0.0,14,183.0
2025-08-02,NBL-1028,64.0,212.0,14,183.0
2025-08-09,NBL-1028,212.0,0.0,14,183.0
2025-08-16,NBL-1028,61.0,212.0,14,183.0
2025-08-23,NBL-1028,212.0,0.0,14,183.0
2025-08-30,NBL-1028,56.0,212.0,14,183.0
2025-09-06,NBL-1028,212.0,0.0,14,183.0
2025-09-13,NBL-1028,35.0,212.0,14,183.0
2025-09-20,NBL-1028,212.0,0.0,14,183.0
2025-09-27,NBL-1028,69.0,212.0,14,183.0
2025-10-04,NBL-1028,212.0,0.0,14,183.0
2025-10-11,NBL-1028,96.0,212.0,14,183.0
2025-10-18,NBL-1028,212.0,0.0,14,183.0
2025-10-25,NBL-1028,99.0,212.0,14,183.0
2025-11-01,NBL-1028,212.0,0.0,14,183.0
2025-11-08,NBL-1028,89.0,212.0,14,183.0
2025-11-15,NBL-1028,212.0,,14,183.0
2025-11-22,NBL-1028,92.0,212.0,14,183.0
2025-11-29,NBL-1028,212.0,0.0,14,183.0
2025-12-06,NBL-1028,80.0,212.0,14,183.0
2025-12-13,NBL-1028,212.0,0.0,14,183.0
2025-12-20,NBL-1028,67.0,212.0,14,183.0
2025-12-27,NBL-1028,212.0,0.0,14,183.0
2026-01-03,NBL-1028,105.0,,14,183.0
2026-01-10,NBL-1028,212.0,0.0,14,183.0
2026-01-17,NBL-1028,62.0,212.0,14,183.0
2026-01-24,NBL-1028,212.0,0.0,14,183.0
2026-01-31,NBL-1028,92.0,212.0,14,183.0
2026-02-07,NBL-1028,212.0,0.0,14,183.0
2026-02-14,NBL-1028,78.0,212.0,14,183.0
2026-02-21,NBL-1028,212.0,0.0,14,183.0
2026-02-28,NBL-1028,95.0,212.0,14,183.0
2026-03-07,NBL-1028,212.0,0.0,14,183.0
2026-03-14,NBL-1028,57.0,212.0,14,183.0
2026-03-21,NBL-1028,212.0,0.0,14,183.0
2026-03-28,NBL-1028,96.0,212.0,14,183.0
2026-04-04,NBL-1028,212.0,0.0,14,183.0
2026-04-11,NBL-1028,92.0,212.0,14,183.0
2026-04-18,NBL-1028,212.0,0.0,14,183.0
2026-04-25,NBL-1028,52.0,212.0,14,183.0
2026-05-02,NBL-1028,212.0,0.0,14,183.0
2026-05-09,NBL-1028,58.0,212.0,14,183.0
2026-05-16,NBL-1028,212.0,0.0,14,183.0
2026-05-23,NBL-1028,60.0,212.0,14,183.0
2026-05-30,NBL-1028,212.0,0.0,14,183.0
2026-06-06,NBL-1028,88.0,212.0,14,183.0
2026-06-13,NBL-1028,212.0,0.0,14,183.0
2026-06-20,NBL-1028,49.0,212.0,14,183.0
2026-06-27,NBL-1028,212.0,0.0,14,183.0
2026-07-04,NBL-1028,62.0,212.0,14,183.0
2026-07-11,NBL-1028,212.0,0.0,14,183.0
2024-07-13,NBL-1029,348.0,0.0,7,139.0
2024-07-20,NBL-1029,285.0,0.0,7,139.0
2024-07-27,NBL-1029,233.0,0.0,7,139.0
2024-08-03,NBL-1029,195.0,0.0,7,139.0
2024-08-10,NBL-1029,190.0,0.0,7,139.0
2024-08-17,NBL-1029,160.0,0.0,7,139.0
2024-08-24,NBL-1029,160.0,0.0,7,139.0
2024-08-31,NBL-1029,160.0,0.0,7,139.0
2024-09-07,NBL-1029,160.0,0.0,7,139.0
2024-09-14,NBL-1029,160.0,0.0,7,139.0
2024-09-21,NBL-1029,160.0,0.0,7,139.0
2024-09-28,NBL-1029,160.0,,7,139.0
2024-10-05,NBL-1029,208.0,0.0,7,139.0
2024-10-12,NBL-1029,212.0,0.0,7,139.0
2024-10-19,NBL-1029,223.0,0.0,7,139.0
2024-10-26,NBL-1029,258.0,0.0,7,139.0
2024-11-02,NBL-1029,255.0,0.0,7,139.0
2024-11-09,NBL-1029,255.0,0.0,7,139.0
2024-11-16,NBL-1029,253.0,0.0,7,139.0
2024-11-23,NBL-1029,297.0,0.0,7,139.0
2024-11-30,NBL-1029,212.0,0.0,7,139.0
2024-12-07,NBL-1029,272.0,0.0,7,139.0
2024-12-14,NBL-1029,168.0,0.0,7,139.0
2024-12-21,NBL-1029,237.0,0.0,7,139.0
2024-12-28,NBL-1029,268.0,0.0,7,139.0
2025-01-04,NBL-1029,139.0,0.0,7,139.0
2025-01-11,NBL-1029,213.0,0.0,7,139.0
2025-01-18,NBL-1029,280.0,0.0,7,139.0
2025-01-25,NBL-1029,154.0,0.0,7,139.0
2025-02-01,NBL-1029,223.0,0.0,7,139.0
2025-02-08,NBL-1029,291.0,0.0,7,139.0
2025-02-15,NBL-1029,193.0,0.0,7,139.0
2025-02-22,NBL-1029,224.0,0.0,7,139.0
2025-03-01,NBL-1029,274.0,0.0,7,139.0
2025-03-08,NBL-1029,159.0,0.0,7,139.0
2025-03-15,NBL-1029,238.0,0.0,7,139.0
2025-03-22,NBL-1029,293.0,0.0,7,139.0
2025-03-29,NBL-1029,157.0,0.0,7,139.0
2025-04-05,NBL-1029,197.0,0.0,7,139.0
2025-04-12,NBL-1029,240.0,0.0,7,139.0
2025-04-19,NBL-1029,246.0,0.0,7,139.0
2025-04-26,NBL-1029,242.0,0.0,7,139.0
2025-05-03,NBL-1029,266.0,0.0,7,139.0
2025-05-10,NBL-1029,262.0,0.0,7,139.0
2025-05-17,NBL-1029,259.0,0.0,7,139.0
2025-05-24,NBL-1029,231.0,0.0,7,139.0
2025-05-31,NBL-1029,229.0,0.0,7,139.0
2025-06-07,NBL-1029,198.0,0.0,7,139.0
2025-06-14,NBL-1029,163.0,0.0,7,139.0
2025-06-21,NBL-1029,160.0,0.0,7,139.0
2025-06-28,NBL-1029,160.0,0.0,7,139.0
2025-07-05,NBL-1029,166.0,0.0,7,139.0
2025-07-12,NBL-1029,160.0,0.0,7,139.0
2025-07-19,NBL-1029,160.0,0.0,7,139.0
2025-07-26,NBL-1029,160.0,0.0,7,139.0
2025-08-02,NBL-1029,160.0,0.0,7,139.0
2025-08-09,NBL-1029,160.0,0.0,7,139.0
2025-08-16,NBL-1029,160.0,0.0,7,139.0
2025-08-23,NBL-1029,160.0,0.0,7,139.0
2025-08-30,NBL-1029,163.0,0.0,7,139.0
2025-09-06,NBL-1029,160.0,0.0,7,139.0
2025-09-13,NBL-1029,166.0,0.0,7,139.0
2025-09-20,NBL-1029,160.0,0.0,7,139.0
2025-09-27,NBL-1029,160.0,0.0,7,139.0
2025-10-04,NBL-1029,173.0,0.0,7,139.0
2025-10-11,NBL-1029,160.0,0.0,7,139.0
2025-10-18,NBL-1029,198.0,0.0,7,139.0
2025-10-25,NBL-1029,198.0,0.0,7,139.0
2025-11-01,NBL-1029,246.0,0.0,7,139.0
2025-11-08,NBL-1029,266.0,0.0,7,139.0
2025-11-15,NBL-1029,143.0,0.0,7,139.0
2025-11-22,NBL-1029,174.0,0.0,7,139.0
2025-11-29,NBL-1029,192.0,0.0,7,139.0
2025-12-06,NBL-1029,233.0,0.0,7,139.0
2025-12-13,NBL-1029,258.0,0.0,7,139.0
2025-12-20,NBL-1029,162.0,0.0,7,139.0
2025-12-27,NBL-1029,211.0,0.0,7,139.0
2026-01-03,NBL-1029,258.0,0.0,7,139.0
2026-01-10,NBL-1029,163.0,0.0,7,139.0
2026-01-17,NBL-1029,224.0,0.0,7,139.0
2026-01-24,NBL-1029,146.0,0.0,7,139.0
2026-01-31,NBL-1029,212.0,0.0,7,139.0
2026-02-07,NBL-1029,264.0,0.0,7,139.0
2026-02-14,NBL-1029,149.0,0.0,7,139.0
2026-02-21,NBL-1029,208.0,0.0,7,139.0
2026-02-28,NBL-1029,253.0,0.0,7,139.0
2026-03-07,NBL-1029,146.0,0.0,7,139.0
2026-03-14,NBL-1029,197.0,0.0,7,139.0
2026-03-21,NBL-1029,247.0,0.0,7,139.0
2026-03-28,NBL-1029,255.0,0.0,7,139.0
2026-04-04,NBL-1029,269.0,0.0,7,139.0
2026-04-11,NBL-1029,273.0,0.0,7,139.0
2026-04-18,NBL-1029,287.0,0.0,7,139.0
2026-04-25,NBL-1029,292.0,0.0,7,139.0
2026-05-02,NBL-1029,161.0,0.0,7,139.0
2026-05-09,NBL-1029,194.0,0.0,7,139.0
2026-05-16,NBL-1029,191.0,0.0,7,139.0
2026-05-23,NBL-1029,160.0,0.0,7,139.0
2026-05-30,NBL-1029,160.0,0.0,7,139.0
2026-06-06,NBL-1029,160.0,0.0,7,139.0
2026-06-13,NBL-1029,168.0,0.0,7,139.0
2026-06-20,NBL-1029,172.0,0.0,7,139.0
2026-06-27,NBL-1029,190.0,0.0,7,139.0
2026-07-04,NBL-1029,171.0,0.0,7,139.0
2026-07-11,NBL-1029,160.0,0.0,7,139.0
2024-07-13,NBL-1030,1032.0,0.0,21,671.0
2024-07-20,NBL-1030,707.0,0.0,21,671.0
2024-07-27,NBL-1030,410.0,774.0,21,671.0
2024-08-03,NBL-1030,859.0,0.0,21,671.0
2024-08-10,NBL-1030,573.0,774.0,21,671.0
2024-08-17,NBL-1030,236.0,774.0,21,671.0
2024-08-24,NBL-1030,774.0,0.0,21,671.0
2024-08-31,NBL-1030,522.0,774.0,21,671.0
2024-09-07,NBL-1030,212.0,774.0,21,671.0
2024-09-14,NBL-1030,774.0,0.0,21,671.0
2024-09-21,NBL-1030,505.0,774.0,21,671.0
2024-09-28,NBL-1030,218.0,774.0,21,671.0
2024-10-05,NBL-1030,774.0,0.0,21,671.0
2024-10-12,NBL-1030,487.0,774.0,21,671.0
2024-10-19,NBL-1030,220.0,774.0,21,671.0
2024-10-26,NBL-1030,774.0,0.0,21,671.0
2024-11-02,NBL-1030,526.0,774.0,21,671.0
2024-11-09,NBL-1030,250.0,774.0,21,671.0
2024-11-16,NBL-1030,787.0,0.0,21,671.0
2024-11-23,NBL-1030,533.0,774.0,21,671.0
2024-11-30,NBL-1030,258.0,774.0,21,671.0
2024-12-07,NBL-1030,813.0,0.0,21,671.0
2024-12-14,NBL-1030,590.0,774.0,21,671.0
2024-12-21,NBL-1030,384.0,774.0,21,671.0
2024-12-28,NBL-1030,971.0,0.0,21,671.0
2025-01-04,NBL-1030,740.0,0.0,21,671.0
2025-01-11,NBL-1030,538.0,774.0,21,671.0
2025-01-18,NBL-1030,1124.0,0.0,21,671.0
2025-01-25,NBL-1030,908.0,0.0,21,671.0
2025-02-01,NBL-1030,650.0,774.0,21,671.0
2025-02-08,NBL-1030,1171.0,0.0,21,671.0
2025-02-15,NBL-1030,937.0,0.0,21,671.0
2025-02-22,NBL-1030,702.0,0.0,21,671.0
2025-03-01,NBL-1030,1257.0,0.0,21,671.0
2025-03-08,NBL-1030,1029.0,0.0,21,671.0
2025-03-15,NBL-1030,747.0,0.0,21,671.0
2025-03-22,NBL-1030,1261.0,0.0,21,671.0
2025-03-29,NBL-1030,1022.0,0.0,21,671.0
2025-04-05,NBL-1030,732.0,,21,671.0
2025-04-12,NBL-1030,1264.0,0.0,21,671.0
2025-04-19,NBL-1030,996.0,0.0,21,671.0
2025-04-26,NBL-1030,714.0,0.0,21,671.0
2025-05-03,NBL-1030,1225.0,0.0,21,671.0
2025-05-10,NBL-1030,903.0,0.0,21,671.0
2025-05-17,NBL-1030,661.0,774.0,21,671.0
2025-05-24,NBL-1030,1089.0,0.0,21,671.0
2025-05-31,NBL-1030,759.0,0.0,21,671.0
2025-06-07,NBL-1030,474.0,774.0,21,671.0
2025-06-14,NBL-1030,919.0,0.0,21,671.0
2025-06-21,NBL-1030,609.0,774.0,21,671.0
2025-06-28,NBL-1030,289.0,774.0,21,671.0
2025-07-05,NBL-1030,774.0,0.0,21,671.0
2025-07-12,NBL-1030,431.0,774.0,21,671.0
2025-07-19,NBL-1030,86.0,774.0,21,671.0
2025-07-26,NBL-1030,774.0,0.0,21,671.0
2025-08-02,NBL-1030,454.0,774.0,21,671.0
2025-08-09,NBL-1030,132.0,774.0,21,671.0
2025-08-16,NBL-1030,774.0,0.0,21,671.0
2025-08-23,NBL-1030,432.0,774.0,21,671.0
2025-08-30,NBL-1030,139.0,774.0,21,671.0
2025-09-06,NBL-1030,774.0,0.0,21,671.0
2025-09-13,NBL-1030,488.0,774.0,21,671.0
2025-09-20,NBL-1030,245.0,774.0,21,671.0
2025-09-27,NBL-1030,774.0,0.0,21,671.0
2025-10-04,NBL-1030,491.0,774.0,21,671.0
2025-10-11,NBL-1030,230.0,774.0,21,671.0
2025-10-18,NBL-1030,774.0,0.0,21,671.0
2025-10-25,NBL-1030,534.0,774.0,21,671.0
2025-11-01,NBL-1030,233.0,774.0,21,671.0
2025-11-08,NBL-1030,774.0,0.0,21,671.0
2025-11-15,NBL-1030,529.0,774.0,21,671.0
2025-11-22,NBL-1030,254.0,774.0,21,671.0
2025-11-29,NBL-1030,796.0,0.0,21,671.0
2025-12-06,NBL-1030,562.0,774.0,21,671.0
2025-12-13,NBL-1030,318.0,774.0,21,671.0
2025-12-20,NBL-1030,820.0,0.0,21,671.0
2025-12-27,NBL-1030,599.0,774.0,21,671.0
2026-01-03,NBL-1030,390.0,774.0,21,671.0
2026-01-10,NBL-1030,959.0,0.0,21,671.0
2026-01-17,NBL-1030,712.0,0.0,21,671.0
2026-01-24,NBL-1030,504.0,774.0,21,671.0
2026-01-31,NBL-1030,1020.0,0.0,21,671.0
2026-02-07,NBL-1030,765.0,0.0,21,671.0
2026-02-14,NBL-1030,532.0,774.0,21,671.0
2026-02-21,NBL-1030,1037.0,0.0,21,671.0
2026-02-28,NBL-1030,827.0,0.0,21,671.0
2026-03-07,NBL-1030,588.0,774.0,21,671.0
2026-03-14,NBL-1030,1075.0,0.0,21,671.0
2026-03-21,NBL-1030,822.0,0.0,21,671.0
2026-03-28,NBL-1030,574.0,774.0,21,671.0
2026-04-04,NBL-1030,1048.0,0.0,21,671.0
2026-04-11,NBL-1030,761.0,0.0,21,671.0
2026-04-18,NBL-1030,463.0,774.0,21,671.0
2026-04-25,NBL-1030,922.0,0.0,21,671.0
2026-05-02,NBL-1030,659.0,774.0,21,671.0
2026-05-09,NBL-1030,341.0,774.0,21,671.0
2026-05-16,NBL-1030,774.0,0.0,21,671.0
2026-05-23,NBL-1030,525.0,774.0,21,671.0
2026-05-30,NBL-1030,233.0,774.0,21,671.0
2026-06-06,NBL-1030,774.0,0.0,21,671.0
2026-06-13,NBL-1030,437.0,774.0,21,671.0
2026-06-20,NBL-1030,118.0,774.0,21,671.0
2026-06-27,NBL-1030,774.0,0.0,21,671.0
2026-07-04,NBL-1030,442.0,774.0,21,671.0
2026-07-11,NBL-1030,82.0,774.0,21,671.0
2024-07-13,NBL-1031,609.0,0.0,14,398.0
2024-07-20,NBL-1031,389.0,459.0,14,398.0
2024-07-27,NBL-1031,605.0,0.0,14,398.0
2024-08-03,NBL-1031,341.0,459.0,14,398.0
2024-08-10,NBL-1031,522.0,0.0,14,398.0
2024-08-17,NBL-1031,282.0,459.0,14,398.0
2024-08-24,NBL-1031,459.0,0.0,14,398.0
2024-08-31,NBL-1031,186.0,459.0,14,398.0
2024-09-07,NBL-1031,459.0,0.0,14,398.0
2024-09-14,NBL-1031,178.0,459.0,14,398.0
2024-09-21,NBL-1031,459.0,0.0,14,398.0
2024-09-28,NBL-1031,259.0,459.0,14,398.0
2024-10-05,NBL-1031,459.0,0.0,14,398.0
2024-10-12,NBL-1031,264.0,459.0,14,398.0
2024-10-19,NBL-1031,470.0,0.0,14,398.0
2024-10-26,NBL-1031,196.0,459.0,14,398.0
2024-11-02,NBL-1031,459.0,0.0,14,398.0
2024-11-09,NBL-1031,246.0,459.0,14,398.0
2024-11-16,NBL-1031,485.0,0.0,14,398.0
2024-11-23,NBL-1031,264.0,459.0,14,398.0
2024-11-30,NBL-1031,505.0,0.0,14,398.0
2024-12-07,NBL-1031,299.0,459.0,14,398.0
2024-12-14,NBL-1031,528.0,0.0,14,398.0
2024-12-21,NBL-1031,365.0,459.0,14,398.0
2024-12-28,NBL-1031,596.0,0.0,14,398.0
2025-01-04,NBL-1031,374.0,459.0,14,398.0
2025-01-11,NBL-1031,615.0,0.0,14,398.0
2025-01-18,NBL-1031,413.0,0.0,14,398.0
2025-01-25,NBL-1031,626.0,0.0,14,398.0
2025-02-01,NBL-1031,355.0,459.0,14,398.0
2025-02-08,NBL-1031,590.0,0.0,14,398.0
2025-02-15,NBL-1031,342.0,459.0,14,398.0
2025-02-22,NBL-1031,580.0,0.0,14,398.0
2025-03-01,NBL-1031,320.0,459.0,14,398.0
2025-03-08,NBL-1031,564.0,0.0,14,398.0
2025-03-15,NBL-1031,358.0,459.0,14,398.0
2025-03-22,NBL-1031,574.0,0.0,14,398.0
2025-03-29,NBL-1031,341.0,459.0,14,398.0
2025-04-05,NBL-1031,571.0,0.0,14,398.0
2025-04-12,NBL-1031,321.0,459.0,14,398.0
2025-04-19,NBL-1031,512.0,0.0,14,398.0
2025-04-26,NBL-1031,237.0,459.0,14,398.0
2025-05-03,NBL-1031,459.0,0.0,14,398.0
2025-05-10,NBL-1031,169.0,459.0,14,398.0
2025-05-17,NBL-1031,459.0,0.0,14,398.0
2025-05-24,NBL-1031,147.0,459.0,14,398.0
2025-05-31,NBL-1031,459.0,0.0,14,398.0
2025-06-07,NBL-1031,178.0,459.0,14,398.0
2025-06-14,NBL-1031,459.0,0.0,14,398.0
2025-06-21,NBL-1031,174.0,459.0,14,398.0
2025-06-28,NBL-1031,459.0,0.0,14,398.0
2025-07-05,NBL-1031,165.0,459.0,14,398.0
2025-07-12,NBL-1031,459.0,0.0,14,398.0
2025-07-19,NBL-1031,180.0,459.0,14,398.0
2025-07-26,NBL-1031,459.0,0.0,14,398.0
2025-08-02,NBL-1031,99.0,459.0,14,398.0
2025-08-09,NBL-1031,459.0,0.0,14,398.0
2025-08-16,NBL-1031,165.0,459.0,14,398.0
2025-08-23,NBL-1031,459.0,0.0,14,398.0
2025-08-30,NBL-1031,154.0,459.0,14,398.0
2025-09-06,NBL-1031,459.0,0.0,14,398.0
2025-09-13,NBL-1031,198.0,459.0,14,398.0
2025-09-20,NBL-1031,459.0,0.0,14,398.0
2025-09-27,NBL-1031,147.0,459.0,14,398.0
2025-10-04,NBL-1031,459.0,0.0,14,398.0
2025-10-11,NBL-1031,150.0,459.0,14,398.0
2025-10-18,NBL-1031,459.0,0.0,14,398.0
2025-10-25,NBL-1031,144.0,459.0,14,398.0
2025-11-01,NBL-1031,459.0,0.0,14,398.0
2025-11-08,NBL-1031,161.0,459.0,14,398.0
2025-11-15,NBL-1031,459.0,0.0,14,398.0
2025-11-22,NBL-1031,225.0,459.0,14,398.0
2025-11-29,NBL-1031,459.0,0.0,14,398.0
2025-12-06,NBL-1031,184.0,459.0,14,398.0
2025-12-13,NBL-1031,459.0,0.0,14,398.0
2025-12-20,NBL-1031,194.0,459.0,14,398.0
2025-12-27,NBL-1031,459.0,0.0,14,398.0
2026-01-03,NBL-1031,209.0,459.0,14,398.0
2026-01-10,NBL-1031,459.0,0.0,14,398.0
2026-01-17,NBL-1031,193.0,459.0,14,398.0
2026-01-24,NBL-1031,459.0,0.0,14,398.0
2026-01-31,NBL-1031,231.0,459.0,14,398.0
2026-02-07,NBL-1031,459.0,0.0,14,398.0
2026-02-14,NBL-1031,171.0,459.0,14,398.0
2026-02-21,NBL-1031,459.0,0.0,14,398.0
2026-02-28,NBL-1031,203.0,459.0,14,398.0
2026-03-07,NBL-1031,459.0,0.0,14,398.0
2026-03-14,NBL-1031,175.0,459.0,14,398.0
2026-03-21,NBL-1031,459.0,0.0,14,398.0
2026-03-28,NBL-1031,139.0,459.0,14,398.0
2026-04-04,NBL-1031,459.0,0.0,14,398.0
2026-04-11,NBL-1031,134.0,459.0,14,398.0
2026-04-18,NBL-1031,459.0,0.0,14,398.0
2026-04-25,NBL-1031,194.0,459.0,14,398.0
2026-05-02,NBL-1031,459.0,0.0,14,398.0
2026-05-09,NBL-1031,103.0,459.0,14,398.0
2026-05-16,NBL-1031,459.0,0.0,14,398.0
2026-05-23,NBL-1031,91.0,459.0,14,398.0
2026-05-30,NBL-1031,459.0,0.0,14,398.0
2026-06-06,NBL-1031,138.0,459.0,14,398.0
2026-06-13,NBL-1031,459.0,0.0,14,398.0
2026-06-20,NBL-1031,135.0,459.0,14,398.0
2026-06-27,NBL-1031,459.0,0.0,14,398.0
2026-07-04,NBL-1031,90.0,459.0,14,398.0
2026-07-11,NBL-1031,459.0,0.0,14,398.0
2024-07-13,NBL-1032,825.0,0.0,10,415.0
2024-07-20,NBL-1032,769.0,0.0,10,415.0
2024-07-27,NBL-1032,707.0,0.0,10,415.0
2024-08-03,NBL-1032,652.0,0.0,10,415.0
2024-08-10,NBL-1032,598.0,0.0,10,415.0
2024-08-17,NBL-1032,544.0,0.0,10,415.0
2024-08-24,NBL-1032,504.0,0.0,10,415.0
2024-08-31,NBL-1032,441.0,0.0,10,415.0
2024-09-07,NBL-1032,380.0,479.0,10,415.0
2024-09-14,NBL-1032,797.0,0.0,10,415.0
2024-09-21,NBL-1032,731.0,0.0,10,415.0
2024-09-28,NBL-1032,686.0,0.0,10,415.0
2024-10-05,NBL-1032,645.0,0.0,10,415.0
2024-10-12,NBL-1032,594.0,0.0,10,415.0
2024-10-19,NBL-1032,541.0,0.0,10,415.0
2024-10-26,NBL-1032,482.0,0.0,10,415.0
2024-11-02,NBL-1032,418.0,0.0,10,415.0
2024-11-09,NBL-1032,370.0,479.0,10,415.0
2024-11-16,NBL-1032,808.0,0.0,10,415.0
2024-11-23,NBL-1032,762.0,0.0,10,415.0
2024-11-30,NBL-1032,732.0,0.0,10,415.0
2024-12-07,NBL-1032,692.0,0.0,10,415.0
2024-12-14,NBL-1032,654.0,0.0,10,415.0
2024-12-21,NBL-1032,609.0,0.0,10,415.0
2024-12-28,NBL-1032,554.0,0.0,10,415.0
2025-01-04,NBL-1032,513.0,0.0,10,415.0
2025-01-11,NBL-1032,490.0,0.0,10,415.0
2025-01-18,NBL-1032,443.0,0.0,10,415.0
2025-01-25,NBL-1032,415.0,479.0,10,415.0
2025-02-01,NBL-1032,857.0,0.0,10,415.0
2025-02-08,NBL-1032,803.0,0.0,10,415.0
2025-02-15,NBL-1032,768.0,0.0,10,415.0
2025-02-22,NBL-1032,721.0,0.0,10,415.0
2025-03-01,NBL-1032,680.0,0.0,10,415.0
2025-03-08,NBL-1032,631.0,0.0,10,415.0
2025-03-15,NBL-1032,602.0,0.0,10,415.0
2025-03-22,NBL-1032,563.0,0.0,10,415.0
2025-03-29,NBL-1032,498.0,0.0,10,415.0
2025-04-05,NBL-1032,453.0,0.0,10,415.0
2025-04-12,NBL-1032,419.0,0.0,10,415.0
2025-04-19,NBL-1032,860.0,0.0,10,415.0
2025-04-26,NBL-1032,823.0,0.0,10,415.0
2025-05-03,NBL-1032,755.0,0.0,10,415.0
2025-05-10,NBL-1032,693.0,0.0,10,415.0
2025-05-17,NBL-1032,646.0,0.0,10,415.0
2025-05-24,NBL-1032,588.0,0.0,10,415.0
2025-05-31,NBL-1032,508.0,0.0,10,415.0
2025-06-07,NBL-1032,425.0,0.0,10,415.0
2025-06-14,NBL-1032,355.0,479.0,10,415.0
2025-06-21,NBL-1032,760.0,0.0,10,415.0
2025-06-28,NBL-1032,699.0,0.0,10,415.0
2025-07-05,NBL-1032,633.0,0.0,10,415.0
2025-07-12,NBL-1032,553.0,0.0,10,415.0
2025-07-19,NBL-1032,477.0,0.0,10,415.0
2025-07-26,NBL-1032,395.0,479.0,10,415.0
2025-08-02,NBL-1032,797.0,0.0,10,415.0
2025-08-09,NBL-1032,714.0,0.0,10,415.0
2025-08-16,NBL-1032,655.0,0.0,10,415.0
2025-08-23,NBL-1032,585.0,0.0,10,415.0
2025-08-30,NBL-1032,530.0,0.0,10,415.0
2025-09-06,NBL-1032,467.0,0.0,10,415.0
2025-09-13,NBL-1032,395.0,479.0,10,415.0
2025-09-20,NBL-1032,819.0,0.0,10,415.0
2025-09-27,NBL-1032,748.0,0.0,10,415.0
2025-10-04,NBL-1032,702.0,0.0,10,415.0
2025-10-11,NBL-1032,649.0,0.0,10,415.0
2025-10-18,NBL-1032,574.0,0.0,10,415.0
2025-10-25,NBL-1032,506.0,0.0,10,415.0
2025-11-01,NBL-1032,457.0,0.0,10,415.0
2025-11-08,NBL-1032,395.0,479.0,10,415.0
2025-11-15,NBL-1032,808.0,0.0,10,415.0
2025-11-22,NBL-1032,744.0,0.0,10,415.0
2025-11-29,NBL-1032,689.0,0.0,10,415.0
2025-12-06,NBL-1032,641.0,0.0,10,415.0
2025-12-13,NBL-1032,579.0,0.0,10,415.0
2025-12-20,NBL-1032,517.0,0.0,10,415.0
2025-12-27,NBL-1032,473.0,,10,415.0
2026-01-03,NBL-1032,426.0,0.0,10,415.0
2026-01-10,NBL-1032,349.0,479.0,10,415.0
2026-01-17,NBL-1032,760.0,0.0,10,415.0
2026-01-24,NBL-1032,716.0,0.0,10,415.0
2026-01-31,NBL-1032,654.0,0.0,10,415.0
2026-02-07,NBL-1032,597.0,0.0,10,415.0
2026-02-14,NBL-1032,523.0,0.0,10,415.0
2026-02-21,NBL-1032,468.0,0.0,10,415.0
2026-02-28,NBL-1032,429.0,0.0,10,415.0
2026-03-07,NBL-1032,865.0,0.0,10,415.0
2026-03-14,NBL-1032,801.0,0.0,10,415.0
2026-03-21,NBL-1032,718.0,0.0,10,415.0
2026-03-28,NBL-1032,662.0,0.0,10,415.0
2026-04-04,NBL-1032,590.0,0.0,10,415.0
2026-04-11,NBL-1032,526.0,0.0,10,415.0
2026-04-18,NBL-1032,444.0,0.0,10,415.0
2026-04-25,NBL-1032,862.0,0.0,10,415.0
2026-05-02,NBL-1032,791.0,0.0,10,415.0
2026-05-09,NBL-1032,712.0,0.0,10,415.0
2026-05-16,NBL-1032,619.0,0.0,10,415.0
2026-05-23,NBL-1032,526.0,0.0,10,415.0
2026-05-30,NBL-1032,438.0,0.0,10,415.0
2026-06-06,NBL-1032,834.0,0.0,10,415.0
2026-06-13,NBL-1032,754.0,0.0,10,415.0
2026-06-20,NBL-1032,705.0,0.0,10,415.0
2026-06-27,NBL-1032,614.0,0.0,10,415.0
2026-07-04,NBL-1032,527.0,0.0,10,415.0
2026-07-11,NBL-1032,448.0,0.0,10,415.0
2024-07-13,NBL-1033,735.0,0.0,14,571.0
2024-07-20,NBL-1033,288.0,659.0,14,571.0
2024-07-27,NBL-1033,659.0,0.0,14,571.0
2024-08-03,NBL-1033,212.0,659.0,14,571.0
2024-08-10,NBL-1033,659.0,0.0,14,571.0
2024-08-17,NBL-1033,336.0,659.0,14,571.0
2024-08-24,NBL-1033,659.0,0.0,14,571.0
2024-08-31,NBL-1033,149.0,659.0,14,571.0
2024-09-07,NBL-1033,659.0,0.0,14,571.0
2024-09-14,NBL-1033,287.0,659.0,14,571.0
2024-09-21,NBL-1033,659.0,0.0,14,571.0
2024-09-28,NBL-1033,233.0,659.0,14,571.0
2024-10-05,NBL-1033,659.0,0.0,14,571.0
2024-10-12,NBL-1033,331.0,659.0,14,571.0
2024-10-19,NBL-1033,665.0,0.0,14,571.0
2024-10-26,NBL-1033,281.0,659.0,14,571.0
2024-11-02,NBL-1033,681.0,0.0,14,571.0
2024-11-09,NBL-1033,384.0,659.0,14,571.0
2024-11-16,NBL-1033,678.0,0.0,14,571.0
2024-11-23,NBL-1033,383.0,659.0,14,571.0
2024-11-30,NBL-1033,765.0,0.0,14,571.0
2024-12-07,NBL-1033,465.0,659.0,14,571.0
2024-12-14,NBL-1033,859.0,0.0,14,571.0
2024-12-21,NBL-1033,556.0,659.0,14,571.0
2024-12-28,NBL-1033,951.0,0.0,14,571.0
2025-01-04,NBL-1033,614.0,0.0,14,571.0
2025-01-11,NBL-1033,996.0,0.0,14,571.0
2025-01-18,NBL-1033,710.0,0.0,14,571.0
2025-01-25,NBL-1033,1071.0,0.0,14,571.0
2025-02-01,NBL-1033,788.0,0.0,14,571.0
2025-02-08,NBL-1033,1189.0,0.0,14,571.0
2025-02-15,NBL-1033,888.0,0.0,14,571.0
2025-02-22,NBL-1033,645.0,0.0,14,571.0
2025-03-01,NBL-1033,381.0,659.0,14,571.0
2025-03-08,NBL-1033,703.0,0.0,14,571.0
2025-03-15,NBL-1033,337.0,659.0,14,571.0
2025-03-22,NBL-1033,659.0,0.0,14,571.0
2025-03-29,NBL-1033,291.0,659.0,14,571.0
2025-04-05,NBL-1033,659.0,0.0,14,571.0
2025-04-12,NBL-1033,220.0,659.0,14,571.0
2025-04-19,NBL-1033,659.0,0.0,14,571.0
2025-04-26,NBL-1033,133.0,659.0,14,571.0
2025-05-03,NBL-1033,659.0,0.0,14,571.0
2025-05-10,NBL-1033,229.0,659.0,14,571.0
2025-05-17,NBL-1033,659.0,0.0,14,571.0
2025-05-24,NBL-1033,308.0,659.0,14,571.0
2025-05-31,NBL-1033,659.0,0.0,14,571.0
2025-06-07,NBL-1033,223.0,659.0,14,571.0
2025-06-14,NBL-1033,659.0,0.0,14,571.0
2025-06-21,NBL-1033,167.0,659.0,14,571.0
2025-06-28,NBL-1033,659.0,0.0,14,571.0
2025-07-05,NBL-1033,144.0,659.0,14,571.0
2025-07-12,NBL-1033,659.0,0.0,14,571.0
2025-07-19,NBL-1033,94.0,659.0,14,571.0
2025-07-26,NBL-1033,659.0,0.0,14,571.0
2025-08-02,NBL-1033,221.0,659.0,14,571.0
2025-08-09,NBL-1033,659.0,0.0,14,571.0
2025-08-16,NBL-1033,202.0,659.0,14,571.0
2025-08-23,NBL-1033,659.0,0.0,14,571.0
2025-08-30,NBL-1033,120.0,659.0,14,571.0
2025-09-06,NBL-1033,659.0,0.0,14,571.0
2025-09-13,NBL-1033,106.0,659.0,14,571.0
2025-09-20,NBL-1033,659.0,0.0,14,571.0
2025-09-27,NBL-1033,107.0,659.0,14,571.0
2025-10-04,NBL-1033,659.0,0.0,14,571.0
2025-10-11,NBL-1033,237.0,659.0,14,571.0
2025-10-18,NBL-1033,659.0,0.0,14,571.0
2025-10-25,NBL-1033,214.0,659.0,14,571.0
2025-11-01,NBL-1033,659.0,0.0,14,571.0
2025-11-08,NBL-1033,249.0,659.0,14,571.0
2025-11-15,NBL-1033,659.0,0.0,14,571.0
2025-11-22,NBL-1033,251.0,659.0,14,571.0
2025-11-29,NBL-1033,659.0,0.0,14,571.0
2025-12-06,NBL-1033,217.0,659.0,14,571.0
2025-12-13,NBL-1033,659.0,0.0,14,571.0
2025-12-20,NBL-1033,291.0,659.0,14,571.0
2025-12-27,NBL-1033,659.0,0.0,14,571.0
2026-01-03,NBL-1033,278.0,659.0,14,571.0
2026-01-10,NBL-1033,659.0,0.0,14,571.0
2026-01-17,NBL-1033,333.0,659.0,14,571.0
2026-01-24,NBL-1033,702.0,0.0,14,571.0
2026-01-31,NBL-1033,358.0,659.0,14,571.0
2026-02-07,NBL-1033,659.0,0.0,14,571.0
2026-02-14,NBL-1033,364.0,659.0,14,571.0
2026-02-21,NBL-1033,678.0,0.0,14,571.0
2026-02-28,NBL-1033,351.0,659.0,14,571.0
2026-03-07,NBL-1033,676.0,0.0,14,571.0
2026-03-14,NBL-1033,297.0,659.0,14,571.0
2026-03-21,NBL-1033,659.0,0.0,14,571.0
2026-03-28,NBL-1033,156.0,659.0,14,571.0
2026-04-04,NBL-1033,659.0,0.0,14,571.0
2026-04-11,NBL-1033,180.0,659.0,14,571.0
2026-04-18,NBL-1033,659.0,0.0,14,571.0
2026-04-25,NBL-1033,88.0,659.0,14,571.0
2026-05-02,NBL-1033,659.0,0.0,14,571.0
2026-05-09,NBL-1033,241.0,659.0,14,571.0
2026-05-16,NBL-1033,659.0,0.0,14,571.0
2026-05-23,NBL-1033,150.0,659.0,14,571.0
2026-05-30,NBL-1033,659.0,0.0,14,571.0
2026-06-06,NBL-1033,0.0,659.0,14,571.0
2026-06-13,NBL-1033,659.0,0.0,14,571.0
2026-06-20,NBL-1033,30.0,659.0,14,571.0
2026-06-27,NBL-1033,659.0,0.0,14,571.0
2026-07-04,NBL-1033,0.0,659.0,14,571.0
2026-07-11,NBL-1033,659.0,0.0,14,571.0
2024-07-13,NBL-1034,439.0,0.0,10,363.0
2024-07-20,NBL-1034,70.0,419.0,10,363.0
2024-07-27,NBL-1034,201.0,419.0,10,363.0
2024-08-03,NBL-1034,378.0,0.0,10,363.0
2024-08-10,NBL-1034,0.0,419.0,10,363.0
2024-08-17,NBL-1034,166.0,419.0,10,363.0
2024-08-24,NBL-1034,318.0,419.0,10,363.0
2024-08-31,NBL-1034,0.0,419.0,10,363.0
2024-09-07,NBL-1034,186.0,419.0,10,363.0
2024-09-14,NBL-1034,273.0,419.0,10,363.0
2024-09-21,NBL-1034,419.0,0.0,10,363.0
2024-09-28,NBL-1034,91.0,419.0,10,363.0
2024-10-05,NBL-1034,193.0,419.0,10,363.0
2024-10-12,NBL-1034,354.0,419.0,10,363.0
2024-10-19,NBL-1034,0.0,419.0,10,363.0
2024-10-26,NBL-1034,213.0,419.0,10,363.0
2024-11-02,NBL-1034,329.0,419.0,10,363.0
2024-11-09,NBL-1034,105.0,419.0,10,363.0
2024-11-16,NBL-1034,291.0,419.0,10,363.0
2024-11-23,NBL-1034,397.0,0.0,10,363.0
2024-11-30,NBL-1034,554.0,0.0,10,363.0
2024-12-07,NBL-1034,254.0,419.0,10,363.0
2024-12-14,NBL-1034,407.0,0.0,10,363.0
2024-12-21,NBL-1034,600.0,0.0,10,363.0
2024-12-28,NBL-1034,374.0,0.0,10,363.0
2025-01-04,NBL-1034,612.0,0.0,10,363.0
2025-01-11,NBL-1034,355.0,419.0,10,363.0
2025-01-18,NBL-1034,129.0,419.0,10,363.0
2025-01-25,NBL-1034,320.0,419.0,10,363.0
2025-02-01,NBL-1034,459.0,0.0,10,363.0
2025-02-08,NBL-1034,589.0,0.0,10,363.0
2025-02-15,NBL-1034,316.0,419.0,10,363.0
2025-02-22,NBL-1034,291.0,419.0,10,363.0
2025-03-01,NBL-1034,492.0,0.0,10,363.0
2025-03-08,NBL-1034,265.0,419.0,10,363.0
2025-03-15,NBL-1034,390.0,0.0,10,363.0
2025-03-22,NBL-1034,432.0,0.0,10,363.0
2025-03-29,NBL-1034,147.0,419.0,10,363.0
2025-04-05,NBL-1034,260.0,419.0,10,363.0
2025-04-12,NBL-1034,325.0,419.0,10,363.0
2025-04-19,NBL-1034,419.0,0.0,10,363.0
2025-04-26,NBL-1034,4.0,419.0,10,363.0
2025-05-03,NBL-1034,118.0,419.0,10,363.0
2025-05-10,NBL-1034,389.0,0.0,10,363.0
2025-05-17,NBL-1034,0.0,419.0,10,363.0
2025-05-24,NBL-1034,0.0,419.0,10,363.0
2025-05-31,NBL-1034,303.0,419.0,10,363.0
2025-06-07,NBL-1034,0.0,419.0,10,363.0
2025-06-14,NBL-1034,61.0,419.0,10,363.0
2025-06-21,NBL-1034,268.0,419.0,10,363.0
2025-06-28,NBL-1034,419.0,0.0,10,363.0
2025-07-05,NBL-1034,0.0,419.0,10,363.0
2025-07-12,NBL-1034,125.0,419.0,10,363.0
2025-07-19,NBL-1034,367.0,0.0,10,363.0
2025-07-26,NBL-1034,0.0,419.0,10,363.0
2025-08-02,NBL-1034,20.0,419.0,10,363.0
2025-08-09,NBL-1034,294.0,419.0,10,363.0
2025-08-16,NBL-1034,0.0,419.0,10,363.0
2025-08-23,NBL-1034,0.0,419.0,10,363.0
2025-08-30,NBL-1034,232.0,419.0,10,363.0
2025-09-06,NBL-1034,419.0,0.0,10,363.0
2025-09-13,NBL-1034,0.0,419.0,10,363.0
2025-09-20,NBL-1034,78.0,419.0,10,363.0
2025-09-27,NBL-1034,341.0,419.0,10,363.0
2025-10-04,NBL-1034,0.0,419.0,10,363.0
2025-10-11,NBL-1034,36.0,419.0,10,363.0
2025-10-18,NBL-1034,379.0,0.0,10,363.0
2025-10-25,NBL-1034,0.0,419.0,10,363.0
2025-11-01,NBL-1034,4.0,419.0,10,363.0
2025-11-08,NBL-1034,268.0,419.0,10,363.0
2025-11-15,NBL-1034,419.0,0.0,10,363.0
2025-11-22,NBL-1034,14.0,419.0,10,363.0
2025-11-29,NBL-1034,254.0,419.0,10,363.0
2025-12-06,NBL-1034,394.0,0.0,10,363.0
2025-12-13,NBL-1034,115.0,419.0,10,363.0
2025-12-20,NBL-1034,210.0,419.0,10,363.0
2025-12-27,NBL-1034,339.0,419.0,10,363.0
2026-01-03,NBL-1034,18.0,419.0,10,363.0
2026-01-10,NBL-1034,177.0,419.0,10,363.0
2026-01-17,NBL-1034,284.0,419.0,10,363.0
2026-01-24,NBL-1034,419.0,0.0,10,363.0
2026-01-31,NBL-1034,61.0,419.0,10,363.0
2026-02-07,NBL-1034,225.0,419.0,10,363.0
2026-02-14,NBL-1034,356.0,419.0,10,363.0
2026-02-21,NBL-1034,0.0,419.0,10,363.0
2026-02-28,NBL-1034,200.0,419.0,10,363.0
2026-03-07,NBL-1034,337.0,419.0,10,363.0
2026-03-14,NBL-1034,0.0,419.0,10,363.0
2026-03-21,NBL-1034,101.0,419.0,10,363.0
2026-03-28,NBL-1034,160.0,419.0,10,363.0
2026-04-04,NBL-1034,419.0,0.0,10,363.0
2026-04-11,NBL-1034,0.0,419.0,10,363.0
2026-04-18,NBL-1034,145.0,419.0,10,363.0
2026-04-25,NBL-1034,352.0,419.0,10,363.0
2026-05-02,NBL-1034,0.0,419.0,10,363.0
2026-05-09,NBL-1034,0.0,419.0,10,363.0
2026-05-16,NBL-1034,290.0,419.0,10,363.0
2026-05-23,NBL-1034,0.0,419.0,10,363.0
2026-05-30,NBL-1034,0.0,419.0,10,363.0
2026-06-06,NBL-1034,148.0,419.0,10,363.0
2026-06-13,NBL-1034,419.0,0.0,10,363.0
2026-06-20,NBL-1034,0.0,419.0,10,363.0
2026-06-27,NBL-1034,21.0,419.0,10,363.0
2026-07-04,NBL-1034,351.0,419.0,10,363.0
2026-07-11,NBL-1034,0.0,419.0,10,363.0
2024-07-13,NBL-1035,395.0,0.0,10,266.0
2024-07-20,NBL-1035,142.0,306.0,10,266.0
2024-07-27,NBL-1035,162.0,306.0,10,266.0
2024-08-03,NBL-1035,294.0,0.0,10,266.0
2024-08-10,NBL-1035,0.0,306.0,10,266.0
2024-08-17,NBL-1035,89.0,306.0,10,266.0
2024-08-24,NBL-1035,275.0,0.0,10,266.0
2024-08-31,NBL-1035,15.0,306.0,10,266.0
2024-09-07,NBL-1035,75.0,306.0,10,266.0
2024-09-14,NBL-1035,199.0,306.0,10,266.0
2024-09-21,NBL-1035,306.0,0.0,10,266.0
2024-09-28,NBL-1035,47.0,306.0,10,266.0
2024-10-05,NBL-1035,185.0,306.0,10,266.0
2024-10-12,NBL-1035,289.0,0.0,10,266.0
2024-10-19,NBL-1035,46.0,306.0,10,266.0
2024-10-26,NBL-1035,157.0,306.0,10,266.0
2024-11-02,NBL-1035,262.0,306.0,10,266.0
2024-11-09,NBL-1035,72.0,306.0,10,266.0
2024-11-16,NBL-1035,168.0,306.0,10,266.0
2024-11-23,NBL-1035,297.0,0.0,10,266.0
2024-11-30,NBL-1035,383.0,0.0,10,266.0
2024-12-07,NBL-1035,197.0,306.0,10,266.0
2024-12-14,NBL-1035,314.0,0.0,10,266.0
2024-12-21,NBL-1035,432.0,0.0,10,266.0
2024-12-28,NBL-1035,262.0,306.0,10,266.0
2025-01-04,NBL-1035,419.0,0.0,10,266.0
2025-01-11,NBL-1035,249.0,306.0,10,266.0
2025-01-18,NBL-1035,98.0,306.0,10,266.0
2025-01-25,NBL-1035,258.0,306.0,10,266.0
2025-02-01,NBL-1035,405.0,0.0,10,266.0
2025-02-08,NBL-1035,543.0,0.0,10,266.0
2025-02-15,NBL-1035,361.0,0.0,10,266.0
2025-02-22,NBL-1035,172.0,306.0,10,266.0
2025-03-01,NBL-1035,338.0,0.0,10,266.0
2025-03-08,NBL-1035,147.0,306.0,10,266.0
2025-03-15,NBL-1035,283.0,0.0,10,266.0
2025-03-22,NBL-1035,392.0,0.0,10,266.0
2025-03-29,NBL-1035,149.0,306.0,10,266.0
2025-04-05,NBL-1035,246.0,306.0,10,266.0
2025-04-12,NBL-1035,340.0,0.0,10,266.0
2025-04-19,NBL-1035,458.0,0.0,10,266.0
2025-04-26,NBL-1035,235.0,306.0,10,266.0
2025-05-03,NBL-1035,291.0,0.0,10,266.0
2025-05-10,NBL-1035,290.0,0.0,10,266.0
2025-05-17,NBL-1035,40.0,306.0,10,266.0
2025-05-24,NBL-1035,125.0,306.0,10,266.0
2025-05-31,NBL-1035,267.0,0.0,10,266.0
2025-06-07,NBL-1035,24.0,306.0,10,266.0
2025-06-14,NBL-1035,51.0,306.0,10,266.0
2025-06-21,NBL-1035,185.0,306.0,10,266.0
2025-06-28,NBL-1035,306.0,0.0,10,266.0
2025-07-05,NBL-1035,0.0,306.0,10,266.0
2025-07-12,NBL-1035,131.0,306.0,10,266.0
2025-07-19,NBL-1035,275.0,0.0,10,266.0
2025-07-26,NBL-1035,0.0,306.0,10,266.0
2025-08-02,NBL-1035,59.0,306.0,10,266.0
2025-08-09,NBL-1035,260.0,306.0,10,266.0
2025-08-16,NBL-1035,0.0,306.0,10,266.0
2025-08-23,NBL-1035,73.0,306.0,10,266.0
2025-08-30,NBL-1035,201.0,306.0,10,266.0
2025-09-06,NBL-1035,306.0,0.0,10,266.0
2025-09-13,NBL-1035,79.0,306.0,10,266.0
2025-09-20,NBL-1035,200.0,306.0,10,266.0
2025-09-27,NBL-1035,292.0,0.0,10,266.0
2025-10-04,NBL-1035,56.0,306.0,10,266.0
2025-10-11,NBL-1035,101.0,306.0,10,266.0
2025-10-18,NBL-1035,255.0,306.0,10,266.0
2025-10-25,NBL-1035,31.0,306.0,10,266.0
2025-11-01,NBL-1035,110.0,306.0,10,266.0
2025-11-08,NBL-1035,202.0,306.0,10,266.0
2025-11-15,NBL-1035,306.0,0.0,10,266.0
2025-11-22,NBL-1035,77.0,306.0,10,266.0
2025-11-29,NBL-1035,212.0,306.0,10,266.0
2025-12-06,NBL-1035,348.0,0.0,10,266.0
2025-12-13,NBL-1035,142.0,306.0,10,266.0
2025-12-20,NBL-1035,261.0,306.0,10,266.0
2025-12-27,NBL-1035,378.0,0.0,10,266.0
2026-01-03,NBL-1035,224.0,306.0,10,266.0
2026-01-10,NBL-1035,315.0,0.0,10,266.0
2026-01-17,NBL-1035,442.0,0.0,10,266.0
2026-01-24,NBL-1035,286.0,0.0,10,266.0
2026-01-31,NBL-1035,110.0,306.0,10,266.0
2026-02-07,NBL-1035,213.0,306.0,10,266.0
2026-02-14,NBL-1035,350.0,0.0,10,266.0
2026-02-21,NBL-1035,193.0,306.0,10,266.0
2026-02-28,NBL-1035,281.0,0.0,10,266.0
2026-03-07,NBL-1035,389.0,0.0,10,266.0
2026-03-14,NBL-1035,162.0,306.0,10,266.0
2026-03-21,NBL-1035,320.0,0.0,10,266.0
2026-03-28,NBL-1035,449.0,0.0,10,266.0
2026-04-04,NBL-1035,555.0,0.0,10,266.0
2026-04-11,NBL-1035,343.0,0.0,10,266.0
2026-04-18,NBL-1035,388.0,0.0,10,266.0
2026-04-25,NBL-1035,444.0,0.0,10,266.0
2026-05-02,NBL-1035,195.0,306.0,10,266.0
2026-05-09,NBL-1035,269.0,0.0,10,266.0
2026-05-16,NBL-1035,259.0,306.0,10,266.0
2026-05-23,NBL-1035,0.0,306.0,10,266.0
2026-05-30,NBL-1035,79.0,306.0,10,266.0
2026-06-06,NBL-1035,199.0,306.0,10,266.0
2026-06-13,NBL-1035,306.0,0.0,10,266.0
2026-06-20,NBL-1035,0.0,306.0,10,266.0
2026-06-27,NBL-1035,89.0,306.0,10,266.0
2026-07-04,NBL-1035,274.0,0.0,10,266.0
2026-07-11,NBL-1035,0.0,306.0,10,266.0
2024-07-13,NBL-1036,460.0,0.0,7,327.0
2024-07-20,NBL-1036,377.0,0.0,7,327.0
2024-07-27,NBL-1036,377.0,0.0,7,327.0
2024-08-03,NBL-1036,377.0,0.0,7,327.0
2024-08-10,NBL-1036,377.0,0.0,7,327.0
2024-08-17,NBL-1036,377.0,0.0,7,327.0
2024-08-24,NBL-1036,377.0,0.0,7,327.0
2024-08-31,NBL-1036,377.0,0.0,7,327.0
2024-09-07,NBL-1036,382.0,0.0,7,327.0
2024-09-14,NBL-1036,386.0,0.0,7,327.0
2024-09-21,NBL-1036,377.0,0.0,7,327.0
2024-09-28,NBL-1036,377.0,0.0,7,327.0
2024-10-05,NBL-1036,377.0,0.0,7,327.0
2024-10-12,NBL-1036,406.0,0.0,7,327.0
2024-10-19,NBL-1036,397.0,0.0,7,327.0
2024-10-26,NBL-1036,443.0,0.0,7,327.0
2024-11-02,NBL-1036,505.0,0.0,7,327.0
2024-11-09,NBL-1036,514.0,0.0,7,327.0
2024-11-16,NBL-1036,511.0,0.0,7,327.0
2024-11-23,NBL-1036,546.0,0.0,7,327.0
2024-11-30,NBL-1036,660.0,0.0,7,327.0
2024-12-07,NBL-1036,344.0,0.0,7,327.0
2024-12-14,NBL-1036,448.0,0.0,7,327.0
2024-12-21,NBL-1036,557.0,0.0,7,327.0
2024-12-28,NBL-1036,666.0,0.0,7,327.0
2025-01-04,NBL-1036,392.0,0.0,7,327.0
2025-01-11,NBL-1036,507.0,0.0,7,327.0
2025-01-18,NBL-1036,629.0,0.0,7,327.0
2025-01-25,NBL-1036,356.0,0.0,7,327.0
2025-02-01,NBL-1036,398.0,0.0,7,327.0
2025-02-08,NBL-1036,486.0,0.0,7,327.0
2025-02-15,NBL-1036,563.0,0.0,7,327.0
2025-02-22,NBL-1036,676.0,0.0,7,327.0
2025-03-01,NBL-1036,409.0,0.0,7,327.0
2025-03-08,NBL-1036,471.0,0.0,7,327.0
2025-03-15,NBL-1036,510.0,0.0,7,327.0
2025-03-22,NBL-1036,592.0,0.0,7,327.0
2025-03-29,NBL-1036,344.0,0.0,7,327.0
2025-04-05,NBL-1036,390.0,0.0,7,327.0
2025-04-12,NBL-1036,377.0,0.0,7,327.0
2025-04-19,NBL-1036,437.0,0.0,7,327.0
2025-04-26,NBL-1036,446.0,0.0,7,327.0
2025-05-03,NBL-1036,486.0,0.0,7,327.0
2025-05-10,NBL-1036,555.0,0.0,7,327.0
2025-05-17,NBL-1036,535.0,0.0,7,327.0
2025-05-24,NBL-1036,617.0,0.0,7,327.0
2025-05-31,NBL-1036,605.0,0.0,7,327.0
2025-06-07,NBL-1036,625.0,0.0,7,327.0
2025-06-14,NBL-1036,681.0,0.0,7,327.0
2025-06-21,NBL-1036,672.0,0.0,7,327.0
2025-06-28,NBL-1036,688.0,0.0,7,327.0
2025-07-05,NBL-1036,343.0,0.0,7,327.0
2025-07-12,NBL-1036,377.0,0.0,7,327.0
2025-07-19,NBL-1036,377.0,0.0,7,327.0
2025-07-26,NBL-1036,377.0,0.0,7,327.0
2025-08-02,NBL-1036,404.0,0.0,7,327.0
2025-08-09,NBL-1036,382.0,0.0,7,327.0
2025-08-16,NBL-1036,377.0,0.0,7,327.0
2025-08-23,NBL-1036,385.0,0.0,7,327.0
2025-08-30,NBL-1036,398.0,0.0,7,327.0
2025-09-06,NBL-1036,388.0,0.0,7,327.0
2025-09-13,NBL-1036,417.0,0.0,7,327.0
2025-09-20,NBL-1036,454.0,0.0,7,327.0
2025-09-27,NBL-1036,455.0,0.0,7,327.0
2025-10-04,NBL-1036,499.0,0.0,7,327.0
2025-10-11,NBL-1036,551.0,0.0,7,327.0
2025-10-18,NBL-1036,584.0,0.0,7,327.0
2025-10-25,NBL-1036,331.0,0.0,7,327.0
2025-11-01,NBL-1036,411.0,0.0,7,327.0
2025-11-08,NBL-1036,551.0,0.0,7,327.0
2025-11-15,NBL-1036,329.0,0.0,7,327.0
2025-11-22,NBL-1036,429.0,0.0,7,327.0
2025-11-29,NBL-1036,493.0,0.0,7,327.0
2025-12-06,NBL-1036,630.0,0.0,7,327.0
2025-12-13,NBL-1036,352.0,0.0,7,327.0
2025-12-20,NBL-1036,495.0,0.0,7,327.0
2025-12-27,NBL-1036,652.0,0.0,7,327.0
2026-01-03,NBL-1036,420.0,0.0,7,327.0
2026-01-10,NBL-1036,595.0,0.0,7,327.0
2026-01-17,NBL-1036,328.0,0.0,7,327.0
2026-01-24,NBL-1036,516.0,0.0,7,327.0
2026-01-31,NBL-1036,663.0,0.0,7,327.0
2026-02-07,NBL-1036,382.0,0.0,7,327.0
2026-02-14,NBL-1036,512.0,0.0,7,327.0
2026-02-21,NBL-1036,617.0,0.0,7,327.0
2026-02-28,NBL-1036,401.0,0.0,7,327.0
2026-03-07,NBL-1036,496.0,0.0,7,327.0
2026-03-14,NBL-1036,664.0,0.0,7,327.0
2026-03-21,NBL-1036,434.0,0.0,7,327.0
2026-03-28,NBL-1036,551.0,0.0,7,327.0
2026-04-04,NBL-1036,633.0,0.0,7,327.0
2026-04-11,NBL-1036,370.0,0.0,7,327.0
2026-04-18,NBL-1036,514.0,0.0,7,327.0
2026-04-25,NBL-1036,608.0,0.0,7,327.0
2026-05-02,NBL-1036,369.0,0.0,7,327.0
2026-05-09,NBL-1036,440.0,0.0,7,327.0
2026-05-16,NBL-1036,480.0,0.0,7,327.0
2026-05-23,NBL-1036,589.0,0.0,7,327.0
2026-05-30,NBL-1036,666.0,0.0,7,327.0
2026-06-06,NBL-1036,348.0,0.0,7,327.0
2026-06-13,NBL-1036,453.0,0.0,7,327.0
2026-06-20,NBL-1036,502.0,,7,327.0
2026-06-27,NBL-1036,566.0,0.0,7,327.0
2026-07-04,NBL-1036,628.0,0.0,7,327.0
2026-07-11,NBL-1036,658.0,0.0,7,327.0
2024-07-13,NBL-1037,490.0,0.0,28,361.0
2024-07-20,NBL-1037,381.0,0.0,28,361.0
2024-07-27,NBL-1037,263.0,417.0,28,361.0
2024-08-03,NBL-1037,153.0,417.0,28,361.0
2024-08-10,NBL-1037,464.0,0.0,28,361.0
2024-08-17,NBL-1037,367.0,0.0,28,361.0
2024-08-24,NBL-1037,241.0,417.0,28,361.0
2024-08-31,NBL-1037,157.0,417.0,28,361.0
2024-09-07,NBL-1037,485.0,0.0,28,361.0
2024-09-14,NBL-1037,377.0,0.0,28,361.0
2024-09-21,NBL-1037,265.0,417.0,28,361.0
2024-09-28,NBL-1037,134.0,417.0,28,361.0
2024-10-05,NBL-1037,429.0,0.0,28,361.0
2024-10-12,NBL-1037,309.0,417.0,28,361.0
2024-10-19,NBL-1037,189.0,417.0,28,361.0
2024-10-26,NBL-1037,78.0,417.0,28,361.0
2024-11-02,NBL-1037,417.0,0.0,28,361.0
2024-11-09,NBL-1037,301.0,417.0,28,361.0
2024-11-16,NBL-1037,187.0,417.0,28,361.0
2024-11-23,NBL-1037,102.0,417.0,28,361.0
2024-11-30,NBL-1037,417.0,0.0,28,361.0
2024-12-07,NBL-1037,298.0,417.0,28,361.0
2024-12-14,NBL-1037,205.0,417.0,28,361.0
2024-12-21,NBL-1037,83.0,417.0,28,361.0
2024-12-28,NBL-1037,417.0,0.0,28,361.0
2025-01-04,NBL-1037,300.0,417.0,28,361.0
2025-01-11,NBL-1037,193.0,417.0,28,361.0
2025-01-18,NBL-1037,82.0,417.0,28,361.0
2025-01-25,NBL-1037,417.0,0.0,28,361.0
2025-02-01,NBL-1037,288.0,417.0,28,361.0
2025-02-08,NBL-1037,142.0,417.0,28,361.0
2025-02-15,NBL-1037,30.0,417.0,28,361.0
2025-02-22,NBL-1037,417.0,0.0,28,361.0
2025-03-01,NBL-1037,294.0,417.0,28,361.0
2025-03-08,NBL-1037,186.0,417.0,28,361.0
2025-03-15,NBL-1037,71.0,417.0,28,361.0
2025-03-22,NBL-1037,417.0,0.0,28,361.0
2025-03-29,NBL-1037,313.0,417.0,28,361.0
2025-04-05,NBL-1037,181.0,417.0,28,361.0
2025-04-12,NBL-1037,39.0,417.0,28,361.0
2025-04-19,NBL-1037,417.0,0.0,28,361.0
2025-04-26,NBL-1037,284.0,417.0,28,361.0
2025-05-03,NBL-1037,140.0,417.0,28,361.0
2025-05-10,NBL-1037,0.0,417.0,28,361.0
2025-05-17,NBL-1037,417.0,0.0,28,361.0
2025-05-24,NBL-1037,294.0,417.0,28,361.0
2025-05-31,NBL-1037,145.0,417.0,28,361.0
2025-06-07,NBL-1037,0.0,417.0,28,361.0
2025-06-14,NBL-1037,417.0,0.0,28,361.0
2025-06-21,NBL-1037,279.0,417.0,28,361.0
2025-06-28,NBL-1037,125.0,417.0,28,361.0
2025-07-05,NBL-1037,0.0,417.0,28,361.0
2025-07-12,NBL-1037,417.0,0.0,28,361.0
2025-07-19,NBL-1037,265.0,417.0,28,361.0
2025-07-26,NBL-1037,116.0,417.0,28,361.0
2025-08-02,NBL-1037,0.0,417.0,28,361.0
2025-08-09,NBL-1037,417.0,0.0,28,361.0
2025-08-16,NBL-1037,273.0,417.0,28,361.0
2025-08-23,NBL-1037,121.0,417.0,28,361.0
2025-08-30,NBL-1037,2.0,417.0,28,361.0
2025-09-06,NBL-1037,417.0,0.0,28,361.0
2025-09-13,NBL-1037,254.0,417.0,28,361.0
2025-09-20,NBL-1037,93.0,417.0,28,361.0
2025-09-27,NBL-1037,0.0,417.0,28,361.0
2025-10-04,NBL-1037,417.0,0.0,28,361.0
2025-10-11,NBL-1037,268.0,417.0,28,361.0
2025-10-18,NBL-1037,104.0,417.0,28,361.0
2025-10-25,NBL-1037,0.0,417.0,28,361.0
2025-11-01,NBL-1037,417.0,0.0,28,361.0
2025-11-08,NBL-1037,275.0,417.0,28,361.0
2025-11-15,NBL-1037,142.0,417.0,28,361.0
2025-11-22,NBL-1037,0.0,417.0,28,361.0
2025-11-29,NBL-1037,417.0,0.0,28,361.0
2025-12-06,NBL-1037,302.0,417.0,28,361.0
2025-12-13,NBL-1037,165.0,417.0,28,361.0
2025-12-20,NBL-1037,4.0,417.0,28,361.0
2025-12-27,NBL-1037,417.0,0.0,28,361.0
2026-01-03,NBL-1037,276.0,417.0,28,361.0
2026-01-10,NBL-1037,175.0,417.0,28,361.0
2026-01-17,NBL-1037,32.0,417.0,28,361.0
2026-01-24,NBL-1037,417.0,0.0,28,361.0
2026-01-31,NBL-1037,251.0,417.0,28,361.0
2026-02-07,NBL-1037,97.0,417.0,28,361.0
2026-02-14,NBL-1037,0.0,417.0,28,361.0
2026-02-21,NBL-1037,417.0,0.0,28,361.0
2026-02-28,NBL-1037,270.0,417.0,28,361.0
2026-03-07,NBL-1037,133.0,417.0,28,361.0
2026-03-14,NBL-1037,0.0,417.0,28,361.0
2026-03-21,NBL-1037,417.0,0.0,28,361.0
2026-03-28,NBL-1037,266.0,417.0,28,361.0
2026-04-04,NBL-1037,111.0,417.0,28,361.0
2026-04-11,NBL-1037,0.0,417.0,28,361.0
2026-04-18,NBL-1037,417.0,0.0,28,361.0
2026-04-25,NBL-1037,259.0,417.0,28,361.0
2026-05-02,NBL-1037,83.0,417.0,28,361.0
2026-05-09,NBL-1037,0.0,417.0,28,361.0
2026-05-16,NBL-1037,417.0,0.0,28,361.0
2026-05-23,NBL-1037,231.0,417.0,28,361.0
2026-05-30,NBL-1037,43.0,417.0,28,361.0
2026-06-06,NBL-1037,0.0,417.0,28,361.0
2026-06-13,NBL-1037,417.0,0.0,28,361.0
2026-06-20,NBL-1037,230.0,417.0,28,361.0
2026-06-27,NBL-1037,52.0,417.0,28,361.0
2026-07-04,NBL-1037,0.0,417.0,28,361.0
2026-07-11,NBL-1037,417.0,0.0,28,361.0
2024-07-13,NBL-1038,249.0,0.0,10,182.0
2024-07-20,NBL-1038,68.0,210.0,10,182.0
2024-07-27,NBL-1038,105.0,210.0,10,182.0
2024-08-03,NBL-1038,196.0,0.0,10,182.0
2024-08-10,NBL-1038,0.0,210.0,10,182.0
2024-08-17,NBL-1038,86.0,210.0,10,182.0
2024-08-24,NBL-1038,186.0,0.0,10,182.0
2024-08-31,NBL-1038,3.0,210.0,10,182.0
2024-09-07,NBL-1038,27.0,210.0,10,182.0
2024-09-14,NBL-1038,118.0,210.0,10,182.0
2024-09-21,NBL-1038,210.0,0.0,10,182.0
2024-09-28,NBL-1038,61.0,210.0,10,182.0
2024-10-05,NBL-1038,142.0,210.0,10,182.0
2024-10-12,NBL-1038,208.0,0.0,10,182.0
2024-10-19,NBL-1038,71.0,210.0,10,182.0
2024-10-26,NBL-1038,157.0,210.0,10,182.0
2024-11-02,NBL-1038,238.0,0.0,10,182.0
2024-11-09,NBL-1038,138.0,210.0,10,182.0
2024-11-16,NBL-1038,236.0,0.0,10,182.0
2024-11-23,NBL-1038,351.0,0.0,10,182.0
2024-11-30,NBL-1038,257.0,0.0,10,182.0
2024-12-07,NBL-1038,145.0,210.0,10,182.0
2024-12-14,NBL-1038,272.0,0.0,10,182.0
2024-12-21,NBL-1038,182.0,0.0,10,182.0
2024-12-28,NBL-1038,97.0,210.0,10,182.0
2025-01-04,NBL-1038,216.0,0.0,10,182.0
2025-01-11,NBL-1038,312.0,0.0,10,182.0
2025-01-18,NBL-1038,218.0,0.0,10,182.0
2025-01-25,NBL-1038,126.0,210.0,10,182.0
2025-02-01,NBL-1038,222.0,0.0,10,182.0
2025-02-08,NBL-1038,351.0,0.0,10,182.0
2025-02-15,NBL-1038,221.0,0.0,10,182.0
2025-02-22,NBL-1038,326.0,0.0,10,182.0
2025-03-01,NBL-1038,213.0,0.0,10,182.0
2025-03-08,NBL-1038,96.0,210.0,10,182.0
2025-03-15,NBL-1038,190.0,0.0,10,182.0
2025-03-22,NBL-1038,263.0,0.0,10,182.0
2025-03-29,NBL-1038,152.0,210.0,10,182.0
2025-04-05,NBL-1038,216.0,0.0,10,182.0
2025-04-12,NBL-1038,296.0,0.0,10,182.0
2025-04-19,NBL-1038,349.0,0.0,10,182.0
2025-04-26,NBL-1038,206.0,0.0,10,182.0
2025-05-03,NBL-1038,274.0,0.0,10,182.0
2025-05-10,NBL-1038,360.0,0.0,10,182.0
2025-05-17,NBL-1038,231.0,0.0,10,182.0
2025-05-24,NBL-1038,82.0,210.0,10,182.0
2025-05-31,NBL-1038,169.0,210.0,10,182.0
2025-06-07,NBL-1038,0.0,210.0,10,182.0
2025-06-14,NBL-1038,66.0,210.0,10,182.0
2025-06-21,NBL-1038,161.0,210.0,10,182.0
2025-06-28,NBL-1038,233.0,0.0,10,182.0
2025-07-05,NBL-1038,53.0,210.0,10,182.0
2025-07-12,NBL-1038,125.0,210.0,10,182.0
2025-07-19,NBL-1038,188.0,0.0,10,182.0
2025-07-26,NBL-1038,37.0,210.0,10,182.0
2025-08-02,NBL-1038,77.0,210.0,10,182.0
2025-08-09,NBL-1038,169.0,210.0,10,182.0
2025-08-16,NBL-1038,0.0,210.0,10,182.0
2025-08-23,NBL-1038,70.0,210.0,10,182.0
2025-08-30,NBL-1038,164.0,210.0,10,182.0
2025-09-06,NBL-1038,221.0,0.0,10,182.0
2025-09-13,NBL-1038,87.0,210.0,10,182.0
2025-09-20,NBL-1038,128.0,210.0,10,182.0
2025-09-27,NBL-1038,227.0,0.0,10,182.0
2025-10-04,NBL-1038,108.0,210.0,10,182.0
2025-10-11,NBL-1038,193.0,0.0,10,182.0
2025-10-18,NBL-1038,293.0,0.0,10,182.0
2025-10-25,NBL-1038,202.0,0.0,10,182.0
2025-11-01,NBL-1038,60.0,210.0,10,182.0
2025-11-08,NBL-1038,179.0,210.0,10,182.0
2025-11-15,NBL-1038,291.0,0.0,10,182.0
2025-11-22,NBL-1038,205.0,0.0,10,182.0
2025-11-29,NBL-1038,321.0,0.0,10,182.0
2025-12-06,NBL-1038,235.0,0.0,10,182.0
2025-12-13,NBL-1038,137.0,210.0,10,182.0
2025-12-20,NBL-1038,266.0,0.0,10,182.0
2025-12-27,NBL-1038,187.0,0.0,10,182.0
2026-01-03,NBL-1038,99.0,210.0,10,182.0
2026-01-10,NBL-1038,225.0,0.0,10,182.0
2026-01-17,NBL-1038,348.0,0.0,10,182.0
2026-01-24,NBL-1038,275.0,0.0,10,182.0
2026-01-31,NBL-1038,198.0,0.0,10,182.0
2026-02-07,NBL-1038,302.0,0.0,10,182.0
2026-02-14,NBL-1038,214.0,0.0,10,182.0
2026-02-21,NBL-1038,98.0,210.0,10,182.0
2026-02-28,NBL-1038,236.0,0.0,10,182.0
2026-03-07,NBL-1038,368.0,0.0,10,182.0
2026-03-14,NBL-1038,288.0,0.0,10,182.0
2026-03-21,NBL-1038,202.0,0.0,10,182.0
2026-03-28,NBL-1038,315.0,0.0,10,182.0
2026-04-04,NBL-1038,211.0,0.0,10,182.0
2026-04-11,NBL-1038,112.0,210.0,10,182.0
2026-04-18,NBL-1038,201.0,0.0,10,182.0
2026-04-25,NBL-1038,301.0,0.0,10,182.0
2026-05-02,NBL-1038,166.0,210.0,10,182.0
2026-05-09,NBL-1038,257.0,0.0,10,182.0
2026-05-16,NBL-1038,333.0,0.0,10,182.0
2026-05-23,NBL-1038,226.0,0.0,10,182.0
2026-05-30,NBL-1038,109.0,210.0,10,182.0
2026-06-06,NBL-1038,200.0,0.0,10,182.0
2026-06-13,NBL-1038,275.0,0.0,10,182.0
2026-06-20,NBL-1038,136.0,210.0,10,182.0
2026-06-27,NBL-1038,213.0,0.0,10,182.0
2026-07-04,NBL-1038,254.0,0.0,10,182.0
2026-07-11,NBL-1038,116.0,210.0,10,182.0
2024-07-13,NBL-1039,487.0,0.0,10,251.0
2024-07-20,NBL-1039,218.0,290.0,10,251.0
2024-07-27,NBL-1039,242.0,290.0,10,251.0
2024-08-03,NBL-1039,274.0,0.0,10,251.0
2024-08-10,NBL-1039,37.0,290.0,10,251.0
2024-08-17,NBL-1039,94.0,290.0,10,251.0
2024-08-24,NBL-1039,231.0,290.0,10,251.0
2024-08-31,NBL-1039,6.0,290.0,10,251.0
2024-09-07,NBL-1039,67.0,290.0,10,251.0
2024-09-14,NBL-1039,208.0,290.0,10,251.0
2024-09-21,NBL-1039,290.0,0.0,10,251.0
2024-09-28,NBL-1039,71.0,290.0,10,251.0
2024-10-05,NBL-1039,204.0,290.0,10,251.0
2024-10-12,NBL-1039,300.0,0.0,10,251.0
2024-10-19,NBL-1039,118.0,290.0,10,251.0
2024-10-26,NBL-1039,220.0,290.0,10,251.0
2024-11-02,NBL-1039,342.0,0.0,10,251.0
2024-11-09,NBL-1039,127.0,290.0,10,251.0
2024-11-16,NBL-1039,230.0,290.0,10,251.0
2024-11-23,NBL-1039,365.0,0.0,10,251.0
2024-11-30,NBL-1039,458.0,0.0,10,251.0
2024-12-07,NBL-1039,288.0,0.0,10,251.0
2024-12-14,NBL-1039,405.0,0.0,10,251.0
2024-12-21,NBL-1039,505.0,0.0,10,251.0
2024-12-28,NBL-1039,347.0,0.0,10,251.0
2025-01-04,NBL-1039,180.0,290.0,10,251.0
2025-01-11,NBL-1039,299.0,0.0,10,251.0
2025-01-18,NBL-1039,149.0,290.0,10,251.0
2025-01-25,NBL-1039,324.0,0.0,10,251.0
2025-02-01,NBL-1039,436.0,0.0,10,251.0
2025-02-08,NBL-1039,288.0,0.0,10,251.0
2025-02-15,NBL-1039,110.0,290.0,10,251.0
2025-02-22,NBL-1039,191.0,290.0,10,251.0
2025-03-01,NBL-1039,307.0,0.0,10,251.0
2025-03-08,NBL-1039,132.0,290.0,10,251.0
2025-03-15,NBL-1039,263.0,0.0,10,251.0
2025-03-22,NBL-1039,395.0,0.0,10,251.0
2025-03-29,NBL-1039,223.0,290.0,10,251.0
2025-04-05,NBL-1039,319.0,0.0,10,251.0
2025-04-12,NBL-1039,408.0,0.0,10,251.0
2025-04-19,NBL-1039,505.0,0.0,10,251.0
2025-04-26,NBL-1039,272.0,0.0,10,251.0
2025-05-03,NBL-1039,364.0,0.0,10,251.0
2025-05-10,NBL-1039,431.0,0.0,10,251.0
2025-05-17,NBL-1039,211.0,290.0,10,251.0
2025-05-24,NBL-1039,302.0,0.0,10,251.0
2025-05-31,NBL-1039,383.0,0.0,10,251.0
2025-06-07,NBL-1039,165.0,290.0,10,251.0
2025-06-14,NBL-1039,273.0,0.0,10,251.0
2025-06-21,NBL-1039,302.0,0.0,10,251.0
2025-06-28,NBL-1039,392.0,0.0,10,251.0
2025-07-05,NBL-1039,148.0,290.0,10,251.0
2025-07-12,NBL-1039,227.0,290.0,10,251.0
2025-07-19,NBL-1039,276.0,0.0,10,251.0
2025-07-26,NBL-1039,27.0,290.0,10,251.0
2025-08-02,NBL-1039,114.0,290.0,10,251.0
2025-08-09,NBL-1039,232.0,290.0,10,251.0
2025-08-16,NBL-1039,0.0,290.0,10,251.0
2025-08-23,NBL-1039,86.0,290.0,10,251.0
2025-08-30,NBL-1039,192.0,290.0,10,251.0
2025-09-06,NBL-1039,290.0,0.0,10,251.0
2025-09-13,NBL-1039,66.0,290.0,10,251.0
2025-09-20,NBL-1039,151.0,290.0,10,251.0
2025-09-27,NBL-1039,257.0,0.0,10,251.0
2025-10-04,NBL-1039,28.0,290.0,10,251.0
2025-10-11,NBL-1039,147.0,290.0,10,251.0
2025-10-18,NBL-1039,246.0,290.0,10,251.0
2025-10-25,NBL-1039,44.0,290.0,10,251.0
2025-11-01,NBL-1039,133.0,290.0,10,251.0
2025-11-08,NBL-1039,256.0,0.0,10,251.0
2025-11-15,NBL-1039,329.0,0.0,10,251.0
2025-11-22,NBL-1039,167.0,290.0,10,251.0
2025-11-29,NBL-1039,284.0,0.0,10,251.0
2025-12-06,NBL-1039,393.0,0.0,10,251.0
2025-12-13,NBL-1039,214.0,290.0,10,251.0
2025-12-20,NBL-1039,333.0,0.0,10,251.0
2025-12-27,NBL-1039,444.0,0.0,10,251.0
2026-01-03,NBL-1039,289.0,0.0,10,251.0
2026-01-10,NBL-1039,99.0,290.0,10,251.0
2026-01-17,NBL-1039,239.0,290.0,10,251.0
2026-01-24,NBL-1039,348.0,0.0,10,251.0
2026-01-31,NBL-1039,185.0,290.0,10,251.0
2026-02-07,NBL-1039,289.0,0.0,10,251.0
2026-02-14,NBL-1039,383.0,0.0,10,251.0
2026-02-21,NBL-1039,230.0,290.0,10,251.0
2026-02-28,NBL-1039,348.0,0.0,10,251.0
2026-03-07,NBL-1039,462.0,0.0,10,251.0
2026-03-14,NBL-1039,266.0,0.0,10,251.0
2026-03-21,NBL-1039,324.0,0.0,10,251.0
2026-03-28,NBL-1039,417.0,0.0,10,251.0
2026-04-04,NBL-1039,514.0,0.0,10,251.0
2026-04-11,NBL-1039,310.0,0.0,10,251.0
2026-04-18,NBL-1039,337.0,0.0,10,251.0
2026-04-25,NBL-1039,444.0,0.0,10,251.0
2026-05-02,NBL-1039,270.0,0.0,10,251.0
2026-05-09,NBL-1039,355.0,0.0,10,251.0
2026-05-16,NBL-1039,421.0,0.0,10,251.0
2026-05-23,NBL-1039,186.0,290.0,10,251.0
2026-05-30,NBL-1039,233.0,290.0,10,251.0
2026-06-06,NBL-1039,285.0,0.0,10,251.0
2026-06-13,NBL-1039,360.0,0.0,10,251.0
2026-06-20,NBL-1039,140.0,290.0,10,251.0
2026-06-27,NBL-1039,180.0,290.0,10,251.0
2026-07-04,NBL-1039,258.0,0.0,10,251.0
2026-07-11,NBL-1039,50.0,290.0,10,251.0
2024-07-13,NBL-1040,1142.0,0.0,21,677.0
2024-07-20,NBL-1040,804.0,0.0,21,677.0
2024-07-27,NBL-1040,433.0,782.0,21,677.0
2024-08-03,NBL-1040,863.0,0.0,21,677.0
2024-08-10,NBL-1040,521.0,782.0,21,677.0
2024-08-17,NBL-1040,167.0,782.0,21,677.0
2024-08-24,NBL-1040,782.0,0.0,21,677.0
2024-08-31,NBL-1040,473.0,782.0,21,677.0
2024-09-07,NBL-1040,201.0,782.0,21,677.0
2024-09-14,NBL-1040,782.0,0.0,21,677.0
2024-09-21,NBL-1040,427.0,782.0,21,677.0
2024-09-28,NBL-1040,78.0,782.0,21,677.0
2024-10-05,NBL-1040,782.0,0.0,21,677.0
2024-10-12,NBL-1040,616.0,782.0,21,677.0
2024-10-19,NBL-1040,410.0,782.0,21,677.0
2024-10-26,NBL-1040,970.0,0.0,21,677.0
2024-11-02,NBL-1040,729.0,0.0,21,677.0
2024-11-09,NBL-1040,560.0,782.0,21,677.0
2024-11-16,NBL-1040,1094.0,0.0,21,677.0
2024-11-23,NBL-1040,869.0,0.0,21,677.0
2024-11-30,NBL-1040,641.0,782.0,21,677.0
2024-12-07,NBL-1040,1256.0,0.0,21,677.0
2024-12-14,NBL-1040,1035.0,0.0,21,677.0
2024-12-21,NBL-1040,864.0,0.0,21,677.0
2024-12-28,NBL-1040,1449.0,0.0,21,677.0
2025-01-04,NBL-1040,1290.0,0.0,21,677.0
2025-01-11,NBL-1040,1122.0,0.0,21,677.0
2025-01-18,NBL-1040,922.0,0.0,21,677.0
2025-01-25,NBL-1040,737.0,0.0,21,677.0
2025-02-01,NBL-1040,542.0,782.0,21,677.0
2025-02-08,NBL-1040,1114.0,0.0,21,677.0
2025-02-15,NBL-1040,940.0,0.0,21,677.0
2025-02-22,NBL-1040,742.0,0.0,21,677.0
2025-03-01,NBL-1040,1278.0,0.0,21,677.0
2025-03-08,NBL-1040,1074.0,0.0,21,677.0
2025-03-15,NBL-1040,831.0,0.0,21,677.0
2025-03-22,NBL-1040,1448.0,0.0,21,677.0
2025-03-29,NBL-1040,1286.0,0.0,21,677.0
2025-04-05,NBL-1040,1097.0,0.0,21,677.0
2025-04-12,NBL-1040,906.0,0.0,21,677.0
2025-04-19,NBL-1040,628.0,782.0,21,677.0
2025-04-26,NBL-1040,352.0,782.0,21,677.0
2025-05-03,NBL-1040,817.0,0.0,21,677.0
2025-05-10,NBL-1040,605.0,782.0,21,677.0
2025-05-17,NBL-1040,340.0,782.0,21,677.0
2025-05-24,NBL-1040,862.0,0.0,21,677.0
2025-05-31,NBL-1040,494.0,782.0,21,677.0
2025-06-07,NBL-1040,264.0,782.0,21,677.0
2025-06-14,NBL-1040,782.0,0.0,21,677.0
2025-06-21,NBL-1040,412.0,782.0,21,677.0
2025-06-28,NBL-1040,91.0,782.0,21,677.0
2025-07-05,NBL-1040,782.0,0.0,21,677.0
2025-07-12,NBL-1040,519.0,782.0,21,677.0
2025-07-19,NBL-1040,209.0,782.0,21,677.0
2025-07-26,NBL-1040,782.0,0.0,21,677.0
2025-08-02,NBL-1040,511.0,782.0,21,677.0
2025-08-09,NBL-1040,190.0,782.0,21,677.0
2025-08-16,NBL-1040,782.0,0.0,21,677.0
2025-08-23,NBL-1040,484.0,782.0,21,677.0
2025-08-30,NBL-1040,234.0,782.0,21,677.0
2025-09-06,NBL-1040,792.0,,21,677.0
2025-09-13,NBL-1040,483.0,782.0,21,677.0
2025-09-20,NBL-1040,195.0,782.0,21,677.0
2025-09-27,NBL-1040,782.0,0.0,21,677.0
2025-10-04,NBL-1040,539.0,782.0,21,677.0
2025-10-11,NBL-1040,306.0,782.0,21,677.0
2025-10-18,NBL-1040,853.0,0.0,21,677.0
2025-10-25,NBL-1040,679.0,0.0,21,677.0
2025-11-01,NBL-1040,505.0,782.0,21,677.0
2025-11-08,NBL-1040,1060.0,0.0,21,677.0
2025-11-15,NBL-1040,851.0,0.0,21,677.0
2025-11-22,NBL-1040,665.0,782.0,21,677.0
2025-11-29,NBL-1040,1253.0,0.0,21,677.0
2025-12-06,NBL-1040,1048.0,0.0,21,677.0
2025-12-13,NBL-1040,929.0,0.0,21,677.0
2025-12-20,NBL-1040,786.0,0.0,21,677.0
2025-12-27,NBL-1040,626.0,782.0,21,677.0
2026-01-03,NBL-1040,477.0,782.0,21,677.0
2026-01-10,NBL-1040,1092.0,0.0,21,677.0
2026-01-17,NBL-1040,941.0,0.0,21,677.0
2026-01-24,NBL-1040,811.0,0.0,21,677.0
2026-01-31,NBL-1040,1445.0,0.0,21,677.0
2026-02-07,NBL-1040,1299.0,0.0,21,677.0
2026-02-14,NBL-1040,1142.0,0.0,21,677.0
2026-02-21,NBL-1040,1013.0,0.0,21,677.0
2026-02-28,NBL-1040,878.0,0.0,21,677.0
2026-03-07,NBL-1040,701.0,,21,677.0
2026-03-14,NBL-1040,1335.0,0.0,21,677.0
2026-03-21,NBL-1040,1130.0,0.0,21,677.0
2026-03-28,NBL-1040,982.0,0.0,21,677.0
2026-04-04,NBL-1040,796.0,0.0,21,677.0
2026-04-11,NBL-1040,610.0,782.0,21,677.0
2026-04-18,NBL-1040,418.0,782.0,21,677.0
2026-04-25,NBL-1040,935.0,0.0,21,677.0
2026-05-02,NBL-1040,687.0,0.0,21,677.0
2026-05-09,NBL-1040,434.0,782.0,21,677.0
2026-05-16,NBL-1040,983.0,0.0,21,677.0
2026-05-23,NBL-1040,770.0,0.0,21,677.0
2026-05-30,NBL-1040,558.0,782.0,21,677.0
2026-06-06,NBL-1040,1082.0,0.0,21,677.0
2026-06-13,NBL-1040,839.0,0.0,21,677.0
2026-06-20,NBL-1040,530.0,782.0,21,677.0
2026-06-27,NBL-1040,1066.0,0.0,21,677.0
2026-07-04,NBL-1040,858.0,0.0,21,677.0
2026-07-11,NBL-1040,638.0,782.0,21,677.0
2024-07-13,NBL-1041,1092.0,0.0,14,662.0
2024-07-20,NBL-1041,635.0,764.0,14,662.0
2024-07-27,NBL-1041,945.0,0.0,14,662.0
2024-08-03,NBL-1041,537.0,764.0,14,662.0
2024-08-10,NBL-1041,819.0,0.0,14,662.0
2024-08-17,NBL-1041,395.0,764.0,14,662.0
2024-08-24,NBL-1041,764.0,0.0,14,662.0
2024-08-31,NBL-1041,423.0,764.0,14,662.0
2024-09-07,NBL-1041,764.0,0.0,14,662.0
2024-09-14,NBL-1041,311.0,764.0,14,662.0
2024-09-21,NBL-1041,764.0,0.0,14,662.0
2024-09-28,NBL-1041,362.0,764.0,14,662.0
2024-10-05,NBL-1041,764.0,0.0,14,662.0
2024-10-12,NBL-1041,351.0,764.0,14,662.0
2024-10-19,NBL-1041,764.0,0.0,14,662.0
2024-10-26,NBL-1041,277.0,764.0,14,662.0
2024-11-02,NBL-1041,764.0,0.0,14,662.0
2024-11-09,NBL-1041,386.0,764.0,14,662.0
2024-11-16,NBL-1041,797.0,0.0,14,662.0
2024-11-23,NBL-1041,389.0,764.0,14,662.0
2024-11-30,NBL-1041,764.0,0.0,14,662.0
2024-12-07,NBL-1041,344.0,764.0,14,662.0
2024-12-14,NBL-1041,764.0,0.0,14,662.0
2024-12-21,NBL-1041,311.0,764.0,14,662.0
2024-12-28,NBL-1041,764.0,0.0,14,662.0
2025-01-04,NBL-1041,382.0,764.0,14,662.0
2025-01-11,NBL-1041,764.0,0.0,14,662.0
2025-01-18,NBL-1041,334.0,764.0,14,662.0
2025-01-25,NBL-1041,764.0,0.0,14,662.0
2025-02-01,NBL-1041,317.0,764.0,14,662.0
2025-02-08,NBL-1041,764.0,0.0,14,662.0
2025-02-15,NBL-1041,343.0,764.0,14,662.0
2025-02-22,NBL-1041,764.0,0.0,14,662.0
2025-03-01,NBL-1041,371.0,,14,662.0
2025-03-08,NBL-1041,764.0,0.0,14,662.0
2025-03-15,NBL-1041,325.0,764.0,14,662.0
2025-03-22,NBL-1041,764.0,0.0,14,662.0
2025-03-29,NBL-1041,342.0,764.0,14,662.0
2025-04-05,NBL-1041,764.0,0.0,14,662.0
2025-04-12,NBL-1041,246.0,764.0,14,662.0
2025-04-19,NBL-1041,764.0,0.0,14,662.0
2025-04-26,NBL-1041,183.0,764.0,14,662.0
2025-05-03,NBL-1041,764.0,0.0,14,662.0
2025-05-10,NBL-1041,219.0,764.0,14,662.0
2025-05-17,NBL-1041,764.0,0.0,14,662.0
2025-05-24,NBL-1041,320.0,764.0,14,662.0
2025-05-31,NBL-1041,764.0,0.0,14,662.0
2025-06-07,NBL-1041,212.0,764.0,14,662.0
2025-06-14,NBL-1041,764.0,0.0,14,662.0
2025-06-21,NBL-1041,285.0,764.0,14,662.0
2025-06-28,NBL-1041,764.0,0.0,14,662.0
2025-07-05,NBL-1041,167.0,764.0,14,662.0
2025-07-12,NBL-1041,764.0,0.0,14,662.0
2025-07-19,NBL-1041,215.0,764.0,14,662.0
2025-07-26,NBL-1041,764.0,0.0,14,662.0
2025-08-02,NBL-1041,217.0,,14,662.0
2025-08-09,NBL-1041,764.0,,14,662.0
2025-08-16,NBL-1041,188.0,764.0,14,662.0
2025-08-23,NBL-1041,764.0,0.0,14,662.0
2025-08-30,NBL-1041,189.0,764.0,14,662.0
2025-09-06,NBL-1041,764.0,0.0,14,662.0
2025-09-13,NBL-1041,163.0,764.0,14,662.0
2025-09-20,NBL-1041,764.0,0.0,14,662.0
2025-09-27,NBL-1041,190.0,764.0,14,662.0
2025-10-04,NBL-1041,764.0,0.0,14,662.0
2025-10-11,NBL-1041,210.0,764.0,14,662.0
2025-10-18,NBL-1041,764.0,0.0,14,662.0
2025-10-25,NBL-1041,201.0,764.0,14,662.0
2025-11-01,NBL-1041,764.0,0.0,14,662.0
2025-11-08,NBL-1041,267.0,764.0,14,662.0
2025-11-15,NBL-1041,764.0,0.0,14,662.0
2025-11-22,NBL-1041,170.0,764.0,14,662.0
2025-11-29,NBL-1041,764.0,0.0,14,662.0
2025-12-06,NBL-1041,151.0,764.0,14,662.0
2025-12-13,NBL-1041,764.0,0.0,14,662.0
2025-12-20,NBL-1041,234.0,764.0,14,662.0
2025-12-27,NBL-1041,764.0,0.0,14,662.0
2026-01-03,NBL-1041,218.0,764.0,14,662.0
2026-01-10,NBL-1041,764.0,0.0,14,662.0
2026-01-17,NBL-1041,236.0,764.0,14,662.0
2026-01-24,NBL-1041,764.0,0.0,14,662.0
2026-01-31,NBL-1041,238.0,764.0,14,662.0
2026-02-07,NBL-1041,764.0,0.0,14,662.0
2026-02-14,NBL-1041,274.0,764.0,14,662.0
2026-02-21,NBL-1041,764.0,0.0,14,662.0
2026-02-28,NBL-1041,241.0,764.0,14,662.0
2026-03-07,NBL-1041,764.0,0.0,14,662.0
2026-03-14,NBL-1041,262.0,764.0,14,662.0
2026-03-21,NBL-1041,764.0,0.0,14,662.0
2026-03-28,NBL-1041,174.0,764.0,14,662.0
2026-04-04,NBL-1041,764.0,0.0,14,662.0
2026-04-11,NBL-1041,80.0,764.0,14,662.0
2026-04-18,NBL-1041,764.0,0.0,14,662.0
2026-04-25,NBL-1041,162.0,764.0,14,662.0
2026-05-02,NBL-1041,764.0,0.0,14,662.0
2026-05-09,NBL-1041,86.0,764.0,14,662.0
2026-05-16,NBL-1041,764.0,0.0,14,662.0
2026-05-23,NBL-1041,84.0,764.0,14,662.0
2026-05-30,NBL-1041,764.0,0.0,14,662.0
2026-06-06,NBL-1041,40.0,764.0,14,662.0
2026-06-13,NBL-1041,764.0,0.0,14,662.0
2026-06-20,NBL-1041,11.0,764.0,14,662.0
2026-06-27,NBL-1041,764.0,0.0,14,662.0
2026-07-04,NBL-1041,94.0,764.0,14,662.0
2026-07-11,NBL-1041,764.0,0.0,14,662.0
2024-07-13,NBL-1042,188.0,0.0,7,63.0
2024-07-20,NBL-1042,110.0,0.0,7,63.0
2024-07-27,NBL-1042,96.0,0.0,7,63.0
2024-08-03,NBL-1042,104.0,0.0,7,63.0
2024-08-10,NBL-1042,83.0,0.0,7,63.0
2024-08-17,NBL-1042,73.0,0.0,7,63.0
2024-08-24,NBL-1042,76.0,0.0,7,63.0
2024-08-31,NBL-1042,73.0,0.0,7,63.0
2024-09-07,NBL-1042,87.0,0.0,7,63.0
2024-09-14,NBL-1042,77.0,0.0,7,63.0
2024-09-21,NBL-1042,82.0,0.0,7,63.0
2024-09-28,NBL-1042,73.0,0.0,7,63.0
2024-10-05,NBL-1042,73.0,0.0,7,63.0
2024-10-12,NBL-1042,75.0,0.0,7,63.0
2024-10-19,NBL-1042,73.0,0.0,7,63.0
2024-10-26,NBL-1042,73.0,0.0,7,63.0
2024-11-02,NBL-1042,73.0,0.0,7,63.0
2024-11-09,NBL-1042,73.0,0.0,7,63.0
2024-11-16,NBL-1042,83.0,0.0,7,63.0
2024-11-23,NBL-1042,96.0,0.0,7,63.0
2024-11-30,NBL-1042,100.0,0.0,7,63.0
2024-12-07,NBL-1042,104.0,0.0,7,63.0
2024-12-14,NBL-1042,109.0,0.0,7,63.0
2024-12-21,NBL-1042,110.0,0.0,7,63.0
2024-12-28,NBL-1042,100.0,0.0,7,63.0
2025-01-04,NBL-1042,99.0,0.0,7,63.0
2025-01-11,NBL-1042,92.0,0.0,7,63.0
2025-01-18,NBL-1042,96.0,0.0,7,63.0
2025-01-25,NBL-1042,98.0,0.0,7,63.0
2025-02-01,NBL-1042,73.0,0.0,7,63.0
2025-02-08,NBL-1042,73.0,0.0,7,63.0
2025-02-15,NBL-1042,73.0,0.0,7,63.0
2025-02-22,NBL-1042,76.0,0.0,7,63.0
2025-03-01,NBL-1042,73.0,0.0,7,63.0
2025-03-08,NBL-1042,73.0,0.0,7,63.0
2025-03-15,NBL-1042,73.0,0.0,7,63.0
2025-03-22,NBL-1042,73.0,0.0,7,63.0
2025-03-29,NBL-1042,73.0,0.0,7,63.0
2025-04-05,NBL-1042,76.0,0.0,7,63.0
2025-04-12,NBL-1042,73.0,0.0,7,63.0
2025-04-19,NBL-1042,73.0,0.0,7,63.0
2025-04-26,NBL-1042,73.0,0.0,7,63.0
2025-05-03,NBL-1042,73.0,0.0,7,63.0
2025-05-10,NBL-1042,73.0,0.0,7,63.0
2025-05-17,NBL-1042,73.0,0.0,7,63.0
2025-05-24,NBL-1042,73.0,0.0,7,63.0
2025-05-31,NBL-1042,73.0,0.0,7,63.0
2025-06-07,NBL-1042,73.0,0.0,7,63.0
2025-06-14,NBL-1042,73.0,0.0,7,63.0
2025-06-21,NBL-1042,73.0,0.0,7,63.0
2025-06-28,NBL-1042,73.0,0.0,7,63.0
2025-07-05,NBL-1042,73.0,0.0,7,63.0
2025-07-12,NBL-1042,73.0,0.0,7,63.0
2025-07-19,NBL-1042,73.0,0.0,7,63.0
2025-07-26,NBL-1042,73.0,0.0,7,63.0
2025-08-02,NBL-1042,73.0,0.0,7,63.0
2025-08-09,NBL-1042,73.0,0.0,7,63.0
2025-08-16,NBL-1042,73.0,0.0,7,63.0
2025-08-23,NBL-1042,73.0,0.0,7,63.0
2025-08-30,NBL-1042,73.0,0.0,7,63.0
2025-09-06,NBL-1042,73.0,0.0,7,63.0
2025-09-13,NBL-1042,73.0,0.0,7,63.0
2025-09-20,NBL-1042,73.0,0.0,7,63.0
2025-09-27,NBL-1042,73.0,0.0,7,63.0
2025-10-04,NBL-1042,73.0,0.0,7,63.0
2025-10-11,NBL-1042,73.0,0.0,7,63.0
2025-10-18,NBL-1042,73.0,0.0,7,63.0
2025-10-25,NBL-1042,73.0,0.0,7,63.0
2025-11-01,NBL-1042,73.0,0.0,7,63.0
2025-11-08,NBL-1042,73.0,0.0,7,63.0
2025-11-15,NBL-1042,73.0,0.0,7,63.0
2025-11-22,NBL-1042,73.0,0.0,7,63.0
2025-11-29,NBL-1042,73.0,0.0,7,63.0
2025-12-06,NBL-1042,73.0,0.0,7,63.0
2025-12-13,NBL-1042,73.0,0.0,7,63.0
2025-12-20,NBL-1042,73.0,0.0,7,63.0
2025-12-27,NBL-1042,73.0,0.0,7,63.0
2026-01-03,NBL-1042,74.0,0.0,7,63.0
2026-01-10,NBL-1042,77.0,0.0,7,63.0
2026-01-17,NBL-1042,73.0,0.0,7,63.0
2026-01-24,NBL-1042,73.0,0.0,7,63.0
2026-01-31,NBL-1042,73.0,0.0,7,63.0
2026-02-07,NBL-1042,73.0,0.0,7,63.0
2026-02-14,NBL-1042,73.0,0.0,7,63.0
2026-02-21,NBL-1042,73.0,0.0,7,63.0
2026-02-28,NBL-1042,73.0,0.0,7,63.0
2026-03-07,NBL-1042,73.0,0.0,7,63.0
2026-03-14,NBL-1042,73.0,0.0,7,63.0
2026-03-21,NBL-1042,73.0,0.0,7,63.0
2026-03-28,NBL-1042,73.0,0.0,7,63.0
2026-04-04,NBL-1042,73.0,0.0,7,63.0
2026-04-11,NBL-1042,73.0,0.0,7,63.0
2026-04-18,NBL-1042,73.0,0.0,7,63.0
2026-04-25,NBL-1042,73.0,0.0,7,63.0
2026-05-02,NBL-1042,73.0,0.0,7,63.0
2026-05-09,NBL-1042,73.0,0.0,7,63.0
2026-05-16,NBL-1042,73.0,0.0,7,63.0
2026-05-23,NBL-1042,73.0,0.0,7,63.0
2026-05-30,NBL-1042,73.0,0.0,7,63.0
2026-06-06,NBL-1042,73.0,0.0,7,63.0
2026-06-13,NBL-1042,73.0,0.0,7,63.0
2026-06-20,NBL-1042,73.0,0.0,7,63.0
2026-06-27,NBL-1042,73.0,0.0,7,63.0
2026-07-04,NBL-1042,73.0,0.0,7,63.0
2026-07-11,NBL-1042,73.0,0.0,7,63.0
2024-07-13,NBL-1043,362.0,0.0,28,190.0
2024-07-20,NBL-1043,315.0,0.0,28,190.0
2024-07-27,NBL-1043,261.0,0.0,28,190.0
2024-08-03,NBL-1043,210.0,0.0,28,190.0
2024-08-10,NBL-1043,372.0,0.0,28,190.0
2024-08-17,NBL-1043,321.0,0.0,28,190.0
2024-08-24,NBL-1043,268.0,0.0,28,190.0
2024-08-31,NBL-1043,199.0,0.0,28,190.0
2024-09-07,NBL-1043,342.0,0.0,28,190.0
2024-09-14,NBL-1043,273.0,0.0,28,190.0
2024-09-21,NBL-1043,215.0,0.0,28,190.0
2024-09-28,NBL-1043,154.0,219.0,28,190.0
2024-10-05,NBL-1043,332.0,0.0,28,190.0
2024-10-12,NBL-1043,261.0,0.0,28,190.0
2024-10-19,NBL-1043,200.0,0.0,28,190.0
2024-10-26,NBL-1043,150.0,219.0,28,190.0
2024-11-02,NBL-1043,313.0,0.0,28,190.0
2024-11-09,NBL-1043,285.0,0.0,28,190.0
2024-11-16,NBL-1043,242.0,0.0,28,190.0
2024-11-23,NBL-1043,176.0,219.0,28,190.0
2024-11-30,NBL-1043,347.0,0.0,28,190.0
2024-12-07,NBL-1043,319.0,0.0,28,190.0
2024-12-14,NBL-1043,273.0,0.0,28,190.0
2024-12-21,NBL-1043,231.0,0.0,28,190.0
2024-12-28,NBL-1043,192.0,0.0,28,190.0
2025-01-04,NBL-1043,149.0,219.0,28,190.0
2025-01-11,NBL-1043,105.0,219.0,28,190.0
2025-01-18,NBL-1043,68.0,219.0,28,190.0
2025-01-25,NBL-1043,257.0,0.0,28,190.0
2025-02-01,NBL-1043,210.0,0.0,28,190.0
2025-02-08,NBL-1043,180.0,219.0,28,190.0
2025-02-15,NBL-1043,137.0,219.0,28,190.0
2025-02-22,NBL-1043,306.0,0.0,28,190.0
2025-03-01,NBL-1043,257.0,0.0,28,190.0
2025-03-08,NBL-1043,217.0,0.0,28,190.0
2025-03-15,NBL-1043,180.0,219.0,28,190.0
2025-03-22,NBL-1043,356.0,0.0,28,190.0
2025-03-29,NBL-1043,304.0,0.0,28,190.0
2025-04-05,NBL-1043,271.0,0.0,28,190.0
2025-04-12,NBL-1043,227.0,0.0,28,190.0
2025-04-19,NBL-1043,409.0,0.0,28,190.0
2025-04-26,NBL-1043,346.0,0.0,28,190.0
2025-05-03,NBL-1043,292.0,0.0,28,190.0
2025-05-10,NBL-1043,247.0,0.0,28,190.0
2025-05-17,NBL-1043,202.0,0.0,28,190.0
2025-05-24,NBL-1043,145.0,219.0,28,190.0
2025-05-31,NBL-1043,100.0,219.0,28,190.0
2025-06-07,NBL-1043,40.0,219.0,28,190.0
2025-06-14,NBL-1043,219.0,0.0,28,190.0
2025-06-21,NBL-1043,154.0,219.0,28,190.0
2025-06-28,NBL-1043,83.0,219.0,28,190.0
2025-07-05,NBL-1043,20.0,219.0,28,190.0
2025-07-12,NBL-1043,219.0,0.0,28,190.0
2025-07-19,NBL-1043,166.0,219.0,28,190.0
2025-07-26,NBL-1043,105.0,219.0,28,190.0
2025-08-02,NBL-1043,46.0,219.0,28,190.0
2025-08-09,NBL-1043,219.0,0.0,28,190.0
2025-08-16,NBL-1043,165.0,219.0,28,190.0
2025-08-23,NBL-1043,114.0,219.0,28,190.0
2025-08-30,NBL-1043,59.0,219.0,28,190.0
2025-09-06,NBL-1043,233.0,0.0,28,190.0
2025-09-13,NBL-1043,185.0,219.0,28,190.0
2025-09-20,NBL-1043,134.0,219.0,28,190.0
2025-09-27,NBL-1043,76.0,219.0,28,190.0
2025-10-04,NBL-1043,253.0,0.0,28,190.0
2025-10-11,NBL-1043,201.0,0.0,28,190.0
2025-10-18,NBL-1043,172.0,219.0,28,190.0
2025-10-25,NBL-1043,108.0,219.0,28,190.0
2025-11-01,NBL-1043,284.0,0.0,28,190.0
2025-11-08,NBL-1043,245.0,0.0,28,190.0
2025-11-15,NBL-1043,207.0,0.0,28,190.0
2025-11-22,NBL-1043,177.0,219.0,28,190.0
2025-11-29,NBL-1043,349.0,0.0,28,190.0
2025-12-06,NBL-1043,305.0,0.0,28,190.0
2025-12-13,NBL-1043,281.0,0.0,28,190.0
2025-12-20,NBL-1043,248.0,0.0,28,190.0
2025-12-27,NBL-1043,199.0,0.0,28,190.0
2026-01-03,NBL-1043,175.0,219.0,28,190.0
2026-01-10,NBL-1043,138.0,219.0,28,190.0
2026-01-17,NBL-1043,106.0,219.0,28,190.0
2026-01-24,NBL-1043,281.0,,28,190.0
2026-01-31,NBL-1043,231.0,0.0,28,190.0
2026-02-07,NBL-1043,193.0,0.0,28,190.0
2026-02-14,NBL-1043,155.0,219.0,28,190.0
2026-02-21,NBL-1043,337.0,0.0,28,190.0
2026-02-28,NBL-1043,292.0,0.0,28,190.0
2026-03-07,NBL-1043,252.0,0.0,28,190.0
2026-03-14,NBL-1043,214.0,0.0,28,190.0
2026-03-21,NBL-1043,395.0,0.0,28,190.0
2026-03-28,NBL-1043,355.0,0.0,28,190.0
2026-04-04,NBL-1043,315.0,0.0,28,190.0
2026-04-11,NBL-1043,265.0,0.0,28,190.0
2026-04-18,NBL-1043,225.0,0.0,28,190.0
2026-04-25,NBL-1043,188.0,219.0,28,190.0
2026-05-02,NBL-1043,140.0,219.0,28,190.0
2026-05-09,NBL-1043,98.0,219.0,28,190.0
2026-05-16,NBL-1043,283.0,0.0,28,190.0
2026-05-23,NBL-1043,236.0,0.0,28,190.0
2026-05-30,NBL-1043,195.0,0.0,28,190.0
2026-06-06,NBL-1043,162.0,219.0,28,190.0
2026-06-13,NBL-1043,340.0,0.0,28,190.0
2026-06-20,NBL-1043,276.0,0.0,28,190.0
2026-06-27,NBL-1043,221.0,0.0,28,190.0
2026-07-04,NBL-1043,176.0,219.0,28,190.0
2026-07-11,NBL-1043,353.0,0.0,28,190.0
2024-07-13,NBL-1044,1032.0,0.0,28,744.0
2024-07-20,NBL-1044,826.0,0.0,28,744.0
2024-07-27,NBL-1044,606.0,859.0,28,744.0
2024-08-03,NBL-1044,368.0,859.0,28,744.0
2024-08-10,NBL-1044,1010.0,0.0,28,744.0
2024-08-17,NBL-1044,759.0,0.0,28,744.0
2024-08-24,NBL-1044,533.0,859.0,28,744.0
2024-08-31,NBL-1044,303.0,859.0,28,744.0
2024-09-07,NBL-1044,957.0,0.0,28,744.0
2024-09-14,NBL-1044,690.0,859.0,28,744.0
2024-09-21,NBL-1044,428.0,859.0,28,744.0
2024-09-28,NBL-1044,239.0,859.0,28,744.0
2024-10-05,NBL-1044,859.0,,28,744.0
2024-10-12,NBL-1044,636.0,859.0,28,744.0
2024-10-19,NBL-1044,386.0,859.0,28,744.0
2024-10-26,NBL-1044,160.0,859.0,28,744.0
2024-11-02,NBL-1044,859.0,0.0,28,744.0
2024-11-09,NBL-1044,650.0,859.0,28,744.0
2024-11-16,NBL-1044,413.0,859.0,28,744.0
2024-11-23,NBL-1044,185.0,859.0,28,744.0
2024-11-30,NBL-1044,859.0,0.0,28,744.0
2024-12-07,NBL-1044,588.0,859.0,28,744.0
2024-12-14,NBL-1044,354.0,859.0,28,744.0
2024-12-21,NBL-1044,160.0,859.0,28,744.0
2024-12-28,NBL-1044,859.0,0.0,28,744.0
2025-01-04,NBL-1044,635.0,859.0,28,744.0
2025-01-11,NBL-1044,386.0,859.0,28,744.0
2025-01-18,NBL-1044,177.0,859.0,28,744.0
2025-01-25,NBL-1044,859.0,0.0,28,744.0
2025-02-01,NBL-1044,619.0,859.0,28,744.0
2025-02-08,NBL-1044,393.0,859.0,28,744.0
2025-02-15,NBL-1044,159.0,859.0,28,744.0
2025-02-22,NBL-1044,859.0,0.0,28,744.0
2025-03-01,NBL-1044,635.0,859.0,28,744.0
2025-03-08,NBL-1044,378.0,859.0,28,744.0
2025-03-15,NBL-1044,141.0,859.0,28,744.0
2025-03-22,NBL-1044,859.0,0.0,28,744.0
2025-03-29,NBL-1044,614.0,859.0,28,744.0
2025-04-05,NBL-1044,351.0,859.0,28,744.0
2025-04-12,NBL-1044,103.0,859.0,28,744.0
2025-04-19,NBL-1044,859.0,0.0,28,744.0
2025-04-26,NBL-1044,619.0,859.0,28,744.0
2025-05-03,NBL-1044,361.0,859.0,28,744.0
2025-05-10,NBL-1044,109.0,859.0,28,744.0
2025-05-17,NBL-1044,859.0,0.0,28,744.0
2025-05-24,NBL-1044,579.0,859.0,28,744.0
2025-05-31,NBL-1044,305.0,859.0,28,744.0
2025-06-07,NBL-1044,0.0,859.0,28,744.0
2025-06-14,NBL-1044,859.0,0.0,28,744.0
2025-06-21,NBL-1044,547.0,859.0,28,744.0
2025-06-28,NBL-1044,234.0,859.0,28,744.0
2025-07-05,NBL-1044,0.0,859.0,28,744.0
2025-07-12,NBL-1044,859.0,0.0,28,744.0
2025-07-19,NBL-1044,557.0,859.0,28,744.0
2025-07-26,NBL-1044,282.0,859.0,28,744.0
2025-08-02,NBL-1044,3.0,859.0,28,744.0
2025-08-09,NBL-1044,859.0,0.0,28,744.0
2025-08-16,NBL-1044,539.0,859.0,28,744.0
2025-08-23,NBL-1044,222.0,859.0,28,744.0
2025-08-30,NBL-1044,0.0,,28,744.0
2025-09-06,NBL-1044,859.0,0.0,28,744.0
2025-09-13,NBL-1044,562.0,859.0,28,744.0
2025-09-20,NBL-1044,282.0,859.0,28,744.0
2025-09-27,NBL-1044,0.0,859.0,28,744.0
2025-10-04,NBL-1044,859.0,0.0,28,744.0
2025-10-11,NBL-1044,558.0,859.0,28,744.0
2025-10-18,NBL-1044,238.0,859.0,28,744.0
2025-10-25,NBL-1044,0.0,859.0,28,744.0
2025-11-01,NBL-1044,859.0,0.0,28,744.0
2025-11-08,NBL-1044,593.0,859.0,28,744.0
2025-11-15,NBL-1044,299.0,859.0,28,744.0
2025-11-22,NBL-1044,19.0,859.0,28,744.0
2025-11-29,NBL-1044,859.0,0.0,28,744.0
2025-12-06,NBL-1044,585.0,859.0,28,744.0
2025-12-13,NBL-1044,307.0,859.0,28,744.0
2025-12-20,NBL-1044,33.0,859.0,28,744.0
2025-12-27,NBL-1044,859.0,0.0,28,744.0
2026-01-03,NBL-1044,597.0,859.0,28,744.0
2026-01-10,NBL-1044,282.0,859.0,28,744.0
2026-01-17,NBL-1044,0.0,859.0,28,744.0
2026-01-24,NBL-1044,859.0,0.0,28,744.0
2026-01-31,NBL-1044,550.0,859.0,28,744.0
2026-02-07,NBL-1044,237.0,859.0,28,744.0
2026-02-14,NBL-1044,0.0,859.0,28,744.0
2026-02-21,NBL-1044,859.0,0.0,28,744.0
2026-02-28,NBL-1044,532.0,859.0,28,744.0
2026-03-07,NBL-1044,202.0,859.0,28,744.0
2026-03-14,NBL-1044,0.0,859.0,28,744.0
2026-03-21,NBL-1044,859.0,0.0,28,744.0
2026-03-28,NBL-1044,551.0,859.0,28,744.0
2026-04-04,NBL-1044,241.0,859.0,28,744.0
2026-04-11,NBL-1044,0.0,859.0,28,744.0
2026-04-18,NBL-1044,859.0,0.0,28,744.0
2026-04-25,NBL-1044,500.0,859.0,28,744.0
2026-05-02,NBL-1044,158.0,859.0,28,744.0
2026-05-09,NBL-1044,0.0,859.0,28,744.0
2026-05-16,NBL-1044,859.0,0.0,28,744.0
2026-05-23,NBL-1044,464.0,859.0,28,744.0
2026-05-30,NBL-1044,47.0,859.0,28,744.0
2026-06-06,NBL-1044,0.0,859.0,28,744.0
2026-06-13,NBL-1044,859.0,0.0,28,744.0
2026-06-20,NBL-1044,460.0,859.0,28,744.0
2026-06-27,NBL-1044,106.0,859.0,28,744.0
2026-07-04,NBL-1044,0.0,859.0,28,744.0
2026-07-11,NBL-1044,859.0,0.0,28,744.0
2024-07-13,NBL-1045,730.0,0.0,28,550.0
2024-07-20,NBL-1045,530.0,634.0,28,550.0
2024-07-27,NBL-1045,336.0,634.0,28,550.0
2024-08-03,NBL-1045,123.0,634.0,28,550.0
2024-08-10,NBL-1045,634.0,0.0,28,550.0
2024-08-17,NBL-1045,403.0,634.0,28,550.0
2024-08-24,NBL-1045,191.0,634.0,28,550.0
2024-08-31,NBL-1045,23.0,634.0,28,550.0
2024-09-07,NBL-1045,634.0,0.0,28,550.0
2024-09-14,NBL-1045,451.0,634.0,28,550.0
2024-09-21,NBL-1045,290.0,634.0,28,550.0
2024-09-28,NBL-1045,140.0,634.0,28,550.0
2024-10-05,NBL-1045,641.0,0.0,28,550.0
2024-10-12,NBL-1045,480.0,634.0,28,550.0
2024-10-19,NBL-1045,319.0,634.0,28,550.0
2024-10-26,NBL-1045,178.0,634.0,28,550.0
2024-11-02,NBL-1045,639.0,0.0,28,550.0
2024-11-09,NBL-1045,516.0,634.0,28,550.0
2024-11-16,NBL-1045,420.0,634.0,28,550.0
2024-11-23,NBL-1045,333.0,634.0,28,550.0
2024-11-30,NBL-1045,858.0,0.0,28,550.0
2024-12-07,NBL-1045,774.0,0.0,28,550.0
2024-12-14,NBL-1045,640.0,0.0,28,550.0
2024-12-21,NBL-1045,550.0,634.0,28,550.0
2024-12-28,NBL-1045,1047.0,0.0,28,550.0
2025-01-04,NBL-1045,935.0,0.0,28,550.0
2025-01-11,NBL-1045,833.0,0.0,28,550.0
2025-01-18,NBL-1045,724.0,0.0,28,550.0
2025-01-25,NBL-1045,603.0,0.0,28,550.0
2025-02-01,NBL-1045,491.0,634.0,28,550.0
2025-02-08,NBL-1045,371.0,634.0,28,550.0
2025-02-15,NBL-1045,286.0,634.0,28,550.0
2025-02-22,NBL-1045,794.0,0.0,28,550.0
2025-03-01,NBL-1045,680.0,0.0,28,550.0
2025-03-08,NBL-1045,573.0,0.0,28,550.0
2025-03-15,NBL-1045,432.0,,28,550.0
2025-03-22,NBL-1045,923.0,0.0,28,550.0
2025-03-29,NBL-1045,799.0,0.0,28,550.0
2025-04-05,NBL-1045,677.0,0.0,28,550.0
2025-04-12,NBL-1045,509.0,634.0,28,550.0
2025-04-19,NBL-1045,975.0,0.0,28,550.0
2025-04-26,NBL-1045,830.0,0.0,28,550.0
2025-05-03,NBL-1045,667.0,0.0,28,550.0
2025-05-10,NBL-1045,506.0,634.0,28,550.0
2025-05-17,NBL-1045,979.0,0.0,28,550.0
2025-05-24,NBL-1045,773.0,0.0,28,550.0
2025-05-31,NBL-1045,582.0,0.0,28,550.0
2025-06-07,NBL-1045,387.0,634.0,28,550.0
2025-06-14,NBL-1045,835.0,0.0,28,550.0
2025-06-21,NBL-1045,684.0,0.0,28,550.0
2025-06-28,NBL-1045,498.0,634.0,28,550.0
2025-07-05,NBL-1045,312.0,634.0,28,550.0
2025-07-12,NBL-1045,735.0,0.0,28,550.0
2025-07-19,NBL-1045,526.0,634.0,28,550.0
2025-07-26,NBL-1045,338.0,634.0,28,550.0
2025-08-02,NBL-1045,159.0,634.0,28,550.0
2025-08-09,NBL-1045,634.0,0.0,28,550.0
2025-08-16,NBL-1045,434.0,634.0,28,550.0
2025-08-23,NBL-1045,247.0,634.0,28,550.0
2025-08-30,NBL-1045,94.0,634.0,28,550.0
2025-09-06,NBL-1045,634.0,0.0,28,550.0
2025-09-13,NBL-1045,453.0,634.0,28,550.0
2025-09-20,NBL-1045,323.0,634.0,28,550.0
2025-09-27,NBL-1045,199.0,634.0,28,550.0
2025-10-04,NBL-1045,706.0,0.0,28,550.0
2025-10-11,NBL-1045,547.0,634.0,28,550.0
2025-10-18,NBL-1045,420.0,634.0,28,550.0
2025-10-25,NBL-1045,280.0,634.0,28,550.0
2025-11-01,NBL-1045,793.0,0.0,28,550.0
2025-11-08,NBL-1045,670.0,0.0,28,550.0
2025-11-15,NBL-1045,548.0,634.0,28,550.0
2025-11-22,NBL-1045,440.0,634.0,28,550.0
2025-11-29,NBL-1045,987.0,0.0,28,550.0
2025-12-06,NBL-1045,861.0,0.0,28,550.0
2025-12-13,NBL-1045,742.0,0.0,28,550.0
2025-12-20,NBL-1045,654.0,0.0,28,550.0
2025-12-27,NBL-1045,573.0,0.0,28,550.0
2026-01-03,NBL-1045,475.0,634.0,28,550.0
2026-01-10,NBL-1045,397.0,634.0,28,550.0
2026-01-17,NBL-1045,295.0,634.0,28,550.0
2026-01-24,NBL-1045,841.0,0.0,28,550.0
2026-01-31,NBL-1045,744.0,0.0,28,550.0
2026-02-07,NBL-1045,661.0,0.0,28,550.0
2026-02-14,NBL-1045,534.0,634.0,28,550.0
2026-02-21,NBL-1045,1065.0,0.0,28,550.0
2026-02-28,NBL-1045,941.0,0.0,28,550.0
2026-03-07,NBL-1045,848.0,0.0,28,550.0
2026-03-14,NBL-1045,779.0,0.0,28,550.0
2026-03-21,NBL-1045,651.0,0.0,28,550.0
2026-03-28,NBL-1045,521.0,634.0,28,550.0
2026-04-04,NBL-1045,415.0,634.0,28,550.0
2026-04-11,NBL-1045,287.0,634.0,28,550.0
2026-04-18,NBL-1045,795.0,0.0,28,550.0
2026-04-25,NBL-1045,677.0,0.0,28,550.0
2026-05-02,NBL-1045,529.0,634.0,28,550.0
2026-05-09,NBL-1045,397.0,634.0,28,550.0
2026-05-16,NBL-1045,848.0,0.0,28,550.0
2026-05-23,NBL-1045,711.0,0.0,28,550.0
2026-05-30,NBL-1045,579.0,0.0,28,550.0
2026-06-06,NBL-1045,423.0,634.0,28,550.0
2026-06-13,NBL-1045,889.0,0.0,28,550.0
2026-06-20,NBL-1045,716.0,0.0,28,550.0
2026-06-27,NBL-1045,533.0,634.0,28,550.0
2026-07-04,NBL-1045,371.0,634.0,28,550.0
2026-07-11,NBL-1045,876.0,0.0,28,550.0
2024-07-13,NBL-1046,158.0,0.0,10,127.0
2024-07-20,NBL-1046,48.0,146.0,10,127.0
2024-07-27,NBL-1046,93.0,,10,127.0
2024-08-03,NBL-1046,130.0,0.0,10,127.0
2024-08-10,NBL-1046,7.0,146.0,10,127.0
2024-08-17,NBL-1046,66.0,146.0,10,127.0
2024-08-24,NBL-1046,121.0,146.0,10,127.0
2024-08-31,NBL-1046,2.0,146.0,10,127.0
2024-09-07,NBL-1046,47.0,146.0,10,127.0
2024-09-14,NBL-1046,109.0,146.0,10,127.0
2024-09-21,NBL-1046,146.0,0.0,10,127.0
2024-09-28,NBL-1046,32.0,146.0,10,127.0
2024-10-05,NBL-1046,90.0,146.0,10,127.0
2024-10-12,NBL-1046,143.0,0.0,10,127.0
2024-10-19,NBL-1046,30.0,146.0,10,127.0
2024-10-26,NBL-1046,66.0,146.0,10,127.0
2024-11-02,NBL-1046,120.0,146.0,10,127.0
2024-11-09,NBL-1046,24.0,146.0,10,127.0
2024-11-16,NBL-1046,50.0,146.0,10,127.0
2024-11-23,NBL-1046,110.0,146.0,10,127.0
2024-11-30,NBL-1046,168.0,0.0,10,127.0
2024-12-07,NBL-1046,61.0,146.0,10,127.0
2024-12-14,NBL-1046,84.0,146.0,10,127.0
2024-12-21,NBL-1046,140.0,0.0,10,127.0
2024-12-28,NBL-1046,30.0,146.0,10,127.0
2025-01-04,NBL-1046,77.0,146.0,10,127.0
2025-01-11,NBL-1046,118.0,146.0,10,127.0
2025-01-18,NBL-1046,9.0,146.0,10,127.0
2025-01-25,NBL-1046,52.0,146.0,10,127.0
2025-02-01,NBL-1046,91.0,146.0,10,127.0
2025-02-08,NBL-1046,146.0,0.0,10,127.0
2025-02-15,NBL-1046,32.0,146.0,10,127.0
2025-02-22,NBL-1046,78.0,146.0,10,127.0
2025-03-01,NBL-1046,137.0,0.0,10,127.0
2025-03-08,NBL-1046,35.0,146.0,10,127.0
2025-03-15,NBL-1046,47.0,146.0,10,127.0
2025-03-22,NBL-1046,135.0,0.0,10,127.0
2025-03-29,NBL-1046,0.0,146.0,10,127.0
2025-04-05,NBL-1046,16.0,146.0,10,127.0
2025-04-12,NBL-1046,104.0,146.0,10,127.0
2025-04-19,NBL-1046,146.0,0.0,10,127.0
2025-04-26,NBL-1046,0.0,146.0,10,127.0
2025-05-03,NBL-1046,82.0,146.0,10,127.0
2025-05-10,NBL-1046,136.0,0.0,10,127.0
2025-05-17,NBL-1046,0.0,146.0,10,127.0
2025-05-24,NBL-1046,37.0,146.0,10,127.0
2025-05-31,NBL-1046,127.0,0.0,10,127.0
2025-06-07,NBL-1046,9.0,146.0,10,127.0
2025-06-14,NBL-1046,6.0,146.0,10,127.0
2025-06-21,NBL-1046,84.0,146.0,10,127.0
2025-06-28,NBL-1046,146.0,0.0,10,127.0
2025-07-05,NBL-1046,16.0,146.0,10,127.0
2025-07-12,NBL-1046,76.0,146.0,10,127.0
2025-07-19,NBL-1046,139.0,0.0,10,127.0
2025-07-26,NBL-1046,8.0,146.0,10,127.0
2025-08-02,NBL-1046,56.0,146.0,10,127.0
2025-08-09,NBL-1046,117.0,146.0,10,127.0
2025-08-16,NBL-1046,0.0,146.0,10,127.0
2025-08-23,NBL-1046,38.0,146.0,10,127.0
2025-08-30,NBL-1046,77.0,146.0,10,127.0
2025-09-06,NBL-1046,146.0,0.0,10,127.0
2025-09-13,NBL-1046,24.0,146.0,10,127.0
2025-09-20,NBL-1046,89.0,146.0,10,127.0
2025-09-27,NBL-1046,138.0,0.0,10,127.0
2025-10-04,NBL-1046,2.0,146.0,10,127.0
2025-10-11,NBL-1046,57.0,146.0,10,127.0
2025-10-18,NBL-1046,120.0,146.0,10,127.0
2025-10-25,NBL-1046,0.0,146.0,10,127.0
2025-11-01,NBL-1046,12.0,146.0,10,127.0
2025-11-08,NBL-1046,109.0,146.0,10,127.0
2025-11-15,NBL-1046,146.0,0.0,10,127.0
2025-11-22,NBL-1046,12.0,146.0,10,127.0
2025-11-29,NBL-1046,90.0,146.0,10,127.0
2025-12-06,NBL-1046,133.0,0.0,10,127.0
2025-12-13,NBL-1046,18.0,146.0,10,127.0
2025-12-20,NBL-1046,55.0,146.0,10,127.0
2025-12-27,NBL-1046,116.0,146.0,10,127.0
2026-01-03,NBL-1046,0.0,146.0,10,127.0
2026-01-10,NBL-1046,12.0,146.0,10,127.0
2026-01-17,NBL-1046,107.0,146.0,10,127.0
2026-01-24,NBL-1046,146.0,0.0,10,127.0
2026-01-31,NBL-1046,40.0,146.0,10,127.0
2026-02-07,NBL-1046,65.0,146.0,10,127.0
2026-02-14,NBL-1046,134.0,0.0,10,127.0
2026-02-21,NBL-1046,0.0,146.0,10,127.0
2026-02-28,NBL-1046,35.0,146.0,10,127.0
2026-03-07,NBL-1046,113.0,146.0,10,127.0
2026-03-14,NBL-1046,0.0,146.0,10,127.0
2026-03-21,NBL-1046,26.0,146.0,10,127.0
2026-03-28,NBL-1046,86.0,146.0,10,127.0
2026-04-04,NBL-1046,146.0,0.0,10,127.0
2026-04-11,NBL-1046,1.0,146.0,10,127.0
2026-04-18,NBL-1046,76.0,146.0,10,127.0
2026-04-25,NBL-1046,134.0,0.0,10,127.0
2026-05-02,NBL-1046,0.0,146.0,10,127.0
2026-05-09,NBL-1046,32.0,146.0,10,127.0
2026-05-16,NBL-1046,121.0,146.0,10,127.0
2026-05-23,NBL-1046,0.0,146.0,10,127.0
2026-05-30,NBL-1046,5.0,146.0,10,127.0
2026-06-06,NBL-1046,88.0,146.0,10,127.0
2026-06-13,NBL-1046,146.0,0.0,10,127.0
2026-06-20,NBL-1046,0.0,146.0,10,127.0
2026-06-27,NBL-1046,86.0,146.0,10,127.0
2026-07-04,NBL-1046,129.0,0.0,10,127.0
2026-07-11,NBL-1046,0.0,146.0,10,127.0
2024-07-13,NBL-1047,620.0,0.0,14,473.0
2024-07-20,NBL-1047,232.0,545.0,14,473.0
2024-07-27,NBL-1047,545.0,0.0,14,473.0
2024-08-03,NBL-1047,207.0,545.0,14,473.0
2024-08-10,NBL-1047,545.0,0.0,14,473.0
2024-08-17,NBL-1047,153.0,545.0,14,473.0
2024-08-24,NBL-1047,545.0,0.0,14,473.0
2024-08-31,NBL-1047,156.0,545.0,14,473.0
2024-09-07,NBL-1047,545.0,0.0,14,473.0
2024-09-14,NBL-1047,174.0,545.0,14,473.0
2024-09-21,NBL-1047,545.0,0.0,14,473.0
2024-09-28,NBL-1047,184.0,545.0,14,473.0
2024-10-05,NBL-1047,545.0,0.0,14,473.0
2024-10-12,NBL-1047,238.0,545.0,14,473.0
2024-10-19,NBL-1047,545.0,0.0,14,473.0
2024-10-26,NBL-1047,275.0,545.0,14,473.0
2024-11-02,NBL-1047,552.0,0.0,14,473.0
2024-11-09,NBL-1047,354.0,545.0,14,473.0
2024-11-16,NBL-1047,657.0,0.0,14,473.0
2024-11-23,NBL-1047,400.0,545.0,14,473.0
2024-11-30,NBL-1047,762.0,0.0,14,473.0
2024-12-07,NBL-1047,459.0,545.0,14,473.0
2024-12-14,NBL-1047,798.0,0.0,14,473.0
2024-12-21,NBL-1047,624.0,0.0,14,473.0
2024-12-28,NBL-1047,965.0,0.0,14,473.0
2025-01-04,NBL-1047,772.0,0.0,14,473.0
2025-01-11,NBL-1047,534.0,0.0,14,473.0
2025-01-18,NBL-1047,350.0,545.0,14,473.0
2025-01-25,NBL-1047,648.0,0.0,14,473.0
2025-02-01,NBL-1047,452.0,545.0,14,473.0
2025-02-08,NBL-1047,763.0,0.0,14,473.0
2025-02-15,NBL-1047,586.0,0.0,14,473.0
2025-02-22,NBL-1047,894.0,0.0,14,473.0
2025-03-01,NBL-1047,552.0,0.0,14,473.0
2025-03-08,NBL-1047,851.0,0.0,14,473.0
2025-03-15,NBL-1047,602.0,0.0,14,473.0
2025-03-22,NBL-1047,800.0,0.0,14,473.0
2025-03-29,NBL-1047,467.0,545.0,14,473.0
2025-04-05,NBL-1047,741.0,0.0,14,473.0
2025-04-12,NBL-1047,401.0,545.0,14,473.0
2025-04-19,NBL-1047,593.0,0.0,14,473.0
2025-04-26,NBL-1047,270.0,545.0,14,473.0
2025-05-03,NBL-1047,545.0,0.0,14,473.0
2025-05-10,NBL-1047,85.0,545.0,14,473.0
2025-05-17,NBL-1047,545.0,0.0,14,473.0
2025-05-24,NBL-1047,84.0,545.0,14,473.0
2025-05-31,NBL-1047,545.0,0.0,14,473.0
2025-06-07,NBL-1047,203.0,545.0,14,473.0
2025-06-14,NBL-1047,545.0,0.0,14,473.0
2025-06-21,NBL-1047,80.0,545.0,14,473.0
2025-06-28,NBL-1047,545.0,0.0,14,473.0
2025-07-05,NBL-1047,37.0,,14,473.0
2025-07-12,NBL-1047,545.0,0.0,14,473.0
2025-07-19,NBL-1047,45.0,545.0,14,473.0
2025-07-26,NBL-1047,545.0,0.0,14,473.0
2025-08-02,NBL-1047,0.0,545.0,14,473.0
2025-08-09,NBL-1047,545.0,0.0,14,473.0
2025-08-16,NBL-1047,0.0,545.0,14,473.0
2025-08-23,NBL-1047,545.0,0.0,14,473.0
2025-08-30,NBL-1047,69.0,545.0,14,473.0
2025-09-06,NBL-1047,545.0,0.0,14,473.0
2025-09-13,NBL-1047,128.0,545.0,14,473.0
2025-09-20,NBL-1047,545.0,0.0,14,473.0
2025-09-27,NBL-1047,21.0,545.0,14,473.0
2025-10-04,NBL-1047,545.0,0.0,14,473.0
2025-10-11,NBL-1047,81.0,545.0,14,473.0
2025-10-18,NBL-1047,545.0,0.0,14,473.0
2025-10-25,NBL-1047,123.0,545.0,14,473.0
2025-11-01,NBL-1047,545.0,0.0,14,473.0
2025-11-08,NBL-1047,215.0,545.0,14,473.0
2025-11-15,NBL-1047,545.0,0.0,14,473.0
2025-11-22,NBL-1047,269.0,545.0,14,473.0
2025-11-29,NBL-1047,545.0,0.0,14,473.0
2025-12-06,NBL-1047,130.0,545.0,14,473.0
2025-12-13,NBL-1047,545.0,0.0,14,473.0
2025-12-20,NBL-1047,227.0,545.0,14,473.0
2025-12-27,NBL-1047,545.0,0.0,14,473.0
2026-01-03,NBL-1047,308.0,,14,473.0
2026-01-10,NBL-1047,545.0,0.0,14,473.0
2026-01-17,NBL-1047,242.0,545.0,14,473.0
2026-01-24,NBL-1047,545.0,0.0,14,473.0
2026-01-31,NBL-1047,195.0,545.0,14,473.0
2026-02-07,NBL-1047,545.0,0.0,14,473.0
2026-02-14,NBL-1047,238.0,545.0,14,473.0
2026-02-21,NBL-1047,545.0,0.0,14,473.0
2026-02-28,NBL-1047,188.0,545.0,14,473.0
2026-03-07,NBL-1047,545.0,0.0,14,473.0
2026-03-14,NBL-1047,101.0,545.0,14,473.0
2026-03-21,NBL-1047,545.0,0.0,14,473.0
2026-03-28,NBL-1047,167.0,545.0,14,473.0
2026-04-04,NBL-1047,545.0,0.0,14,473.0
2026-04-11,NBL-1047,72.0,545.0,14,473.0
2026-04-18,NBL-1047,545.0,0.0,14,473.0
2026-04-25,NBL-1047,5.0,545.0,14,473.0
2026-05-02,NBL-1047,545.0,0.0,14,473.0
2026-05-09,NBL-1047,20.0,545.0,14,473.0
2026-05-16,NBL-1047,545.0,0.0,14,473.0
2026-05-23,NBL-1047,120.0,545.0,14,473.0
2026-05-30,NBL-1047,545.0,0.0,14,473.0
2026-06-06,NBL-1047,0.0,545.0,14,473.0
2026-06-13,NBL-1047,545.0,0.0,14,473.0
2026-06-20,NBL-1047,0.0,545.0,14,473.0
2026-06-27,NBL-1047,545.0,0.0,14,473.0
2026-07-04,NBL-1047,0.0,545.0,14,473.0
2026-07-11,NBL-1047,545.0,0.0,14,473.0
2024-07-13,NBL-1048,1290.0,0.0,21,1011.0
2024-07-20,NBL-1048,781.0,1166.0,21,1011.0
2024-07-27,NBL-1048,291.0,1166.0,21,1011.0
2024-08-03,NBL-1048,1166.0,0.0,21,1011.0
2024-08-10,NBL-1048,694.0,1166.0,21,1011.0
2024-08-17,NBL-1048,256.0,1166.0,21,1011.0
2024-08-24,NBL-1048,1166.0,0.0,21,1011.0
2024-08-31,NBL-1048,665.0,1166.0,21,1011.0
2024-09-07,NBL-1048,182.0,1166.0,21,1011.0
2024-09-14,NBL-1048,1166.0,0.0,21,1011.0
2024-09-21,NBL-1048,761.0,1166.0,21,1011.0
2024-09-28,NBL-1048,296.0,1166.0,21,1011.0
2024-10-05,NBL-1048,1166.0,0.0,21,1011.0
2024-10-12,NBL-1048,710.0,1166.0,21,1011.0
2024-10-19,NBL-1048,342.0,1166.0,21,1011.0
2024-10-26,NBL-1048,1166.0,0.0,21,1011.0
2024-11-02,NBL-1048,807.0,1166.0,21,1011.0
2024-11-09,NBL-1048,483.0,1166.0,21,1011.0
2024-11-16,NBL-1048,1255.0,0.0,21,1011.0
2024-11-23,NBL-1048,964.0,1166.0,21,1011.0
2024-11-30,NBL-1048,633.0,1166.0,21,1011.0
2024-12-07,NBL-1048,1462.0,0.0,21,1011.0
2024-12-14,NBL-1048,1150.0,0.0,21,1011.0
2024-12-21,NBL-1048,795.0,1166.0,21,1011.0
2024-12-28,NBL-1048,1679.0,0.0,21,1011.0
2025-01-04,NBL-1048,1343.0,0.0,21,1011.0
2025-01-11,NBL-1048,1040.0,0.0,21,1011.0
2025-01-18,NBL-1048,1910.0,0.0,21,1011.0
2025-01-25,NBL-1048,1590.0,0.0,21,1011.0
2025-02-01,NBL-1048,1236.0,0.0,21,1011.0
2025-02-08,NBL-1048,2117.0,0.0,21,1011.0
2025-02-15,NBL-1048,1850.0,0.0,21,1011.0
2025-02-22,NBL-1048,1530.0,0.0,21,1011.0
2025-03-01,NBL-1048,1189.0,0.0,21,1011.0
2025-03-08,NBL-1048,824.0,1166.0,21,1011.0
2025-03-15,NBL-1048,513.0,1166.0,21,1011.0
2025-03-22,NBL-1048,1312.0,0.0,21,1011.0
2025-03-29,NBL-1048,950.0,1166.0,21,1011.0
2025-04-05,NBL-1048,617.0,1166.0,21,1011.0
2025-04-12,NBL-1048,1416.0,0.0,21,1011.0
2025-04-19,NBL-1048,1065.0,0.0,21,1011.0
2025-04-26,NBL-1048,652.0,1166.0,21,1011.0
2025-05-03,NBL-1048,1351.0,0.0,21,1011.0
2025-05-10,NBL-1048,952.0,1166.0,21,1011.0
2025-05-17,NBL-1048,602.0,1166.0,21,1011.0
2025-05-24,NBL-1048,1387.0,0.0,21,1011.0
2025-05-31,NBL-1048,913.0,1166.0,21,1011.0
2025-06-07,NBL-1048,490.0,1166.0,21,1011.0
2025-06-14,NBL-1048,1243.0,0.0,21,1011.0
2025-06-21,NBL-1048,850.0,1166.0,21,1011.0
2025-06-28,NBL-1048,438.0,1166.0,21,1011.0
2025-07-05,NBL-1048,1166.0,0.0,21,1011.0
2025-07-12,NBL-1048,721.0,1166.0,21,1011.0
2025-07-19,NBL-1048,291.0,1166.0,21,1011.0
2025-07-26,NBL-1048,1166.0,0.0,21,1011.0
2025-08-02,NBL-1048,624.0,1166.0,21,1011.0
2025-08-09,NBL-1048,216.0,1166.0,21,1011.0
2025-08-16,NBL-1048,1166.0,0.0,21,1011.0
2025-08-23,NBL-1048,758.0,1166.0,21,1011.0
2025-08-30,NBL-1048,290.0,1166.0,21,1011.0
2025-09-06,NBL-1048,1166.0,0.0,21,1011.0
2025-09-13,NBL-1048,709.0,1166.0,21,1011.0
2025-09-20,NBL-1048,301.0,1166.0,21,1011.0
2025-09-27,NBL-1048,1166.0,0.0,21,1011.0
2025-10-04,NBL-1048,726.0,1166.0,21,1011.0
2025-10-11,NBL-1048,408.0,1166.0,21,1011.0
2025-10-18,NBL-1048,1178.0,0.0,21,1011.0
2025-10-25,NBL-1048,857.0,1166.0,21,1011.0
2025-11-01,NBL-1048,416.0,1166.0,21,1011.0
2025-11-08,NBL-1048,1325.0,0.0,21,1011.0
2025-11-15,NBL-1048,1018.0,0.0,21,1011.0
2025-11-22,NBL-1048,649.0,1166.0,21,1011.0
2025-11-29,NBL-1048,1472.0,0.0,21,1011.0
2025-12-06,NBL-1048,1129.0,0.0,21,1011.0
2025-12-13,NBL-1048,885.0,1166.0,21,1011.0
2025-12-20,NBL-1048,1765.0,0.0,21,1011.0
2025-12-27,NBL-1048,1441.0,0.0,21,1011.0
2026-01-03,NBL-1048,1191.0,0.0,21,1011.0
2026-01-10,NBL-1048,2085.0,0.0,21,1011.0
2026-01-17,NBL-1048,1768.0,0.0,21,1011.0
2026-01-24,NBL-1048,1524.0,0.0,21,1011.0
2026-01-31,NBL-1048,1218.0,0.0,21,1011.0
2026-02-07,NBL-1048,859.0,1166.0,21,1011.0
2026-02-14,NBL-1048,606.0,1166.0,21,1011.0
2026-02-21,NBL-1048,1494.0,0.0,21,1011.0
2026-02-28,NBL-1048,1155.0,0.0,21,1011.0
2026-03-07,NBL-1048,882.0,1166.0,21,1011.0
2026-03-14,NBL-1048,1783.0,0.0,21,1011.0
2026-03-21,NBL-1048,1522.0,0.0,21,1011.0
2026-03-28,NBL-1048,1124.0,0.0,21,1011.0
2026-04-04,NBL-1048,1974.0,0.0,21,1011.0
2026-04-11,NBL-1048,1625.0,0.0,21,1011.0
2026-04-18,NBL-1048,1272.0,0.0,21,1011.0
2026-04-25,NBL-1048,2068.0,0.0,21,1011.0
2026-05-02,NBL-1048,1707.0,0.0,21,1011.0
2026-05-09,NBL-1048,1313.0,0.0,21,1011.0
2026-05-16,NBL-1048,2166.0,0.0,21,1011.0
2026-05-23,NBL-1048,1770.0,0.0,21,1011.0
2026-05-30,NBL-1048,1398.0,0.0,21,1011.0
2026-06-06,NBL-1048,1049.0,0.0,21,1011.0
2026-06-13,NBL-1048,645.0,1166.0,21,1011.0
2026-06-20,NBL-1048,252.0,1166.0,21,1011.0
2026-06-27,NBL-1048,1166.0,0.0,21,1011.0
2026-07-04,NBL-1048,770.0,1166.0,21,1011.0
2026-07-11,NBL-1048,338.0,1166.0,21,1011.0
2024-07-13,NBL-1049,342.0,0.0,14,329.0
2024-07-20,NBL-1049,90.0,380.0,14,329.0
2024-07-27,NBL-1049,380.0,0.0,14,329.0
2024-08-03,NBL-1049,130.0,380.0,14,329.0
2024-08-10,NBL-1049,380.0,0.0,14,329.0
2024-08-17,NBL-1049,146.0,380.0,14,329.0
2024-08-24,NBL-1049,380.0,0.0,14,329.0
2024-08-31,NBL-1049,156.0,380.0,14,329.0
2024-09-07,NBL-1049,380.0,0.0,14,329.0
2024-09-14,NBL-1049,223.0,380.0,14,329.0
2024-09-21,NBL-1049,380.0,0.0,14,329.0
2024-09-28,NBL-1049,184.0,380.0,14,329.0
2024-10-05,NBL-1049,422.0,0.0,14,329.0
2024-10-12,NBL-1049,252.0,380.0,14,329.0
2024-10-19,NBL-1049,435.0,0.0,14,329.0
2024-10-26,NBL-1049,245.0,380.0,14,329.0
2024-11-02,NBL-1049,391.0,0.0,14,329.0
2024-11-09,NBL-1049,207.0,380.0,14,329.0
2024-11-16,NBL-1049,380.0,0.0,14,329.0
2024-11-23,NBL-1049,193.0,380.0,14,329.0
2024-11-30,NBL-1049,410.0,0.0,14,329.0
2024-12-07,NBL-1049,256.0,380.0,14,329.0
2024-12-14,NBL-1049,459.0,0.0,14,329.0
2024-12-21,NBL-1049,300.0,380.0,14,329.0
2024-12-28,NBL-1049,496.0,0.0,14,329.0
2025-01-04,NBL-1049,346.0,0.0,14,329.0
2025-01-11,NBL-1049,582.0,0.0,14,329.0
2025-01-18,NBL-1049,433.0,0.0,14,329.0
2025-01-25,NBL-1049,680.0,0.0,14,329.0
2025-02-01,NBL-1049,533.0,0.0,14,329.0
2025-02-08,NBL-1049,377.0,0.0,14,329.0
2025-02-15,NBL-1049,218.0,380.0,14,329.0
2025-02-22,NBL-1049,431.0,0.0,14,329.0
2025-03-01,NBL-1049,268.0,380.0,14,329.0
2025-03-08,NBL-1049,480.0,0.0,14,329.0
2025-03-15,NBL-1049,255.0,380.0,14,329.0
2025-03-22,NBL-1049,393.0,0.0,14,329.0
2025-03-29,NBL-1049,180.0,380.0,14,329.0
2025-04-05,NBL-1049,380.0,0.0,14,329.0
2025-04-12,NBL-1049,186.0,380.0,14,329.0
2025-04-19,NBL-1049,380.0,0.0,14,329.0
2025-04-26,NBL-1049,142.0,380.0,14,329.0
2025-05-03,NBL-1049,380.0,0.0,14,329.0
2025-05-10,NBL-1049,73.0,380.0,14,329.0
2025-05-17,NBL-1049,380.0,0.0,14,329.0
2025-05-24,NBL-1049,79.0,380.0,14,329.0
2025-05-31,NBL-1049,380.0,0.0,14,329.0
2025-06-07,NBL-1049,93.0,380.0,14,329.0
2025-06-14,NBL-1049,380.0,0.0,14,329.0
2025-06-21,NBL-1049,85.0,380.0,14,329.0
2025-06-28,NBL-1049,380.0,0.0,14,329.0
2025-07-05,NBL-1049,52.0,380.0,14,329.0
2025-07-12,NBL-1049,380.0,0.0,14,329.0
2025-07-19,NBL-1049,17.0,380.0,14,329.0
2025-07-26,NBL-1049,380.0,0.0,14,329.0
2025-08-02,NBL-1049,63.0,380.0,14,329.0
2025-08-09,NBL-1049,380.0,0.0,14,329.0
2025-08-16,NBL-1049,56.0,380.0,14,329.0
2025-08-23,NBL-1049,380.0,0.0,14,329.0
2025-08-30,NBL-1049,112.0,380.0,14,329.0
2025-09-06,NBL-1049,380.0,0.0,14,329.0
2025-09-13,NBL-1049,133.0,380.0,14,329.0
2025-09-20,NBL-1049,380.0,0.0,14,329.0
2025-09-27,NBL-1049,165.0,380.0,14,329.0
2025-10-04,NBL-1049,380.0,0.0,14,329.0
2025-10-11,NBL-1049,53.0,380.0,14,329.0
2025-10-18,NBL-1049,380.0,0.0,14,329.0
2025-10-25,NBL-1049,128.0,380.0,14,329.0
2025-11-01,NBL-1049,380.0,0.0,14,329.0
2025-11-08,NBL-1049,140.0,380.0,14,329.0
2025-11-15,NBL-1049,380.0,0.0,14,329.0
2025-11-22,NBL-1049,131.0,380.0,14,329.0
2025-11-29,NBL-1049,380.0,0.0,14,329.0
2025-12-06,NBL-1049,206.0,380.0,14,329.0
2025-12-13,NBL-1049,380.0,0.0,14,329.0
2025-12-20,NBL-1049,150.0,380.0,14,329.0
2025-12-27,NBL-1049,380.0,0.0,14,329.0
2026-01-03,NBL-1049,175.0,380.0,14,329.0
2026-01-10,NBL-1049,380.0,0.0,14,329.0
2026-01-17,NBL-1049,155.0,380.0,14,329.0
2026-01-24,NBL-1049,380.0,0.0,14,329.0
2026-01-31,NBL-1049,211.0,380.0,14,329.0
2026-02-07,NBL-1049,392.0,0.0,14,329.0
2026-02-14,NBL-1049,188.0,380.0,14,329.0
2026-02-21,NBL-1049,380.0,0.0,14,329.0
2026-02-28,NBL-1049,129.0,380.0,14,329.0
2026-03-07,NBL-1049,380.0,0.0,14,329.0
2026-03-14,NBL-1049,157.0,380.0,14,329.0
2026-03-21,NBL-1049,380.0,0.0,14,329.0
2026-03-28,NBL-1049,85.0,380.0,14,329.0
2026-04-04,NBL-1049,380.0,0.0,14,329.0
2026-04-11,NBL-1049,167.0,380.0,14,329.0
2026-04-18,NBL-1049,380.0,0.0,14,329.0
2026-04-25,NBL-1049,147.0,380.0,14,329.0
2026-05-02,NBL-1049,380.0,0.0,14,329.0
2026-05-09,NBL-1049,56.0,380.0,14,329.0
2026-05-16,NBL-1049,380.0,0.0,14,329.0
2026-05-23,NBL-1049,78.0,380.0,14,329.0
2026-05-30,NBL-1049,380.0,0.0,14,329.0
2026-06-06,NBL-1049,13.0,380.0,14,329.0
2026-06-13,NBL-1049,380.0,0.0,14,329.0
2026-06-20,NBL-1049,0.0,380.0,14,329.0
2026-06-27,NBL-1049,380.0,0.0,14,329.0
2026-07-04,NBL-1049,0.0,380.0,14,329.0
2026-07-11,NBL-1049,380.0,0.0,14,329.0
2024-07-13,NBL-1050,259.0,0.0,7,102.0
2024-07-20,NBL-1050,148.0,0.0,7,102.0
2024-07-27,NBL-1050,156.0,0.0,7,102.0
2024-08-03,NBL-1050,140.0,0.0,7,102.0
2024-08-10,NBL-1050,139.0,0.0,7,102.0
2024-08-17,NBL-1050,146.0,0.0,7,102.0
2024-08-24,NBL-1050,137.0,0.0,7,102.0
2024-08-31,NBL-1050,125.0,0.0,7,102.0
2024-09-07,NBL-1050,118.0,0.0,7,102.0
2024-09-14,NBL-1050,125.0,0.0,7,102.0
2024-09-21,NBL-1050,127.0,0.0,7,102.0
2024-09-28,NBL-1050,134.0,0.0,7,102.0
2024-10-05,NBL-1050,154.0,0.0,7,102.0
2024-10-12,NBL-1050,158.0,0.0,7,102.0
2024-10-19,NBL-1050,156.0,0.0,7,102.0
2024-10-26,NBL-1050,163.0,0.0,7,102.0
2024-11-02,NBL-1050,161.0,0.0,7,102.0
2024-11-09,NBL-1050,178.0,0.0,7,102.0
2024-11-16,NBL-1050,202.0,0.0,7,102.0
2024-11-23,NBL-1050,198.0,0.0,7,102.0
2024-11-30,NBL-1050,205.0,0.0,7,102.0
2024-12-07,NBL-1050,218.0,0.0,7,102.0
2024-12-14,NBL-1050,119.0,0.0,7,102.0
2024-12-21,NBL-1050,151.0,0.0,7,102.0
2024-12-28,NBL-1050,173.0,0.0,7,102.0
2025-01-04,NBL-1050,204.0,0.0,7,102.0
2025-01-11,NBL-1050,116.0,0.0,7,102.0
2025-01-18,NBL-1050,151.0,0.0,7,102.0
2025-01-25,NBL-1050,178.0,0.0,7,102.0
2025-02-01,NBL-1050,207.0,0.0,7,102.0
2025-02-08,NBL-1050,208.0,0.0,7,102.0
2025-02-15,NBL-1050,113.0,0.0,7,102.0
2025-02-22,NBL-1050,137.0,0.0,7,102.0
2025-03-01,NBL-1050,165.0,0.0,7,102.0
2025-03-08,NBL-1050,188.0,0.0,7,102.0
2025-03-15,NBL-1050,216.0,0.0,7,102.0
2025-03-22,NBL-1050,119.0,0.0,7,102.0
2025-03-29,NBL-1050,120.0,0.0,7,102.0
2025-04-05,NBL-1050,146.0,0.0,7,102.0
2025-04-12,NBL-1050,168.0,0.0,7,102.0
2025-04-19,NBL-1050,190.0,0.0,7,102.0
2025-04-26,NBL-1050,218.0,0.0,7,102.0
2025-05-03,NBL-1050,133.0,0.0,7,102.0
2025-05-10,NBL-1050,133.0,0.0,7,102.0
2025-05-17,NBL-1050,172.0,0.0,7,102.0
2025-05-24,NBL-1050,174.0,0.0,7,102.0
2025-05-31,NBL-1050,182.0,0.0,7,102.0
2025-06-07,NBL-1050,200.0,0.0,7,102.0
2025-06-14,NBL-1050,218.0,0.0,7,102.0
2025-06-21,NBL-1050,131.0,0.0,7,102.0
2025-06-28,NBL-1050,151.0,0.0,7,102.0
2025-07-05,NBL-1050,167.0,0.0,7,102.0
2025-07-12,NBL-1050,172.0,0.0,7,102.0
2025-07-19,NBL-1050,209.0,0.0,7,102.0
2025-07-26,NBL-1050,216.0,0.0,7,102.0
2025-08-02,NBL-1050,103.0,0.0,7,102.0
2025-08-09,NBL-1050,133.0,0.0,7,102.0
2025-08-16,NBL-1050,156.0,0.0,7,102.0
2025-08-23,NBL-1050,162.0,0.0,7,102.0
2025-08-30,NBL-1050,179.0,0.0,7,102.0
2025-09-06,NBL-1050,194.0,0.0,7,102.0
2025-09-13,NBL-1050,207.0,0.0,7,102.0
2025-09-20,NBL-1050,116.0,0.0,7,102.0
2025-09-27,NBL-1050,120.0,0.0,7,102.0
2025-10-04,NBL-1050,145.0,0.0,7,102.0
2025-10-11,NBL-1050,176.0,0.0,7,102.0
2025-10-18,NBL-1050,195.0,0.0,7,102.0
2025-10-25,NBL-1050,102.0,0.0,7,102.0
2025-11-01,NBL-1050,135.0,0.0,7,102.0
2025-11-08,NBL-1050,159.0,0.0,7,102.0
2025-11-15,NBL-1050,187.0,0.0,7,102.0
2025-11-22,NBL-1050,207.0,0.0,7,102.0
2025-11-29,NBL-1050,128.0,0.0,7,102.0
2025-12-06,NBL-1050,167.0,0.0,7,102.0
2025-12-13,NBL-1050,208.0,0.0,7,102.0
2025-12-20,NBL-1050,122.0,0.0,7,102.0
2025-12-27,NBL-1050,160.0,0.0,7,102.0
2026-01-03,NBL-1050,180.0,0.0,7,102.0
2026-01-10,NBL-1050,214.0,0.0,7,102.0
2026-01-17,NBL-1050,137.0,0.0,7,102.0
2026-01-24,NBL-1050,178.0,0.0,7,102.0
2026-01-31,NBL-1050,196.0,0.0,7,102.0
2026-02-07,NBL-1050,121.0,0.0,7,102.0
2026-02-14,NBL-1050,157.0,0.0,7,102.0
2026-02-21,NBL-1050,188.0,0.0,7,102.0
2026-02-28,NBL-1050,115.0,0.0,7,102.0
2026-03-07,NBL-1050,158.0,0.0,7,102.0
2026-03-14,NBL-1050,187.0,0.0,7,102.0
2026-03-21,NBL-1050,215.0,0.0,7,102.0
2026-03-28,NBL-1050,129.0,0.0,7,102.0
2026-04-04,NBL-1050,163.0,0.0,7,102.0
2026-04-11,NBL-1050,197.0,0.0,7,102.0
2026-04-18,NBL-1050,112.0,0.0,7,102.0
2026-04-25,NBL-1050,152.0,0.0,7,102.0
2026-05-02,NBL-1050,185.0,0.0,7,102.0
2026-05-09,NBL-1050,211.0,0.0,7,102.0
2026-05-16,NBL-1050,126.0,0.0,7,102.0
2026-05-23,NBL-1050,167.0,0.0,7,102.0
2026-05-30,NBL-1050,179.0,0.0,7,102.0
2026-06-06,NBL-1050,209.0,0.0,7,102.0
2026-06-13,NBL-1050,129.0,0.0,7,102.0
2026-06-20,NBL-1050,157.0,0.0,7,102.0
2026-06-27,NBL-1050,201.0,0.0,7,102.0
2026-07-04,NBL-1050,103.0,0.0,7,102.0
2026-07-11,NBL-1050,139.0,0.0,7,102.0
2024-07-13,NBL-1051,468.0,0.0,10,232.0
2024-07-20,NBL-1051,272.0,0.0,10,232.0
2024-07-27,NBL-1051,377.0,0.0,10,232.0
2024-08-03,NBL-1051,435.0,0.0,10,232.0
2024-08-10,NBL-1051,257.0,0.0,10,232.0
2024-08-17,NBL-1051,298.0,0.0,10,232.0
2024-08-24,NBL-1051,339.0,0.0,10,232.0
2024-08-31,NBL-1051,122.0,267.0,10,232.0
2024-09-07,NBL-1051,171.0,267.0,10,232.0
2024-09-14,NBL-1051,227.0,267.0,10,232.0
2024-09-21,NBL-1051,298.0,0.0,10,232.0
2024-09-28,NBL-1051,100.0,267.0,10,232.0
2024-10-05,NBL-1051,203.0,267.0,10,232.0
2024-10-12,NBL-1051,303.0,0.0,10,232.0
2024-10-19,NBL-1051,86.0,267.0,10,232.0
2024-10-26,NBL-1051,188.0,267.0,10,232.0
2024-11-02,NBL-1051,256.0,0.0,10,232.0
2024-11-09,NBL-1051,63.0,267.0,10,232.0
2024-11-16,NBL-1051,120.0,,10,232.0
2024-11-23,NBL-1051,215.0,267.0,10,232.0
2024-11-30,NBL-1051,293.0,0.0,10,232.0
2024-12-07,NBL-1051,124.0,267.0,10,232.0
2024-12-14,NBL-1051,198.0,267.0,10,232.0
2024-12-21,NBL-1051,290.0,0.0,10,232.0
2024-12-28,NBL-1051,87.0,267.0,10,232.0
2025-01-04,NBL-1051,167.0,267.0,10,232.0
2025-01-11,NBL-1051,265.0,0.0,10,232.0
2025-01-18,NBL-1051,85.0,267.0,10,232.0
2025-01-25,NBL-1051,178.0,267.0,10,232.0
2025-02-01,NBL-1051,230.0,267.0,10,232.0
2025-02-08,NBL-1051,284.0,0.0,10,232.0
2025-02-15,NBL-1051,86.0,267.0,10,232.0
2025-02-22,NBL-1051,167.0,267.0,10,232.0
2025-03-01,NBL-1051,249.0,0.0,10,232.0
2025-03-08,NBL-1051,74.0,267.0,10,232.0
2025-03-15,NBL-1051,133.0,267.0,10,232.0
2025-03-22,NBL-1051,220.0,267.0,10,232.0
2025-03-29,NBL-1051,4.0,267.0,10,232.0
2025-04-05,NBL-1051,96.0,267.0,10,232.0
2025-04-12,NBL-1051,173.0,267.0,10,232.0
2025-04-19,NBL-1051,267.0,0.0,10,232.0
2025-04-26,NBL-1051,49.0,267.0,10,232.0
2025-05-03,NBL-1051,137.0,267.0,10,232.0
2025-05-10,NBL-1051,238.0,0.0,10,232.0
2025-05-17,NBL-1051,0.0,267.0,10,232.0
2025-05-24,NBL-1051,77.0,267.0,10,232.0
2025-05-31,NBL-1051,220.0,267.0,10,232.0
2025-06-07,NBL-1051,10.0,267.0,10,232.0
2025-06-14,NBL-1051,43.0,267.0,10,232.0
2025-06-21,NBL-1051,159.0,267.0,10,232.0
2025-06-28,NBL-1051,267.0,0.0,10,232.0
2025-07-05,NBL-1051,45.0,267.0,10,232.0
2025-07-12,NBL-1051,143.0,267.0,10,232.0
2025-07-19,NBL-1051,248.0,0.0,10,232.0
2025-07-26,NBL-1051,43.0,267.0,10,232.0
2025-08-02,NBL-1051,105.0,267.0,10,232.0
2025-08-09,NBL-1051,219.0,267.0,10,232.0
2025-08-16,NBL-1051,0.0,267.0,10,232.0
2025-08-23,NBL-1051,28.0,267.0,10,232.0
2025-08-30,NBL-1051,179.0,267.0,10,232.0
2025-09-06,NBL-1051,267.0,0.0,10,232.0
2025-09-13,NBL-1051,53.0,267.0,10,232.0
2025-09-20,NBL-1051,131.0,267.0,10,232.0
2025-09-27,NBL-1051,242.0,0.0,10,232.0
2025-10-04,NBL-1051,0.0,267.0,10,232.0
2025-10-11,NBL-1051,96.0,267.0,10,232.0
2025-10-18,NBL-1051,213.0,267.0,10,232.0
2025-10-25,NBL-1051,10.0,267.0,10,232.0
2025-11-01,NBL-1051,97.0,267.0,10,232.0
2025-11-08,NBL-1051,183.0,267.0,10,232.0
2025-11-15,NBL-1051,267.0,0.0,10,232.0
2025-11-22,NBL-1051,62.0,267.0,10,232.0
2025-11-29,NBL-1051,114.0,267.0,10,232.0
2025-12-06,NBL-1051,234.0,0.0,10,232.0
2025-12-13,NBL-1051,28.0,267.0,10,232.0
2025-12-20,NBL-1051,138.0,267.0,10,232.0
2025-12-27,NBL-1051,225.0,267.0,10,232.0
2026-01-03,NBL-1051,20.0,267.0,10,232.0
2026-01-10,NBL-1051,86.0,267.0,10,232.0
2026-01-17,NBL-1051,174.0,267.0,10,232.0
2026-01-24,NBL-1051,267.0,0.0,10,232.0
2026-01-31,NBL-1051,24.0,267.0,10,232.0
2026-02-07,NBL-1051,164.0,267.0,10,232.0
2026-02-14,NBL-1051,242.0,0.0,10,232.0
2026-02-21,NBL-1051,0.0,267.0,10,232.0
2026-02-28,NBL-1051,92.0,267.0,10,232.0
2026-03-07,NBL-1051,223.0,267.0,10,232.0
2026-03-14,NBL-1051,0.0,267.0,10,232.0
2026-03-21,NBL-1051,74.0,267.0,10,232.0
2026-03-28,NBL-1051,153.0,267.0,10,232.0
2026-04-04,NBL-1051,267.0,0.0,10,232.0
2026-04-11,NBL-1051,76.0,267.0,10,232.0
2026-04-18,NBL-1051,113.0,267.0,10,232.0
2026-04-25,NBL-1051,249.0,0.0,10,232.0
2026-05-02,NBL-1051,4.0,267.0,10,232.0
2026-05-09,NBL-1051,96.0,267.0,10,232.0
2026-05-16,NBL-1051,213.0,267.0,10,232.0
2026-05-23,NBL-1051,0.0,267.0,10,232.0
2026-05-30,NBL-1051,65.0,267.0,10,232.0
2026-06-06,NBL-1051,190.0,267.0,10,232.0
2026-06-13,NBL-1051,267.0,0.0,10,232.0
2026-06-20,NBL-1051,0.0,267.0,10,232.0
2026-06-27,NBL-1051,131.0,267.0,10,232.0
2026-07-04,NBL-1051,249.0,0.0,10,232.0
2026-07-11,NBL-1051,30.0,267.0,10,232.0
2024-07-13,NBL-1052,554.0,0.0,7,317.0
2024-07-20,NBL-1052,424.0,,7,317.0
2024-07-27,NBL-1052,366.0,0.0,7,317.0
2024-08-03,NBL-1052,366.0,0.0,7,317.0
2024-08-10,NBL-1052,366.0,0.0,7,317.0
2024-08-17,NBL-1052,366.0,0.0,7,317.0
2024-08-24,NBL-1052,366.0,0.0,7,317.0
2024-08-31,NBL-1052,366.0,0.0,7,317.0
2024-09-07,NBL-1052,366.0,0.0,7,317.0
2024-09-14,NBL-1052,366.0,0.0,7,317.0
2024-09-21,NBL-1052,366.0,0.0,7,317.0
2024-09-28,NBL-1052,366.0,0.0,7,317.0
2024-10-05,NBL-1052,366.0,0.0,7,317.0
2024-10-12,NBL-1052,378.0,0.0,7,317.0
2024-10-19,NBL-1052,366.0,0.0,7,317.0
2024-10-26,NBL-1052,366.0,0.0,7,317.0
2024-11-02,NBL-1052,366.0,0.0,7,317.0
2024-11-09,NBL-1052,404.0,0.0,7,317.0
2024-11-16,NBL-1052,456.0,0.0,7,317.0
2024-11-23,NBL-1052,441.0,0.0,7,317.0
2024-11-30,NBL-1052,424.0,0.0,7,317.0
2024-12-07,NBL-1052,494.0,0.0,7,317.0
2024-12-14,NBL-1052,542.0,0.0,7,317.0
2024-12-21,NBL-1052,640.0,0.0,7,317.0
2024-12-28,NBL-1052,325.0,0.0,7,317.0
2025-01-04,NBL-1052,379.0,0.0,7,317.0
2025-01-11,NBL-1052,407.0,0.0,7,317.0
2025-01-18,NBL-1052,461.0,0.0,7,317.0
2025-01-25,NBL-1052,547.0,0.0,7,317.0
2025-02-01,NBL-1052,643.0,0.0,7,317.0
2025-02-08,NBL-1052,647.0,0.0,7,317.0
2025-02-15,NBL-1052,341.0,0.0,7,317.0
2025-02-22,NBL-1052,387.0,0.0,7,317.0
2025-03-01,NBL-1052,406.0,0.0,7,317.0
2025-03-08,NBL-1052,366.0,0.0,7,317.0
2025-03-15,NBL-1052,392.0,0.0,7,317.0
2025-03-22,NBL-1052,366.0,0.0,7,317.0
2025-03-29,NBL-1052,366.0,0.0,7,317.0
2025-04-05,NBL-1052,366.0,0.0,7,317.0
2025-04-12,NBL-1052,366.0,0.0,7,317.0
2025-04-19,NBL-1052,366.0,0.0,7,317.0
2025-04-26,NBL-1052,366.0,0.0,7,317.0
2025-05-03,NBL-1052,366.0,0.0,7,317.0
2025-05-10,NBL-1052,366.0,0.0,7,317.0
2025-05-17,NBL-1052,366.0,0.0,7,317.0
2025-05-24,NBL-1052,366.0,0.0,7,317.0
2025-05-31,NBL-1052,366.0,0.0,7,317.0
2025-06-07,NBL-1052,366.0,0.0,7,317.0
2025-06-14,NBL-1052,366.0,0.0,7,317.0
2025-06-21,NBL-1052,366.0,0.0,7,317.0
2025-06-28,NBL-1052,366.0,0.0,7,317.0
2025-07-05,NBL-1052,366.0,0.0,7,317.0
2025-07-12,NBL-1052,366.0,,7,317.0
2025-07-19,NBL-1052,366.0,0.0,7,317.0
2025-07-26,NBL-1052,366.0,0.0,7,317.0
2025-08-02,NBL-1052,366.0,0.0,7,317.0
2025-08-09,NBL-1052,366.0,0.0,7,317.0
2025-08-16,NBL-1052,366.0,0.0,7,317.0
2025-08-23,NBL-1052,366.0,0.0,7,317.0
2025-08-30,NBL-1052,366.0,0.0,7,317.0
2025-09-06,NBL-1052,366.0,0.0,7,317.0
2025-09-13,NBL-1052,366.0,0.0,7,317.0
2025-09-20,NBL-1052,366.0,0.0,7,317.0
2025-09-27,NBL-1052,366.0,0.0,7,317.0
2025-10-04,NBL-1052,366.0,0.0,7,317.0
2025-10-11,NBL-1052,366.0,0.0,7,317.0
2025-10-18,NBL-1052,366.0,0.0,7,317.0
2025-10-25,NBL-1052,366.0,0.0,7,317.0
2025-11-01,NBL-1052,366.0,0.0,7,317.0
2025-11-08,NBL-1052,366.0,0.0,7,317.0
2025-11-15,NBL-1052,366.0,0.0,7,317.0
2025-11-22,NBL-1052,366.0,0.0,7,317.0
2025-11-29,NBL-1052,366.0,0.0,7,317.0
2025-12-06,NBL-1052,366.0,0.0,7,317.0
2025-12-13,NBL-1052,366.0,0.0,7,317.0
2025-12-20,NBL-1052,366.0,0.0,7,317.0
2025-12-27,NBL-1052,366.0,0.0,7,317.0
2026-01-03,NBL-1052,366.0,0.0,7,317.0
2026-01-10,NBL-1052,366.0,0.0,7,317.0
2026-01-17,NBL-1052,366.0,0.0,7,317.0
2026-01-24,NBL-1052,366.0,0.0,7,317.0
2026-01-31,NBL-1052,388.0,0.0,7,317.0
2026-02-07,NBL-1052,396.0,0.0,7,317.0
2026-02-14,NBL-1052,388.0,0.0,7,317.0
2026-02-21,NBL-1052,366.0,0.0,7,317.0
2026-02-28,NBL-1052,366.0,0.0,7,317.0
2026-03-07,NBL-1052,366.0,0.0,7,317.0
2026-03-14,NBL-1052,366.0,0.0,7,317.0
2026-03-21,NBL-1052,366.0,0.0,7,317.0
2026-03-28,NBL-1052,366.0,0.0,7,317.0
2026-04-04,NBL-1052,366.0,0.0,7,317.0
2026-04-11,NBL-1052,366.0,0.0,7,317.0
2026-04-18,NBL-1052,366.0,0.0,7,317.0
2026-04-25,NBL-1052,366.0,0.0,7,317.0
2026-05-02,NBL-1052,366.0,0.0,7,317.0
2026-05-09,NBL-1052,366.0,0.0,7,317.0
2026-05-16,NBL-1052,366.0,0.0,7,317.0
2026-05-23,NBL-1052,366.0,0.0,7,317.0
2026-05-30,NBL-1052,366.0,0.0,7,317.0
2026-06-06,NBL-1052,366.0,0.0,7,317.0
2026-06-13,NBL-1052,366.0,0.0,7,317.0
2026-06-20,NBL-1052,366.0,0.0,7,317.0
2026-06-27,NBL-1052,366.0,0.0,7,317.0
2026-07-04,NBL-1052,366.0,0.0,7,317.0
2026-07-11,NBL-1052,366.0,0.0,7,317.0
2024-07-13,NBL-1053,352.0,0.0,7,180.0
2024-07-20,NBL-1053,320.0,0.0,7,180.0
2024-07-27,NBL-1053,316.0,0.0,7,180.0
2024-08-03,NBL-1053,305.0,0.0,7,180.0
2024-08-10,NBL-1053,270.0,0.0,7,180.0
2024-08-17,NBL-1053,233.0,,7,180.0
2024-08-24,NBL-1053,221.0,0.0,7,180.0
2024-08-31,NBL-1053,207.0,0.0,7,180.0
2024-09-07,NBL-1053,214.0,0.0,7,180.0
2024-09-14,NBL-1053,207.0,0.0,7,180.0
2024-09-21,NBL-1053,207.0,0.0,7,180.0
2024-09-28,NBL-1053,207.0,0.0,7,180.0
2024-10-05,NBL-1053,207.0,0.0,7,180.0
2024-10-12,NBL-1053,219.0,0.0,7,180.0
2024-10-19,NBL-1053,224.0,0.0,7,180.0
2024-10-26,NBL-1053,226.0,0.0,7,180.0
2024-11-02,NBL-1053,285.0,0.0,7,180.0
2024-11-09,NBL-1053,290.0,0.0,7,180.0
2024-11-16,NBL-1053,311.0,0.0,7,180.0
2024-11-23,NBL-1053,340.0,0.0,7,180.0
2024-11-30,NBL-1053,348.0,0.0,7,180.0
2024-12-07,NBL-1053,341.0,0.0,7,180.0
2024-12-14,NBL-1053,320.0,0.0,7,180.0
2024-12-21,NBL-1053,334.0,0.0,7,180.0
2024-12-28,NBL-1053,344.0,0.0,7,180.0
2025-01-04,NBL-1053,193.0,0.0,7,180.0
2025-01-11,NBL-1053,207.0,0.0,7,180.0
2025-01-18,NBL-1053,207.0,0.0,7,180.0
2025-01-25,NBL-1053,239.0,0.0,7,180.0
2025-02-01,NBL-1053,269.0,0.0,7,180.0
2025-02-08,NBL-1053,298.0,0.0,7,180.0
2025-02-15,NBL-1053,369.0,0.0,7,180.0
2025-02-22,NBL-1053,190.0,0.0,7,180.0
2025-03-01,NBL-1053,207.0,0.0,7,180.0
2025-03-08,NBL-1053,276.0,0.0,7,180.0
2025-03-15,NBL-1053,267.0,0.0,7,180.0
2025-03-22,NBL-1053,266.0,0.0,7,180.0
2025-03-29,NBL-1053,283.0,0.0,7,180.0
2025-04-05,NBL-1053,290.0,0.0,7,180.0
2025-04-12,NBL-1053,208.0,0.0,7,180.0
2025-04-19,NBL-1053,225.0,0.0,7,180.0
2025-04-26,NBL-1053,207.0,0.0,7,180.0
2025-05-03,NBL-1053,207.0,0.0,7,180.0
2025-05-10,NBL-1053,207.0,0.0,7,180.0
2025-05-17,NBL-1053,207.0,0.0,7,180.0
2025-05-24,NBL-1053,207.0,0.0,7,180.0
2025-05-31,NBL-1053,207.0,0.0,7,180.0
2025-06-07,NBL-1053,207.0,0.0,7,180.0
2025-06-14,NBL-1053,207.0,0.0,7,180.0
2025-06-21,NBL-1053,207.0,0.0,7,180.0
2025-06-28,NBL-1053,207.0,0.0,7,180.0
2025-07-05,NBL-1053,207.0,0.0,7,180.0
2025-07-12,NBL-1053,207.0,0.0,7,180.0
2025-07-19,NBL-1053,207.0,0.0,7,180.0
2025-07-26,NBL-1053,207.0,0.0,7,180.0
2025-08-02,NBL-1053,207.0,0.0,7,180.0
2025-08-09,NBL-1053,207.0,0.0,7,180.0
2025-08-16,NBL-1053,207.0,0.0,7,180.0
2025-08-23,NBL-1053,207.0,0.0,7,180.0
2025-08-30,NBL-1053,207.0,0.0,7,180.0
2025-09-06,NBL-1053,207.0,0.0,7,180.0
2025-09-13,NBL-1053,207.0,0.0,7,180.0
2025-09-20,NBL-1053,207.0,0.0,7,180.0
2025-09-27,NBL-1053,207.0,0.0,7,180.0
2025-10-04,NBL-1053,279.0,0.0,7,180.0
2025-10-11,NBL-1053,207.0,0.0,7,180.0
2025-10-18,NBL-1053,207.0,0.0,7,180.0
2025-10-25,NBL-1053,207.0,0.0,7,180.0
2025-11-01,NBL-1053,224.0,0.0,7,180.0
2025-11-08,NBL-1053,207.0,0.0,7,180.0
2025-11-15,NBL-1053,207.0,0.0,7,180.0
2025-11-22,NBL-1053,207.0,0.0,7,180.0
2025-11-29,NBL-1053,227.0,0.0,7,180.0
2025-12-06,NBL-1053,231.0,0.0,7,180.0
2025-12-13,NBL-1053,230.0,0.0,7,180.0
2025-12-20,NBL-1053,230.0,0.0,7,180.0
2025-12-27,NBL-1053,228.0,0.0,7,180.0
2026-01-03,NBL-1053,245.0,0.0,7,180.0
2026-01-10,NBL-1053,225.0,0.0,7,180.0
2026-01-17,NBL-1053,213.0,0.0,7,180.0
2026-01-24,NBL-1053,218.0,0.0,7,180.0
2026-01-31,NBL-1053,221.0,0.0,7,180.0
2026-02-07,NBL-1053,230.0,0.0,7,180.0
2026-02-14,NBL-1053,217.0,0.0,7,180.0
2026-02-21,NBL-1053,216.0,0.0,7,180.0
2026-02-28,NBL-1053,207.0,0.0,7,180.0
2026-03-07,NBL-1053,207.0,0.0,7,180.0
2026-03-14,NBL-1053,253.0,0.0,7,180.0
2026-03-21,NBL-1053,207.0,0.0,7,180.0
2026-03-28,NBL-1053,207.0,0.0,7,180.0
2026-04-04,NBL-1053,207.0,0.0,7,180.0
2026-04-11,NBL-1053,207.0,0.0,7,180.0
2026-04-18,NBL-1053,207.0,0.0,7,180.0
2026-04-25,NBL-1053,207.0,0.0,7,180.0
2026-05-02,NBL-1053,207.0,0.0,7,180.0
2026-05-09,NBL-1053,207.0,0.0,7,180.0
2026-05-16,NBL-1053,207.0,0.0,7,180.0
2026-05-23,NBL-1053,207.0,0.0,7,180.0
2026-05-30,NBL-1053,207.0,0.0,7,180.0
2026-06-06,NBL-1053,207.0,0.0,7,180.0
2026-06-13,NBL-1053,207.0,0.0,7,180.0
2026-06-20,NBL-1053,207.0,0.0,7,180.0
2026-06-27,NBL-1053,207.0,0.0,7,180.0
2026-07-04,NBL-1053,207.0,0.0,7,180.0
2026-07-11,NBL-1053,207.0,0.0,7,180.0
2024-07-13,NBL-1054,1155.0,0.0,21,963.0
2024-07-20,NBL-1054,723.0,1111.0,21,963.0
2024-07-27,NBL-1054,222.0,1111.0,21,963.0
2024-08-03,NBL-1054,1111.0,0.0,21,963.0
2024-08-10,NBL-1054,642.0,1111.0,21,963.0
2024-08-17,NBL-1054,146.0,1111.0,21,963.0
2024-08-24,NBL-1054,1111.0,0.0,21,963.0
2024-08-31,NBL-1054,650.0,1111.0,21,963.0
2024-09-07,NBL-1054,235.0,1111.0,21,963.0
2024-09-14,NBL-1054,1111.0,0.0,21,963.0
2024-09-21,NBL-1054,710.0,1111.0,21,963.0
2024-09-28,NBL-1054,303.0,1111.0,21,963.0
2024-10-05,NBL-1054,1111.0,0.0,21,963.0
2024-10-12,NBL-1054,730.0,1111.0,21,963.0
2024-10-19,NBL-1054,333.0,1111.0,21,963.0
2024-10-26,NBL-1054,1117.0,0.0,21,963.0
2024-11-02,NBL-1054,782.0,1111.0,21,963.0
2024-11-09,NBL-1054,379.0,1111.0,21,963.0
2024-11-16,NBL-1054,1161.0,0.0,21,963.0
2024-11-23,NBL-1054,814.0,1111.0,21,963.0
2024-11-30,NBL-1054,454.0,1111.0,21,963.0
2024-12-07,NBL-1054,1246.0,0.0,21,963.0
2024-12-14,NBL-1054,963.0,0.0,21,963.0
2024-12-21,NBL-1054,651.0,1111.0,21,963.0
2024-12-28,NBL-1054,1482.0,0.0,21,963.0
2025-01-04,NBL-1054,1226.0,0.0,21,963.0
2025-01-11,NBL-1054,944.0,1111.0,21,963.0
2025-01-18,NBL-1054,1743.0,0.0,21,963.0
2025-01-25,NBL-1054,1461.0,0.0,21,963.0
2025-02-01,NBL-1054,1248.0,0.0,21,963.0
2025-02-08,NBL-1054,2064.0,0.0,21,963.0
2025-02-15,NBL-1054,1802.0,0.0,21,963.0
2025-02-22,NBL-1054,1550.0,0.0,21,963.0
2025-03-01,NBL-1054,1234.0,0.0,21,963.0
2025-03-08,NBL-1054,895.0,1111.0,21,963.0
2025-03-15,NBL-1054,599.0,1111.0,21,963.0
2025-03-22,NBL-1054,1373.0,0.0,21,963.0
2025-03-29,NBL-1054,1085.0,0.0,21,963.0
2025-04-05,NBL-1054,775.0,1111.0,21,963.0
2025-04-12,NBL-1054,1655.0,0.0,21,963.0
2025-04-19,NBL-1054,1374.0,0.0,21,963.0
2025-04-26,NBL-1054,1039.0,0.0,21,963.0
2025-05-03,NBL-1054,1769.0,0.0,21,963.0
2025-05-10,NBL-1054,1445.0,0.0,21,963.0
2025-05-17,NBL-1054,1108.0,0.0,21,963.0
2025-05-24,NBL-1054,1864.0,0.0,21,963.0
2025-05-31,NBL-1054,1484.0,0.0,21,963.0
2025-06-07,NBL-1054,1093.0,0.0,21,963.0
2025-06-14,NBL-1054,1814.0,0.0,21,963.0
2025-06-21,NBL-1054,1471.0,0.0,21,963.0
2025-06-28,NBL-1054,1104.0,0.0,21,963.0
2025-07-05,NBL-1054,1782.0,0.0,21,963.0
2025-07-12,NBL-1054,1447.0,0.0,21,963.0
2025-07-19,NBL-1054,1018.0,0.0,21,963.0
2025-07-26,NBL-1054,1722.0,0.0,21,963.0
2025-08-02,NBL-1054,1313.0,0.0,21,963.0
2025-08-09,NBL-1054,987.0,0.0,21,963.0
2025-08-16,NBL-1054,1770.0,0.0,21,963.0
2025-08-23,NBL-1054,1394.0,0.0,21,963.0
2025-08-30,NBL-1054,1043.0,0.0,21,963.0
2025-09-06,NBL-1054,1855.0,0.0,21,963.0
2025-09-13,NBL-1054,1523.0,0.0,21,963.0
2025-09-20,NBL-1054,1212.0,0.0,21,963.0
2025-09-27,NBL-1054,1971.0,0.0,21,963.0
2025-10-04,NBL-1054,1685.0,0.0,21,963.0
2025-10-11,NBL-1054,1399.0,0.0,21,963.0
2025-10-18,NBL-1054,1125.0,0.0,21,963.0
2025-10-25,NBL-1054,849.0,1111.0,21,963.0
2025-11-01,NBL-1054,542.0,1111.0,21,963.0
2025-11-08,NBL-1054,1364.0,0.0,21,963.0
2025-11-15,NBL-1054,1108.0,0.0,21,963.0
2025-11-22,NBL-1054,831.0,1111.0,21,963.0
2025-11-29,NBL-1054,1696.0,0.0,21,963.0
2025-12-06,NBL-1054,1467.0,0.0,21,963.0
2025-12-13,NBL-1054,1224.0,0.0,21,963.0
2025-12-20,NBL-1054,969.0,0.0,21,963.0
2025-12-27,NBL-1054,737.0,1111.0,21,963.0
2026-01-03,NBL-1054,554.0,1111.0,21,963.0
2026-01-10,NBL-1054,1430.0,0.0,21,963.0
2026-01-17,NBL-1054,1174.0,0.0,21,963.0
2026-01-24,NBL-1054,980.0,0.0,21,963.0
2026-01-31,NBL-1054,1869.0,0.0,21,963.0
2026-02-07,NBL-1054,1635.0,0.0,21,963.0
2026-02-14,NBL-1054,1399.0,0.0,21,963.0
2026-02-21,NBL-1054,1166.0,0.0,21,963.0
2026-02-28,NBL-1054,928.0,1111.0,21,963.0
2026-03-07,NBL-1054,659.0,1111.0,21,963.0
2026-03-14,NBL-1054,1467.0,0.0,21,963.0
2026-03-21,NBL-1054,1175.0,0.0,21,963.0
2026-03-28,NBL-1054,914.0,1111.0,21,963.0
2026-04-04,NBL-1054,1745.0,0.0,21,963.0
2026-04-11,NBL-1054,1498.0,0.0,21,963.0
2026-04-18,NBL-1054,1319.0,0.0,21,963.0
2026-04-25,NBL-1054,1008.0,0.0,21,963.0
2026-05-02,NBL-1054,718.0,1111.0,21,963.0
2026-05-09,NBL-1054,399.0,1111.0,21,963.0
2026-05-16,NBL-1054,1204.0,0.0,21,963.0
2026-05-23,NBL-1054,895.0,1111.0,21,963.0
2026-05-30,NBL-1054,610.0,1111.0,21,963.0
2026-06-06,NBL-1054,1378.0,0.0,21,963.0
2026-06-13,NBL-1054,1056.0,0.0,21,963.0
2026-06-20,NBL-1054,702.0,1111.0,21,963.0
2026-06-27,NBL-1054,1533.0,0.0,21,963.0
2026-07-04,NBL-1054,1257.0,0.0,21,963.0
2026-07-11,NBL-1054,863.0,1111.0,21,963.0
2024-07-13,NBL-1055,544.0,0.0,14,337.0
2024-07-20,NBL-1055,303.0,389.0,14,337.0
2024-07-27,NBL-1055,451.0,0.0,14,337.0
2024-08-03,NBL-1055,221.0,389.0,14,337.0
2024-08-10,NBL-1055,389.0,0.0,14,337.0
2024-08-17,NBL-1055,160.0,389.0,14,337.0
2024-08-24,NBL-1055,389.0,0.0,14,337.0
2024-08-31,NBL-1055,170.0,,14,337.0
2024-09-07,NBL-1055,389.0,0.0,14,337.0
2024-09-14,NBL-1055,178.0,389.0,14,337.0
2024-09-21,NBL-1055,389.0,0.0,14,337.0
2024-09-28,NBL-1055,138.0,389.0,14,337.0
2024-10-05,NBL-1055,389.0,0.0,14,337.0
2024-10-12,NBL-1055,202.0,389.0,14,337.0
2024-10-19,NBL-1055,404.0,0.0,14,337.0
2024-10-26,NBL-1055,173.0,389.0,14,337.0
2024-11-02,NBL-1055,389.0,0.0,14,337.0
2024-11-09,NBL-1055,183.0,389.0,14,337.0
2024-11-16,NBL-1055,389.0,0.0,14,337.0
2024-11-23,NBL-1055,226.0,389.0,14,337.0
2024-11-30,NBL-1055,398.0,0.0,14,337.0
2024-12-07,NBL-1055,225.0,389.0,14,337.0
2024-12-14,NBL-1055,455.0,0.0,14,337.0
2024-12-21,NBL-1055,291.0,389.0,14,337.0
2024-12-28,NBL-1055,516.0,0.0,14,337.0
2025-01-04,NBL-1055,382.0,0.0,14,337.0
2025-01-11,NBL-1055,612.0,0.0,14,337.0
2025-01-18,NBL-1055,447.0,0.0,14,337.0
2025-01-25,NBL-1055,669.0,0.0,14,337.0
2025-02-01,NBL-1055,483.0,0.0,14,337.0
2025-02-08,NBL-1055,698.0,0.0,14,337.0
2025-02-15,NBL-1055,514.0,0.0,14,337.0
2025-02-22,NBL-1055,349.0,0.0,14,337.0
2025-03-01,NBL-1055,210.0,389.0,14,337.0
2025-03-08,NBL-1055,433.0,0.0,14,337.0
2025-03-15,NBL-1055,268.0,389.0,14,337.0
2025-03-22,NBL-1055,449.0,0.0,14,337.0
2025-03-29,NBL-1055,258.0,389.0,14,337.0
2025-04-05,NBL-1055,415.0,0.0,14,337.0
2025-04-12,NBL-1055,235.0,389.0,14,337.0
2025-04-19,NBL-1055,404.0,0.0,14,337.0
2025-04-26,NBL-1055,192.0,389.0,14,337.0
2025-05-03,NBL-1055,421.0,0.0,14,337.0
2025-05-10,NBL-1055,200.0,389.0,14,337.0
2025-05-17,NBL-1055,389.0,0.0,14,337.0
2025-05-24,NBL-1055,179.0,389.0,14,337.0
2025-05-31,NBL-1055,389.0,0.0,14,337.0
2025-06-07,NBL-1055,123.0,389.0,14,337.0
2025-06-14,NBL-1055,389.0,0.0,14,337.0
2025-06-21,NBL-1055,112.0,389.0,14,337.0
2025-06-28,NBL-1055,389.0,0.0,14,337.0
2025-07-05,NBL-1055,152.0,389.0,14,337.0
2025-07-12,NBL-1055,389.0,0.0,14,337.0
2025-07-19,NBL-1055,110.0,389.0,14,337.0
2025-07-26,NBL-1055,389.0,0.0,14,337.0
2025-08-02,NBL-1055,155.0,389.0,14,337.0
2025-08-09,NBL-1055,389.0,0.0,14,337.0
2025-08-16,NBL-1055,141.0,389.0,14,337.0
2025-08-23,NBL-1055,389.0,0.0,14,337.0
2025-08-30,NBL-1055,104.0,389.0,14,337.0
2025-09-06,NBL-1055,389.0,0.0,14,337.0
2025-09-13,NBL-1055,146.0,389.0,14,337.0
2025-09-20,NBL-1055,389.0,0.0,14,337.0
2025-09-27,NBL-1055,164.0,389.0,14,337.0
2025-10-04,NBL-1055,389.0,0.0,14,337.0
2025-10-11,NBL-1055,99.0,389.0,14,337.0
2025-10-18,NBL-1055,389.0,0.0,14,337.0
2025-10-25,NBL-1055,173.0,389.0,14,337.0
2025-11-01,NBL-1055,389.0,0.0,14,337.0
2025-11-08,NBL-1055,191.0,389.0,14,337.0
2025-11-15,NBL-1055,389.0,0.0,14,337.0
2025-11-22,NBL-1055,225.0,389.0,14,337.0
2025-11-29,NBL-1055,392.0,0.0,14,337.0
2025-12-06,NBL-1055,173.0,389.0,14,337.0
2025-12-13,NBL-1055,389.0,0.0,14,337.0
2025-12-20,NBL-1055,222.0,389.0,14,337.0
2025-12-27,NBL-1055,426.0,0.0,14,337.0
2026-01-03,NBL-1055,207.0,389.0,14,337.0
2026-01-10,NBL-1055,424.0,0.0,14,337.0
2026-01-17,NBL-1055,200.0,389.0,14,337.0
2026-01-24,NBL-1055,415.0,0.0,14,337.0
2026-01-31,NBL-1055,225.0,389.0,14,337.0
2026-02-07,NBL-1055,415.0,0.0,14,337.0
2026-02-14,NBL-1055,196.0,389.0,14,337.0
2026-02-21,NBL-1055,416.0,0.0,14,337.0
2026-02-28,NBL-1055,238.0,389.0,14,337.0
2026-03-07,NBL-1055,413.0,0.0,14,337.0
2026-03-14,NBL-1055,199.0,389.0,14,337.0
2026-03-21,NBL-1055,402.0,0.0,14,337.0
2026-03-28,NBL-1055,203.0,389.0,14,337.0
2026-04-04,NBL-1055,407.0,0.0,14,337.0
2026-04-11,NBL-1055,221.0,389.0,14,337.0
2026-04-18,NBL-1055,389.0,0.0,14,337.0
2026-04-25,NBL-1055,137.0,389.0,14,337.0
2026-05-02,NBL-1055,389.0,0.0,14,337.0
2026-05-09,NBL-1055,115.0,389.0,14,337.0
2026-05-16,NBL-1055,389.0,0.0,14,337.0
2026-05-23,NBL-1055,125.0,389.0,14,337.0
2026-05-30,NBL-1055,389.0,0.0,14,337.0
2026-06-06,NBL-1055,131.0,389.0,14,337.0
2026-06-13,NBL-1055,389.0,0.0,14,337.0
2026-06-20,NBL-1055,89.0,389.0,14,337.0
2026-06-27,NBL-1055,389.0,0.0,14,337.0
2026-07-04,NBL-1055,131.0,389.0,14,337.0
2026-07-11,NBL-1055,389.0,0.0,14,337.0
2024-07-13,NBL-1056,380.0,0.0,7,44.0
2024-07-20,NBL-1056,312.0,0.0,7,44.0
2024-07-27,NBL-1056,253.0,0.0,7,44.0
2024-08-03,NBL-1056,189.0,0.0,7,44.0
2024-08-10,NBL-1056,127.0,0.0,7,44.0
2024-08-17,NBL-1056,71.0,0.0,7,44.0
2024-08-24,NBL-1056,82.0,0.0,7,44.0
2024-08-31,NBL-1056,75.0,0.0,7,44.0
2024-09-07,NBL-1056,54.0,0.0,7,44.0
2024-09-14,NBL-1056,51.0,0.0,7,44.0
2024-09-21,NBL-1056,51.0,0.0,7,44.0
2024-09-28,NBL-1056,51.0,0.0,7,44.0
2024-10-05,NBL-1056,51.0,0.0,7,44.0
2024-10-12,NBL-1056,51.0,0.0,7,44.0
2024-10-19,NBL-1056,51.0,0.0,7,44.0
2024-10-26,NBL-1056,57.0,0.0,7,44.0
2024-11-02,NBL-1056,51.0,0.0,7,44.0
2024-11-09,NBL-1056,67.0,0.0,7,44.0
2024-11-16,NBL-1056,92.0,0.0,7,44.0
2024-11-23,NBL-1056,54.0,0.0,7,44.0
2024-11-30,NBL-1056,68.0,0.0,7,44.0
2024-12-07,NBL-1056,85.0,0.0,7,44.0
2024-12-14,NBL-1056,53.0,0.0,7,44.0
2024-12-21,NBL-1056,62.0,0.0,7,44.0
2024-12-28,NBL-1056,74.0,0.0,7,44.0
2025-01-04,NBL-1056,83.0,0.0,7,44.0
2025-01-11,NBL-1056,82.0,0.0,7,44.0
2025-01-18,NBL-1056,92.0,0.0,7,44.0
2025-01-25,NBL-1056,47.0,0.0,7,44.0
2025-02-01,NBL-1056,59.0,0.0,7,44.0
2025-02-08,NBL-1056,63.0,0.0,7,44.0
2025-02-15,NBL-1056,57.0,0.0,7,44.0
2025-02-22,NBL-1056,75.0,0.0,7,44.0
2025-03-01,NBL-1056,73.0,0.0,7,44.0
2025-03-08,NBL-1056,55.0,0.0,7,44.0
2025-03-15,NBL-1056,56.0,0.0,7,44.0
2025-03-22,NBL-1056,66.0,0.0,7,44.0
2025-03-29,NBL-1056,72.0,0.0,7,44.0
2025-04-05,NBL-1056,84.0,0.0,7,44.0
2025-04-12,NBL-1056,82.0,0.0,7,44.0
2025-04-19,NBL-1056,85.0,0.0,7,44.0
2025-04-26,NBL-1056,78.0,0.0,7,44.0
2025-05-03,NBL-1056,81.0,0.0,7,44.0
2025-05-10,NBL-1056,68.0,0.0,7,44.0
2025-05-17,NBL-1056,55.0,0.0,7,44.0
2025-05-24,NBL-1056,51.0,0.0,7,44.0
2025-05-31,NBL-1056,51.0,0.0,7,44.0
2025-06-07,NBL-1056,51.0,0.0,7,44.0
2025-06-14,NBL-1056,51.0,0.0,7,44.0
2025-06-21,NBL-1056,51.0,0.0,7,44.0
2025-06-28,NBL-1056,51.0,0.0,7,44.0
2025-07-05,NBL-1056,51.0,0.0,7,44.0
2025-07-12,NBL-1056,51.0,0.0,7,44.0
2025-07-19,NBL-1056,51.0,0.0,7,44.0
2025-07-26,NBL-1056,51.0,0.0,7,44.0
2025-08-02,NBL-1056,51.0,0.0,7,44.0
2025-08-09,NBL-1056,51.0,0.0,7,44.0
2025-08-16,NBL-1056,51.0,0.0,7,44.0
2025-08-23,NBL-1056,51.0,0.0,7,44.0
2025-08-30,NBL-1056,51.0,0.0,7,44.0
2025-09-06,NBL-1056,51.0,0.0,7,44.0
2025-09-13,NBL-1056,51.0,0.0,7,44.0
2025-09-20,NBL-1056,51.0,0.0,7,44.0
2025-09-27,NBL-1056,51.0,0.0,7,44.0
2025-10-04,NBL-1056,51.0,0.0,7,44.0
2025-10-11,NBL-1056,51.0,0.0,7,44.0
2025-10-18,NBL-1056,51.0,0.0,7,44.0
2025-10-25,NBL-1056,51.0,0.0,7,44.0
2025-11-01,NBL-1056,54.0,0.0,7,44.0
2025-11-08,NBL-1056,51.0,0.0,7,44.0
2025-11-15,NBL-1056,51.0,0.0,7,44.0
2025-11-22,NBL-1056,51.0,0.0,7,44.0
2025-11-29,NBL-1056,54.0,0.0,7,44.0
2025-12-06,NBL-1056,51.0,0.0,7,44.0
2025-12-13,NBL-1056,52.0,0.0,7,44.0
2025-12-20,NBL-1056,62.0,0.0,7,44.0
2025-12-27,NBL-1056,65.0,0.0,7,44.0
2026-01-03,NBL-1056,66.0,0.0,7,44.0
2026-01-10,NBL-1056,76.0,0.0,7,44.0
2026-01-17,NBL-1056,94.0,0.0,7,44.0
2026-01-24,NBL-1056,55.0,0.0,7,44.0
2026-01-31,NBL-1056,54.0,0.0,7,44.0
2026-02-07,NBL-1056,52.0,0.0,7,44.0
2026-02-14,NBL-1056,51.0,0.0,7,44.0
2026-02-21,NBL-1056,62.0,0.0,7,44.0
2026-02-28,NBL-1056,69.0,0.0,7,44.0
2026-03-07,NBL-1056,71.0,0.0,7,44.0
2026-03-14,NBL-1056,69.0,0.0,7,44.0
2026-03-21,NBL-1056,66.0,0.0,7,44.0
2026-03-28,NBL-1056,70.0,0.0,7,44.0
2026-04-04,NBL-1056,69.0,0.0,7,44.0
2026-04-11,NBL-1056,66.0,0.0,7,44.0
2026-04-18,NBL-1056,68.0,0.0,7,44.0
2026-04-25,NBL-1056,51.0,0.0,7,44.0
2026-05-02,NBL-1056,58.0,0.0,7,44.0
2026-05-09,NBL-1056,51.0,0.0,7,44.0
2026-05-16,NBL-1056,51.0,0.0,7,44.0
2026-05-23,NBL-1056,51.0,0.0,7,44.0
2026-05-30,NBL-1056,51.0,0.0,7,44.0
2026-06-06,NBL-1056,51.0,0.0,7,44.0
2026-06-13,NBL-1056,51.0,0.0,7,44.0
2026-06-20,NBL-1056,51.0,0.0,7,44.0
2026-06-27,NBL-1056,51.0,0.0,7,44.0
2026-07-04,NBL-1056,51.0,0.0,7,44.0
2026-07-11,NBL-1056,51.0,0.0,7,44.0
2024-07-13,NBL-1057,216.0,0.0,7,109.0
2024-07-20,NBL-1057,162.0,0.0,7,109.0
2024-07-27,NBL-1057,126.0,0.0,7,109.0
2024-08-03,NBL-1057,126.0,0.0,7,109.0
2024-08-10,NBL-1057,136.0,0.0,7,109.0
2024-08-17,NBL-1057,126.0,0.0,7,109.0
2024-08-24,NBL-1057,126.0,0.0,7,109.0
2024-08-31,NBL-1057,126.0,0.0,7,109.0
2024-09-07,NBL-1057,126.0,0.0,7,109.0
2024-09-14,NBL-1057,130.0,0.0,7,109.0
2024-09-21,NBL-1057,128.0,0.0,7,109.0
2024-09-28,NBL-1057,126.0,0.0,7,109.0
2024-10-05,NBL-1057,126.0,0.0,7,109.0
2024-10-12,NBL-1057,126.0,0.0,7,109.0
2024-10-19,NBL-1057,126.0,0.0,7,109.0
2024-10-26,NBL-1057,132.0,0.0,7,109.0
2024-11-02,NBL-1057,149.0,0.0,7,109.0
2024-11-09,NBL-1057,148.0,0.0,7,109.0
2024-11-16,NBL-1057,150.0,0.0,7,109.0
2024-11-23,NBL-1057,176.0,0.0,7,109.0
2024-11-30,NBL-1057,199.0,0.0,7,109.0
2024-12-07,NBL-1057,122.0,0.0,7,109.0
2024-12-14,NBL-1057,145.0,0.0,7,109.0
2024-12-21,NBL-1057,173.0,0.0,7,109.0
2024-12-28,NBL-1057,188.0,0.0,7,109.0
2025-01-04,NBL-1057,202.0,0.0,7,109.0
2025-01-11,NBL-1057,227.0,0.0,7,109.0
2025-01-18,NBL-1057,119.0,0.0,7,109.0
2025-01-25,NBL-1057,148.0,0.0,7,109.0
2025-02-01,NBL-1057,160.0,0.0,7,109.0
2025-02-08,NBL-1057,188.0,0.0,7,109.0
2025-02-15,NBL-1057,213.0,0.0,7,109.0
2025-02-22,NBL-1057,225.0,0.0,7,109.0
2025-03-01,NBL-1057,126.0,0.0,7,109.0
2025-03-08,NBL-1057,160.0,0.0,7,109.0
2025-03-15,NBL-1057,163.0,0.0,7,109.0
2025-03-22,NBL-1057,171.0,0.0,7,109.0
2025-03-29,NBL-1057,187.0,0.0,7,109.0
2025-04-05,NBL-1057,220.0,0.0,7,109.0
2025-04-12,NBL-1057,198.0,0.0,7,109.0
2025-04-19,NBL-1057,174.0,0.0,7,109.0
2025-04-26,NBL-1057,147.0,0.0,7,109.0
2025-05-03,NBL-1057,126.0,0.0,7,109.0
2025-05-10,NBL-1057,126.0,0.0,7,109.0
2025-05-17,NBL-1057,126.0,0.0,7,109.0
2025-05-24,NBL-1057,126.0,0.0,7,109.0
2025-05-31,NBL-1057,126.0,0.0,7,109.0
2025-06-07,NBL-1057,126.0,0.0,7,109.0
2025-06-14,NBL-1057,126.0,0.0,7,109.0
2025-06-21,NBL-1057,126.0,0.0,7,109.0
2025-06-28,NBL-1057,126.0,0.0,7,109.0
2025-07-05,NBL-1057,126.0,0.0,7,109.0
2025-07-12,NBL-1057,126.0,0.0,7,109.0
2025-07-19,NBL-1057,126.0,0.0,7,109.0
2025-07-26,NBL-1057,126.0,0.0,7,109.0
2025-08-02,NBL-1057,126.0,0.0,7,109.0
2025-08-09,NBL-1057,126.0,0.0,7,109.0
2025-08-16,NBL-1057,126.0,0.0,7,109.0
2025-08-23,NBL-1057,126.0,0.0,7,109.0
2025-08-30,NBL-1057,126.0,0.0,7,109.0
2025-09-06,NBL-1057,126.0,0.0,7,109.0
2025-09-13,NBL-1057,126.0,0.0,7,109.0
2025-09-20,NBL-1057,126.0,0.0,7,109.0
2025-09-27,NBL-1057,126.0,0.0,7,109.0
2025-10-04,NBL-1057,126.0,0.0,7,109.0
2025-10-11,NBL-1057,126.0,0.0,7,109.0
2025-10-18,NBL-1057,126.0,0.0,7,109.0
2025-10-25,NBL-1057,126.0,0.0,7,109.0
2025-11-01,NBL-1057,126.0,0.0,7,109.0
2025-11-08,NBL-1057,126.0,0.0,7,109.0
2025-11-15,NBL-1057,126.0,0.0,7,109.0
2025-11-22,NBL-1057,126.0,0.0,7,109.0
2025-11-29,NBL-1057,126.0,0.0,7,109.0
2025-12-06,NBL-1057,126.0,0.0,7,109.0
2025-12-13,NBL-1057,126.0,0.0,7,109.0
2025-12-20,NBL-1057,126.0,0.0,7,109.0
2025-12-27,NBL-1057,146.0,,7,109.0
2026-01-03,NBL-1057,134.0,0.0,7,109.0
2026-01-10,NBL-1057,141.0,0.0,7,109.0
2026-01-17,NBL-1057,126.0,0.0,7,109.0
2026-01-24,NBL-1057,126.0,0.0,7,109.0
2026-01-31,NBL-1057,131.0,0.0,7,109.0
2026-02-07,NBL-1057,131.0,0.0,7,109.0
2026-02-14,NBL-1057,126.0,0.0,7,109.0
2026-02-21,NBL-1057,129.0,0.0,7,109.0
2026-02-28,NBL-1057,126.0,0.0,7,109.0
2026-03-07,NBL-1057,126.0,0.0,7,109.0
2026-03-14,NBL-1057,126.0,0.0,7,109.0
2026-03-21,NBL-1057,126.0,0.0,7,109.0
2026-03-28,NBL-1057,126.0,0.0,7,109.0
2026-04-04,NBL-1057,126.0,0.0,7,109.0
2026-04-11,NBL-1057,126.0,0.0,7,109.0
2026-04-18,NBL-1057,126.0,0.0,7,109.0
2026-04-25,NBL-1057,126.0,0.0,7,109.0
2026-05-02,NBL-1057,126.0,0.0,7,109.0
2026-05-09,NBL-1057,126.0,0.0,7,109.0
2026-05-16,NBL-1057,126.0,0.0,7,109.0
2026-05-23,NBL-1057,126.0,0.0,7,109.0
2026-05-30,NBL-1057,126.0,0.0,7,109.0
2026-06-06,NBL-1057,126.0,0.0,7,109.0
2026-06-13,NBL-1057,126.0,0.0,7,109.0
2026-06-20,NBL-1057,126.0,0.0,7,109.0
2026-06-27,NBL-1057,126.0,0.0,7,109.0
2026-07-04,NBL-1057,126.0,0.0,7,109.0
2026-07-11,NBL-1057,126.0,0.0,7,109.0
2024-07-13,NBL-1058,470.0,0.0,10,256.0
2024-07-20,NBL-1058,210.0,295.0,10,256.0
2024-07-27,NBL-1058,273.0,0.0,10,256.0
2024-08-03,NBL-1058,313.0,0.0,10,256.0
2024-08-10,NBL-1058,54.0,295.0,10,256.0
2024-08-17,NBL-1058,107.0,295.0,10,256.0
2024-08-24,NBL-1058,231.0,295.0,10,256.0
2024-08-31,NBL-1058,0.0,295.0,10,256.0
2024-09-07,NBL-1058,83.0,295.0,10,256.0
2024-09-14,NBL-1058,192.0,295.0,10,256.0
2024-09-21,NBL-1058,295.0,0.0,10,256.0
2024-09-28,NBL-1058,89.0,295.0,10,256.0
2024-10-05,NBL-1058,163.0,295.0,10,256.0
2024-10-12,NBL-1058,324.0,0.0,10,256.0
2024-10-19,NBL-1058,145.0,295.0,10,256.0
2024-10-26,NBL-1058,188.0,295.0,10,256.0
2024-11-02,NBL-1058,299.0,0.0,10,256.0
2024-11-09,NBL-1058,112.0,295.0,10,256.0
2024-11-16,NBL-1058,207.0,295.0,10,256.0
2024-11-23,NBL-1058,342.0,0.0,10,256.0
2024-11-30,NBL-1058,461.0,0.0,10,256.0
2024-12-07,NBL-1058,302.0,0.0,10,256.0
2024-12-14,NBL-1058,468.0,0.0,10,256.0
2024-12-21,NBL-1058,297.0,0.0,10,256.0
2024-12-28,NBL-1058,131.0,295.0,10,256.0
2025-01-04,NBL-1058,253.0,295.0,10,256.0
2025-01-11,NBL-1058,401.0,0.0,10,256.0
2025-01-18,NBL-1058,247.0,295.0,10,256.0
2025-01-25,NBL-1058,411.0,0.0,10,256.0
2025-02-01,NBL-1058,219.0,295.0,10,256.0
2025-02-08,NBL-1058,341.0,0.0,10,256.0
2025-02-15,NBL-1058,186.0,295.0,10,256.0
2025-02-22,NBL-1058,342.0,0.0,10,256.0
2025-03-01,NBL-1058,505.0,0.0,10,256.0
2025-03-08,NBL-1058,379.0,0.0,10,256.0
2025-03-15,NBL-1058,234.0,295.0,10,256.0
2025-03-22,NBL-1058,386.0,0.0,10,256.0
2025-03-29,NBL-1058,177.0,295.0,10,256.0
2025-04-05,NBL-1058,257.0,0.0,10,256.0
2025-04-12,NBL-1058,321.0,0.0,10,256.0
2025-04-19,NBL-1058,410.0,0.0,10,256.0
2025-04-26,NBL-1058,195.0,295.0,10,256.0
2025-05-03,NBL-1058,287.0,0.0,10,256.0
2025-05-10,NBL-1058,392.0,,10,256.0
2025-05-17,NBL-1058,205.0,295.0,10,256.0
2025-05-24,NBL-1058,286.0,0.0,10,256.0
2025-05-31,NBL-1058,381.0,0.0,10,256.0
2025-06-07,NBL-1058,196.0,295.0,10,256.0
2025-06-14,NBL-1058,298.0,0.0,10,256.0
2025-06-21,NBL-1058,375.0,0.0,10,256.0
2025-06-28,NBL-1058,443.0,0.0,10,256.0
2025-07-05,NBL-1058,202.0,295.0,10,256.0
2025-07-12,NBL-1058,260.0,0.0,10,256.0
2025-07-19,NBL-1058,353.0,0.0,10,256.0
2025-07-26,NBL-1058,107.0,295.0,10,256.0
2025-08-02,NBL-1058,175.0,295.0,10,256.0
2025-08-09,NBL-1058,244.0,295.0,10,256.0
2025-08-16,NBL-1058,29.0,295.0,10,256.0
2025-08-23,NBL-1058,102.0,295.0,10,256.0
2025-08-30,NBL-1058,228.0,295.0,10,256.0
2025-09-06,NBL-1058,327.0,0.0,10,256.0
2025-09-13,NBL-1058,137.0,295.0,10,256.0
2025-09-20,NBL-1058,235.0,295.0,10,256.0
2025-09-27,NBL-1058,397.0,0.0,10,256.0
2025-10-04,NBL-1058,181.0,295.0,10,256.0
2025-10-11,NBL-1058,326.0,0.0,10,256.0
2025-10-18,NBL-1058,461.0,0.0,10,256.0
2025-10-25,NBL-1058,281.0,0.0,10,256.0
2025-11-01,NBL-1058,163.0,295.0,10,256.0
2025-11-08,NBL-1058,305.0,0.0,10,256.0
2025-11-15,NBL-1058,426.0,0.0,10,256.0
2025-11-22,NBL-1058,300.0,,10,256.0
2025-11-29,NBL-1058,484.0,0.0,10,256.0
2025-12-06,NBL-1058,354.0,0.0,10,256.0
2025-12-13,NBL-1058,219.0,295.0,10,256.0
2025-12-20,NBL-1058,402.0,0.0,10,256.0
2025-12-27,NBL-1058,256.0,295.0,10,256.0
2026-01-03,NBL-1058,114.0,295.0,10,256.0
2026-01-10,NBL-1058,262.0,0.0,10,256.0
2026-01-17,NBL-1058,456.0,0.0,10,256.0
2026-01-24,NBL-1058,336.0,0.0,10,256.0
2026-01-31,NBL-1058,210.0,295.0,10,256.0
2026-02-07,NBL-1058,364.0,0.0,10,256.0
2026-02-14,NBL-1058,523.0,0.0,10,256.0
2026-02-21,NBL-1058,382.0,0.0,10,256.0
2026-02-28,NBL-1058,243.0,295.0,10,256.0
2026-03-07,NBL-1058,428.0,0.0,10,256.0
2026-03-14,NBL-1058,336.0,0.0,10,256.0
2026-03-21,NBL-1058,209.0,295.0,10,256.0
2026-03-28,NBL-1058,328.0,0.0,10,256.0
2026-04-04,NBL-1058,478.0,0.0,10,256.0
2026-04-11,NBL-1058,335.0,0.0,10,256.0
2026-04-18,NBL-1058,166.0,295.0,10,256.0
2026-04-25,NBL-1058,300.0,0.0,10,256.0
2026-05-02,NBL-1058,128.0,295.0,10,256.0
2026-05-09,NBL-1058,248.0,295.0,10,256.0
2026-05-16,NBL-1058,346.0,0.0,10,256.0
2026-05-23,NBL-1058,196.0,295.0,10,256.0
2026-05-30,NBL-1058,305.0,0.0,10,256.0
2026-06-06,NBL-1058,400.0,0.0,10,256.0
2026-06-13,NBL-1058,538.0,0.0,10,256.0
2026-06-20,NBL-1058,322.0,0.0,10,256.0
2026-06-27,NBL-1058,403.0,0.0,10,256.0
2026-07-04,NBL-1058,518.0,,10,256.0
2026-07-11,NBL-1058,329.0,0.0,10,256.0
2024-07-13,NBL-1059,882.0,0.0,14,459.0
2024-07-20,NBL-1059,575.0,0.0,14,459.0
2024-07-27,NBL-1059,816.0,0.0,14,459.0
2024-08-03,NBL-1059,521.0,0.0,14,459.0
2024-08-10,NBL-1059,777.0,0.0,14,459.0
2024-08-17,NBL-1059,501.0,0.0,14,459.0
2024-08-24,NBL-1059,737.0,0.0,14,459.0
2024-08-31,NBL-1059,442.0,529.0,14,459.0
2024-09-07,NBL-1059,692.0,0.0,14,459.0
2024-09-14,NBL-1059,416.0,529.0,14,459.0
2024-09-21,NBL-1059,672.0,0.0,14,459.0
2024-09-28,NBL-1059,419.0,529.0,14,459.0
2024-10-05,NBL-1059,699.0,0.0,14,459.0
2024-10-12,NBL-1059,486.0,0.0,14,459.0
2024-10-19,NBL-1059,716.0,0.0,14,459.0
2024-10-26,NBL-1059,474.0,0.0,14,459.0
2024-11-02,NBL-1059,755.0,0.0,14,459.0
2024-11-09,NBL-1059,510.0,0.0,14,459.0
2024-11-16,NBL-1059,779.0,0.0,14,459.0
2024-11-23,NBL-1059,610.0,0.0,14,459.0
2024-11-30,NBL-1059,864.0,0.0,14,459.0
2024-12-07,NBL-1059,640.0,0.0,14,459.0
2024-12-14,NBL-1059,940.0,0.0,14,459.0
2024-12-21,NBL-1059,742.0,0.0,14,459.0
2024-12-28,NBL-1059,526.0,0.0,14,459.0
2025-01-04,NBL-1059,289.0,529.0,14,459.0
2025-01-11,NBL-1059,604.0,0.0,14,459.0
2025-01-18,NBL-1059,366.0,529.0,14,459.0
2025-01-25,NBL-1059,711.0,0.0,14,459.0
2025-02-01,NBL-1059,518.0,0.0,14,459.0
2025-02-08,NBL-1059,821.0,0.0,14,459.0
2025-02-15,NBL-1059,573.0,0.0,14,459.0
2025-02-22,NBL-1059,901.0,0.0,14,459.0
2025-03-01,NBL-1059,710.0,0.0,14,459.0
2025-03-08,NBL-1059,483.0,0.0,14,459.0
2025-03-15,NBL-1059,254.0,529.0,14,459.0
2025-03-22,NBL-1059,540.0,0.0,14,459.0
2025-03-29,NBL-1059,323.0,529.0,14,459.0
2025-04-05,NBL-1059,610.0,0.0,14,459.0
2025-04-12,NBL-1059,378.0,529.0,14,459.0
2025-04-19,NBL-1059,642.0,0.0,14,459.0
2025-04-26,NBL-1059,410.0,529.0,14,459.0
2025-05-03,NBL-1059,703.0,0.0,14,459.0
2025-05-10,NBL-1059,458.0,529.0,14,459.0
2025-05-17,NBL-1059,760.0,0.0,14,459.0
2025-05-24,NBL-1059,516.0,0.0,14,459.0
2025-05-31,NBL-1059,781.0,0.0,14,459.0
2025-06-07,NBL-1059,540.0,0.0,14,459.0
2025-06-14,NBL-1059,796.0,0.0,14,459.0
2025-06-21,NBL-1059,516.0,0.0,14,459.0
2025-06-28,NBL-1059,830.0,0.0,14,459.0
2025-07-05,NBL-1059,618.0,0.0,14,459.0
2025-07-12,NBL-1059,898.0,0.0,14,459.0
2025-07-19,NBL-1059,637.0,0.0,14,459.0
2025-07-26,NBL-1059,901.0,,14,459.0
2025-08-02,NBL-1059,684.0,0.0,14,459.0
2025-08-09,NBL-1059,482.0,0.0,14,459.0
2025-08-16,NBL-1059,251.0,529.0,14,459.0
2025-08-23,NBL-1059,529.0,0.0,14,459.0
2025-08-30,NBL-1059,301.0,529.0,14,459.0
2025-09-06,NBL-1059,635.0,0.0,14,459.0
2025-09-13,NBL-1059,409.0,529.0,14,459.0
2025-09-20,NBL-1059,704.0,0.0,14,459.0
2025-09-27,NBL-1059,472.0,0.0,14,459.0
2025-10-04,NBL-1059,785.0,0.0,14,459.0
2025-10-11,NBL-1059,585.0,0.0,14,459.0
2025-10-18,NBL-1059,910.0,0.0,14,459.0
2025-10-25,NBL-1059,696.0,0.0,14,459.0
2025-11-01,NBL-1059,471.0,0.0,14,459.0
2025-11-08,NBL-1059,305.0,529.0,14,459.0
2025-11-15,NBL-1059,629.0,0.0,14,459.0
2025-11-22,NBL-1059,444.0,529.0,14,459.0
2025-11-29,NBL-1059,773.0,0.0,14,459.0
2025-12-06,NBL-1059,591.0,0.0,14,459.0
2025-12-13,NBL-1059,937.0,0.0,14,459.0
2025-12-20,NBL-1059,757.0,0.0,14,459.0
2025-12-27,NBL-1059,595.0,0.0,14,459.0
2026-01-03,NBL-1059,389.0,529.0,14,459.0
2026-01-10,NBL-1059,731.0,0.0,14,459.0
2026-01-17,NBL-1059,543.0,0.0,14,459.0
2026-01-24,NBL-1059,894.0,0.0,14,459.0
2026-01-31,NBL-1059,711.0,0.0,14,459.0
2026-02-07,NBL-1059,512.0,0.0,14,459.0
2026-02-14,NBL-1059,343.0,529.0,14,459.0
2026-02-21,NBL-1059,730.0,0.0,14,459.0
2026-02-28,NBL-1059,547.0,0.0,14,459.0
2026-03-07,NBL-1059,879.0,0.0,14,459.0
2026-03-14,NBL-1059,670.0,0.0,14,459.0
2026-03-21,NBL-1059,472.0,0.0,14,459.0
2026-03-28,NBL-1059,299.0,529.0,14,459.0
2026-04-04,NBL-1059,651.0,0.0,14,459.0
2026-04-11,NBL-1059,450.0,529.0,14,459.0
2026-04-18,NBL-1059,783.0,0.0,14,459.0
2026-04-25,NBL-1059,612.0,0.0,14,459.0
2026-05-02,NBL-1059,946.0,0.0,14,459.0
2026-05-09,NBL-1059,749.0,0.0,14,459.0
2026-05-16,NBL-1059,550.0,0.0,14,459.0
2026-05-23,NBL-1059,320.0,529.0,14,459.0
2026-05-30,NBL-1059,633.0,0.0,14,459.0
2026-06-06,NBL-1059,437.0,529.0,14,459.0
2026-06-13,NBL-1059,772.0,0.0,14,459.0
2026-06-20,NBL-1059,596.0,0.0,14,459.0
2026-06-27,NBL-1059,934.0,0.0,14,459.0
2026-07-04,NBL-1059,748.0,0.0,14,459.0
2026-07-11,NBL-1059,554.0,0.0,14,459.0
2024-07-13,NBL-1060,1079.0,0.0,21,721.0
2024-07-20,NBL-1060,749.0,0.0,21,721.0
2024-07-27,NBL-1060,362.0,832.0,21,721.0
2024-08-03,NBL-1060,832.0,0.0,21,721.0
2024-08-10,NBL-1060,494.0,832.0,21,721.0
2024-08-17,NBL-1060,125.0,832.0,21,721.0
2024-08-24,NBL-1060,832.0,0.0,21,721.0
2024-08-31,NBL-1060,499.0,832.0,21,721.0
2024-09-07,NBL-1060,147.0,832.0,21,721.0
2024-09-14,NBL-1060,832.0,0.0,21,721.0
2024-09-21,NBL-1060,457.0,832.0,21,721.0
2024-09-28,NBL-1060,203.0,832.0,21,721.0
2024-10-05,NBL-1060,832.0,0.0,21,721.0
2024-10-12,NBL-1060,576.0,832.0,21,721.0
2024-10-19,NBL-1060,340.0,832.0,21,721.0
2024-10-26,NBL-1060,868.0,0.0,21,721.0
2024-11-02,NBL-1060,623.0,832.0,21,721.0
2024-11-09,NBL-1060,370.0,832.0,21,721.0
2024-11-16,NBL-1060,1015.0,0.0,21,721.0
2024-11-23,NBL-1060,831.0,0.0,21,721.0
2024-11-30,NBL-1060,608.0,832.0,21,721.0
2024-12-07,NBL-1060,1240.0,0.0,21,721.0
2024-12-14,NBL-1060,1001.0,0.0,21,721.0
2024-12-21,NBL-1060,786.0,0.0,21,721.0
2024-12-28,NBL-1060,1433.0,0.0,21,721.0
2025-01-04,NBL-1060,1200.0,0.0,21,721.0
2025-01-11,NBL-1060,983.0,0.0,21,721.0
2025-01-18,NBL-1060,808.0,0.0,21,721.0
2025-01-25,NBL-1060,607.0,832.0,21,721.0
2025-02-01,NBL-1060,419.0,832.0,21,721.0
2025-02-08,NBL-1060,1057.0,0.0,21,721.0
2025-02-15,NBL-1060,837.0,0.0,21,721.0
2025-02-22,NBL-1060,630.0,832.0,21,721.0
2025-03-01,NBL-1060,1277.0,0.0,21,721.0
2025-03-08,NBL-1060,1017.0,0.0,21,721.0
2025-03-15,NBL-1060,754.0,0.0,21,721.0
2025-03-22,NBL-1060,1365.0,0.0,21,721.0
2025-03-29,NBL-1060,1135.0,0.0,21,721.0
2025-04-05,NBL-1060,890.0,0.0,21,721.0
2025-04-12,NBL-1060,1416.0,0.0,21,721.0
2025-04-19,NBL-1060,1101.0,0.0,21,721.0
2025-04-26,NBL-1060,833.0,0.0,21,721.0
2025-05-03,NBL-1060,1409.0,0.0,21,721.0
2025-05-10,NBL-1060,1101.0,0.0,21,721.0
2025-05-17,NBL-1060,863.0,0.0,21,721.0
2025-05-24,NBL-1060,1429.0,0.0,21,721.0
2025-05-31,NBL-1060,1109.0,0.0,21,721.0
2025-06-07,NBL-1060,798.0,0.0,21,721.0
2025-06-14,NBL-1060,1249.0,,21,721.0
2025-06-21,NBL-1060,897.0,0.0,21,721.0
2025-06-28,NBL-1060,592.0,832.0,21,721.0
2025-07-05,NBL-1060,1050.0,0.0,21,721.0
2025-07-12,NBL-1060,681.0,832.0,21,721.0
2025-07-19,NBL-1060,300.0,832.0,21,721.0
2025-07-26,NBL-1060,832.0,0.0,21,721.0
2025-08-02,NBL-1060,482.0,832.0,21,721.0
2025-08-09,NBL-1060,122.0,832.0,21,721.0
2025-08-16,NBL-1060,832.0,0.0,21,721.0
2025-08-23,NBL-1060,493.0,832.0,21,721.0
2025-08-30,NBL-1060,173.0,832.0,21,721.0
2025-09-06,NBL-1060,832.0,0.0,21,721.0
2025-09-13,NBL-1060,571.0,832.0,21,721.0
2025-09-20,NBL-1060,192.0,832.0,21,721.0
2025-09-27,NBL-1060,832.0,0.0,21,721.0
2025-10-04,NBL-1060,565.0,832.0,21,721.0
2025-10-11,NBL-1060,309.0,832.0,21,721.0
2025-10-18,NBL-1060,861.0,0.0,21,721.0
2025-10-25,NBL-1060,620.0,832.0,21,721.0
2025-11-01,NBL-1060,340.0,832.0,21,721.0
2025-11-08,NBL-1060,918.0,0.0,21,721.0
2025-11-15,NBL-1060,586.0,832.0,21,721.0
2025-11-22,NBL-1060,356.0,832.0,21,721.0
2025-11-29,NBL-1060,989.0,0.0,21,721.0
2025-12-06,NBL-1060,734.0,0.0,21,721.0
2025-12-13,NBL-1060,521.0,832.0,21,721.0
2025-12-20,NBL-1060,1140.0,0.0,21,721.0
2025-12-27,NBL-1060,961.0,0.0,21,721.0
2026-01-03,NBL-1060,757.0,0.0,21,721.0
2026-01-10,NBL-1060,1325.0,0.0,21,721.0
2026-01-17,NBL-1060,1127.0,0.0,21,721.0
2026-01-24,NBL-1060,893.0,0.0,21,721.0
2026-01-31,NBL-1060,741.0,0.0,21,721.0
2026-02-07,NBL-1060,521.0,832.0,21,721.0
2026-02-14,NBL-1060,314.0,832.0,21,721.0
2026-02-21,NBL-1060,876.0,0.0,21,721.0
2026-02-28,NBL-1060,615.0,832.0,21,721.0
2026-03-07,NBL-1060,394.0,832.0,21,721.0
2026-03-14,NBL-1060,956.0,0.0,21,721.0
2026-03-21,NBL-1060,642.0,832.0,21,721.0
2026-03-28,NBL-1060,338.0,832.0,21,721.0
2026-04-04,NBL-1060,911.0,0.0,21,721.0
2026-04-11,NBL-1060,695.0,832.0,21,721.0
2026-04-18,NBL-1060,328.0,832.0,21,721.0
2026-04-25,NBL-1060,832.0,0.0,21,721.0
2026-05-02,NBL-1060,590.0,832.0,21,721.0
2026-05-09,NBL-1060,245.0,832.0,21,721.0
2026-05-16,NBL-1060,832.0,0.0,21,721.0
2026-05-23,NBL-1060,493.0,832.0,21,721.0
2026-05-30,NBL-1060,90.0,832.0,21,721.0
2026-06-06,NBL-1060,832.0,0.0,21,721.0
2026-06-13,NBL-1060,461.0,832.0,21,721.0
2026-06-20,NBL-1060,155.0,832.0,21,721.0
2026-06-27,NBL-1060,832.0,0.0,21,721.0
2026-07-04,NBL-1060,493.0,832.0,21,721.0
2026-07-11,NBL-1060,140.0,832.0,21,721.0
2024-07-13,NBL-1061,1948.0,0.0,28,1399.0
2024-07-20,NBL-1061,1540.0,0.0,28,1399.0
2024-07-27,NBL-1061,1148.0,1615.0,28,1399.0
2024-08-03,NBL-1061,770.0,1615.0,28,1399.0
2024-08-10,NBL-1061,1942.0,0.0,28,1399.0
2024-08-17,NBL-1061,1511.0,0.0,28,1399.0
2024-08-24,NBL-1061,1054.0,1615.0,28,1399.0
2024-08-31,NBL-1061,701.0,1615.0,28,1399.0
2024-09-07,NBL-1061,1871.0,0.0,28,1399.0
2024-09-14,NBL-1061,1492.0,0.0,28,1399.0
2024-09-21,NBL-1061,1067.0,1615.0,28,1399.0
2024-09-28,NBL-1061,691.0,1615.0,28,1399.0
2024-10-05,NBL-1061,1896.0,0.0,28,1399.0
2024-10-12,NBL-1061,1519.0,0.0,28,1399.0
2024-10-19,NBL-1061,1102.0,1615.0,28,1399.0
2024-10-26,NBL-1061,726.0,1615.0,28,1399.0
2024-11-02,NBL-1061,1935.0,0.0,28,1399.0
2024-11-09,NBL-1061,1525.0,0.0,28,1399.0
2024-11-16,NBL-1061,1131.0,1615.0,28,1399.0
2024-11-23,NBL-1061,728.0,1615.0,28,1399.0
2024-11-30,NBL-1061,2023.0,0.0,28,1399.0
2024-12-07,NBL-1061,1661.0,0.0,28,1399.0
2024-12-14,NBL-1061,1352.0,1615.0,28,1399.0
2024-12-21,NBL-1061,999.0,1615.0,28,1399.0
2024-12-28,NBL-1061,2230.0,0.0,28,1399.0
2025-01-04,NBL-1061,1918.0,0.0,28,1399.0
2025-01-11,NBL-1061,1564.0,0.0,28,1399.0
2025-01-18,NBL-1061,1260.0,1615.0,28,1399.0
2025-01-25,NBL-1061,2554.0,0.0,28,1399.0
2025-02-01,NBL-1061,2251.0,0.0,28,1399.0
2025-02-08,NBL-1061,1878.0,0.0,28,1399.0
2025-02-15,NBL-1061,1585.0,0.0,28,1399.0
2025-02-22,NBL-1061,2872.0,0.0,28,1399.0
2025-03-01,NBL-1061,2507.0,0.0,28,1399.0
2025-03-08,NBL-1061,2158.0,0.0,28,1399.0
2025-03-15,NBL-1061,1818.0,0.0,28,1399.0
2025-03-22,NBL-1061,1459.0,0.0,28,1399.0
2025-03-29,NBL-1061,1180.0,1615.0,28,1399.0
2025-04-05,NBL-1061,850.0,1615.0,28,1399.0
2025-04-12,NBL-1061,509.0,1615.0,28,1399.0
2025-04-19,NBL-1061,1744.0,0.0,28,1399.0
2025-04-26,NBL-1061,1368.0,1615.0,28,1399.0
2025-05-03,NBL-1061,1010.0,1615.0,28,1399.0
2025-05-10,NBL-1061,677.0,1615.0,28,1399.0
2025-05-17,NBL-1061,1948.0,0.0,28,1399.0
2025-05-24,NBL-1061,1581.0,0.0,28,1399.0
2025-05-31,NBL-1061,1261.0,1615.0,28,1399.0
2025-06-07,NBL-1061,870.0,1615.0,28,1399.0
2025-06-14,NBL-1061,2097.0,0.0,28,1399.0
2025-06-21,NBL-1061,1743.0,0.0,28,1399.0
2025-06-28,NBL-1061,1383.0,1615.0,28,1399.0
2025-07-05,NBL-1061,1012.0,1615.0,28,1399.0
2025-07-12,NBL-1061,2278.0,0.0,28,1399.0
2025-07-19,NBL-1061,1927.0,0.0,28,1399.0
2025-07-26,NBL-1061,1550.0,0.0,28,1399.0
2025-08-02,NBL-1061,1202.0,1615.0,28,1399.0
2025-08-09,NBL-1061,2506.0,0.0,28,1399.0
2025-08-16,NBL-1061,2157.0,0.0,28,1399.0
2025-08-23,NBL-1061,1777.0,0.0,28,1399.0
2025-08-30,NBL-1061,1473.0,0.0,28,1399.0
2025-09-06,NBL-1061,2736.0,0.0,28,1399.0
2025-09-13,NBL-1061,2383.0,0.0,28,1399.0
2025-09-20,NBL-1061,2095.0,0.0,28,1399.0
2025-09-27,NBL-1061,1803.0,0.0,28,1399.0
2025-10-04,NBL-1061,1433.0,0.0,28,1399.0
2025-10-11,NBL-1061,1083.0,1615.0,28,1399.0
2025-10-18,NBL-1061,741.0,1615.0,28,1399.0
2025-10-25,NBL-1061,419.0,1615.0,28,1399.0
2025-11-01,NBL-1061,1700.0,0.0,28,1399.0
2025-11-08,NBL-1061,1444.0,0.0,28,1399.0
2025-11-15,NBL-1061,1159.0,1615.0,28,1399.0
2025-11-22,NBL-1061,919.0,1615.0,28,1399.0
2025-11-29,NBL-1061,2250.0,0.0,28,1399.0
2025-12-06,NBL-1061,1956.0,0.0,28,1399.0
2025-12-13,NBL-1061,1699.0,0.0,28,1399.0
2025-12-20,NBL-1061,1406.0,0.0,28,1399.0
2025-12-27,NBL-1061,2720.0,0.0,28,1399.0
2026-01-03,NBL-1061,2429.0,0.0,28,1399.0
2026-01-10,NBL-1061,2209.0,0.0,28,1399.0
2026-01-17,NBL-1061,1971.0,0.0,28,1399.0
2026-01-24,NBL-1061,1744.0,0.0,28,1399.0
2026-01-31,NBL-1061,1486.0,0.0,28,1399.0
2026-02-07,NBL-1061,1203.0,1615.0,28,1399.0
2026-02-14,NBL-1061,962.0,1615.0,28,1399.0
2026-02-21,NBL-1061,2294.0,0.0,28,1399.0
2026-02-28,NBL-1061,2011.0,0.0,28,1399.0
2026-03-07,NBL-1061,1748.0,0.0,28,1399.0
2026-03-14,NBL-1061,1500.0,0.0,28,1399.0
2026-03-21,NBL-1061,2822.0,0.0,28,1399.0
2026-03-28,NBL-1061,2531.0,0.0,28,1399.0
2026-04-04,NBL-1061,2236.0,0.0,28,1399.0
2026-04-11,NBL-1061,1944.0,0.0,28,1399.0
2026-04-18,NBL-1061,1670.0,0.0,28,1399.0
2026-04-25,NBL-1061,1404.0,0.0,28,1399.0
2026-05-02,NBL-1061,1136.0,1615.0,28,1399.0
2026-05-09,NBL-1061,881.0,1615.0,28,1399.0
2026-05-16,NBL-1061,2237.0,0.0,28,1399.0
2026-05-23,NBL-1061,2026.0,0.0,28,1399.0
2026-05-30,NBL-1061,1708.0,0.0,28,1399.0
2026-06-06,NBL-1061,1447.0,0.0,28,1399.0
2026-06-13,NBL-1061,2809.0,0.0,28,1399.0
2026-06-20,NBL-1061,2521.0,0.0,28,1399.0
2026-06-27,NBL-1061,2234.0,0.0,28,1399.0
2026-07-04,NBL-1061,1945.0,,28,1399.0
2026-07-11,NBL-1061,1663.0,0.0,28,1399.0
2024-07-13,NBL-1062,964.0,0.0,21,765.0
2024-07-20,NBL-1062,607.0,883.0,21,765.0
2024-07-27,NBL-1062,289.0,883.0,21,765.0
2024-08-03,NBL-1062,883.0,0.0,21,765.0
2024-08-10,NBL-1062,574.0,883.0,21,765.0
2024-08-17,NBL-1062,225.0,883.0,21,765.0
2024-08-24,NBL-1062,883.0,0.0,21,765.0
2024-08-31,NBL-1062,566.0,883.0,21,765.0
2024-09-07,NBL-1062,279.0,883.0,21,765.0
2024-09-14,NBL-1062,883.0,0.0,21,765.0
2024-09-21,NBL-1062,553.0,883.0,21,765.0
2024-09-28,NBL-1062,249.0,883.0,21,765.0
2024-10-05,NBL-1062,883.0,0.0,21,765.0
2024-10-12,NBL-1062,586.0,883.0,21,765.0
2024-10-19,NBL-1062,303.0,883.0,21,765.0
2024-10-26,NBL-1062,883.0,0.0,21,765.0
2024-11-02,NBL-1062,612.0,883.0,21,765.0
2024-11-09,NBL-1062,358.0,883.0,21,765.0
2024-11-16,NBL-1062,946.0,0.0,21,765.0
2024-11-23,NBL-1062,660.0,883.0,21,765.0
2024-11-30,NBL-1062,418.0,883.0,21,765.0
2024-12-07,NBL-1062,1079.0,0.0,21,765.0
2024-12-14,NBL-1062,877.0,0.0,21,765.0
2024-12-21,NBL-1062,662.0,883.0,21,765.0
2024-12-28,NBL-1062,1330.0,0.0,21,765.0
2025-01-04,NBL-1062,1092.0,0.0,21,765.0
2025-01-11,NBL-1062,893.0,0.0,21,765.0
2025-01-18,NBL-1062,1557.0,0.0,21,765.0
2025-01-25,NBL-1062,1329.0,0.0,21,765.0
2025-02-01,NBL-1062,1077.0,0.0,21,765.0
2025-02-08,NBL-1062,815.0,0.0,21,765.0
2025-02-15,NBL-1062,573.0,883.0,21,765.0
2025-02-22,NBL-1062,331.0,883.0,21,765.0
2025-03-01,NBL-1062,962.0,0.0,21,765.0
2025-03-08,NBL-1062,724.0,883.0,21,765.0
2025-03-15,NBL-1062,479.0,883.0,21,765.0
2025-03-22,NBL-1062,1098.0,0.0,21,765.0
2025-03-29,NBL-1062,835.0,0.0,21,765.0
2025-04-05,NBL-1062,593.0,883.0,21,765.0
2025-04-12,NBL-1062,1164.0,0.0,21,765.0
2025-04-19,NBL-1062,910.0,0.0,21,765.0
2025-04-26,NBL-1062,622.0,883.0,21,765.0
2025-05-03,NBL-1062,1227.0,0.0,21,765.0
2025-05-10,NBL-1062,949.0,0.0,21,765.0
2025-05-17,NBL-1062,616.0,883.0,21,765.0
2025-05-24,NBL-1062,1216.0,0.0,21,765.0
2025-05-31,NBL-1062,925.0,0.0,21,765.0
2025-06-07,NBL-1062,618.0,883.0,21,765.0
2025-06-14,NBL-1062,1197.0,0.0,21,765.0
2025-06-21,NBL-1062,913.0,0.0,21,765.0
2025-06-28,NBL-1062,596.0,883.0,21,765.0
2025-07-05,NBL-1062,1169.0,0.0,21,765.0
2025-07-12,NBL-1062,830.0,0.0,21,765.0
2025-07-19,NBL-1062,512.0,883.0,21,765.0
2025-07-26,NBL-1062,1086.0,0.0,21,765.0
2025-08-02,NBL-1062,806.0,0.0,21,765.0
2025-08-09,NBL-1062,504.0,883.0,21,765.0
2025-08-16,NBL-1062,1128.0,0.0,21,765.0
2025-08-23,NBL-1062,856.0,0.0,21,765.0
2025-08-30,NBL-1062,608.0,883.0,21,765.0
2025-09-06,NBL-1062,1265.0,0.0,21,765.0
2025-09-13,NBL-1062,944.0,0.0,21,765.0
2025-09-20,NBL-1062,685.0,883.0,21,765.0
2025-09-27,NBL-1062,1274.0,0.0,21,765.0
2025-10-04,NBL-1062,1024.0,0.0,21,765.0
2025-10-11,NBL-1062,755.0,883.0,21,765.0
2025-10-18,NBL-1062,1402.0,0.0,21,765.0
2025-10-25,NBL-1062,1166.0,0.0,21,765.0
2025-11-01,NBL-1062,911.0,0.0,21,765.0
2025-11-08,NBL-1062,1595.0,0.0,21,765.0
2025-11-15,NBL-1062,1353.0,0.0,21,765.0
2025-11-22,NBL-1062,1119.0,0.0,21,765.0
2025-11-29,NBL-1062,915.0,0.0,21,765.0
2025-12-06,NBL-1062,695.0,883.0,21,765.0
2025-12-13,NBL-1062,424.0,883.0,21,765.0
2025-12-20,NBL-1062,1063.0,0.0,21,765.0
2025-12-27,NBL-1062,827.0,0.0,21,765.0
2026-01-03,NBL-1062,623.0,883.0,21,765.0
2026-01-10,NBL-1062,1270.0,0.0,21,765.0
2026-01-17,NBL-1062,1050.0,0.0,21,765.0
2026-01-24,NBL-1062,855.0,0.0,21,765.0
2026-01-31,NBL-1062,1519.0,0.0,21,765.0
2026-02-07,NBL-1062,1311.0,0.0,21,765.0
2026-02-14,NBL-1062,1091.0,0.0,21,765.0
2026-02-21,NBL-1062,907.0,0.0,21,765.0
2026-02-28,NBL-1062,683.0,883.0,21,765.0
2026-03-07,NBL-1062,466.0,883.0,21,765.0
2026-03-14,NBL-1062,1137.0,0.0,21,765.0
2026-03-21,NBL-1062,894.0,0.0,21,765.0
2026-03-28,NBL-1062,701.0,883.0,21,765.0
2026-04-04,NBL-1062,1357.0,0.0,21,765.0
2026-04-11,NBL-1062,1157.0,0.0,21,765.0
2026-04-18,NBL-1062,928.0,0.0,21,765.0
2026-04-25,NBL-1062,1580.0,0.0,21,765.0
2026-05-02,NBL-1062,1381.0,0.0,21,765.0
2026-05-09,NBL-1062,1131.0,,21,765.0
2026-05-16,NBL-1062,949.0,0.0,21,765.0
2026-05-23,NBL-1062,701.0,883.0,21,765.0
2026-05-30,NBL-1062,485.0,883.0,21,765.0
2026-06-06,NBL-1062,1093.0,0.0,21,765.0
2026-06-13,NBL-1062,822.0,0.0,21,765.0
2026-06-20,NBL-1062,573.0,883.0,21,765.0
2026-06-27,NBL-1062,1179.0,0.0,21,765.0
2026-07-04,NBL-1062,861.0,0.0,21,765.0
2026-07-11,NBL-1062,599.0,883.0,21,765.0
2024-07-13,NBL-1063,912.0,0.0,10,501.0
2024-07-20,NBL-1063,399.0,578.0,10,501.0
2024-07-27,NBL-1063,472.0,578.0,10,501.0
2024-08-03,NBL-1063,578.0,0.0,10,501.0
2024-08-10,NBL-1063,70.0,578.0,10,501.0
2024-08-17,NBL-1063,199.0,578.0,10,501.0
2024-08-24,NBL-1063,465.0,578.0,10,501.0
2024-08-31,NBL-1063,0.0,578.0,10,501.0
2024-09-07,NBL-1063,154.0,578.0,10,501.0
2024-09-14,NBL-1063,371.0,,10,501.0
2024-09-21,NBL-1063,578.0,0.0,10,501.0
2024-09-28,NBL-1063,212.0,578.0,10,501.0
2024-10-05,NBL-1063,402.0,578.0,10,501.0
2024-10-12,NBL-1063,630.0,0.0,10,501.0
2024-10-19,NBL-1063,174.0,578.0,10,501.0
2024-10-26,NBL-1063,405.0,578.0,10,501.0
2024-11-02,NBL-1063,553.0,0.0,10,501.0
2024-11-09,NBL-1063,105.0,578.0,10,501.0
2024-11-16,NBL-1063,312.0,578.0,10,501.0
2024-11-23,NBL-1063,496.0,578.0,10,501.0
2024-11-30,NBL-1063,708.0,0.0,10,501.0
2024-12-07,NBL-1063,375.0,578.0,10,501.0
2024-12-14,NBL-1063,601.0,0.0,10,501.0
2024-12-21,NBL-1063,836.0,0.0,10,501.0
2024-12-28,NBL-1063,460.0,578.0,10,501.0
2025-01-04,NBL-1063,650.0,0.0,10,501.0
2025-01-11,NBL-1063,882.0,0.0,10,501.0
2025-01-18,NBL-1063,535.0,0.0,10,501.0
2025-01-25,NBL-1063,775.0,0.0,10,501.0
2025-02-01,NBL-1063,461.0,578.0,10,501.0
2025-02-08,NBL-1063,714.0,0.0,10,501.0
2025-02-15,NBL-1063,387.0,578.0,10,501.0
2025-02-22,NBL-1063,643.0,0.0,10,501.0
2025-03-01,NBL-1063,772.0,0.0,10,501.0
2025-03-08,NBL-1063,361.0,578.0,10,501.0
2025-03-15,NBL-1063,578.0,0.0,10,501.0
2025-03-22,NBL-1063,823.0,0.0,10,501.0
2025-03-29,NBL-1063,452.0,578.0,10,501.0
2025-04-05,NBL-1063,727.0,0.0,10,501.0
2025-04-12,NBL-1063,794.0,0.0,10,501.0
2025-04-19,NBL-1063,954.0,0.0,10,501.0
2025-04-26,NBL-1063,444.0,578.0,10,501.0
2025-05-03,NBL-1063,552.0,0.0,10,501.0
2025-05-10,NBL-1063,680.0,,10,501.0
2025-05-17,NBL-1063,211.0,578.0,10,501.0
2025-05-24,NBL-1063,286.0,578.0,10,501.0
2025-05-31,NBL-1063,477.0,578.0,10,501.0
2025-06-07,NBL-1063,0.0,578.0,10,501.0
2025-06-14,NBL-1063,125.0,578.0,10,501.0
2025-06-21,NBL-1063,370.0,578.0,10,501.0
2025-06-28,NBL-1063,578.0,0.0,10,501.0
2025-07-05,NBL-1063,27.0,578.0,10,501.0
2025-07-12,NBL-1063,265.0,578.0,10,501.0
2025-07-19,NBL-1063,538.0,0.0,10,501.0
2025-07-26,NBL-1063,20.0,578.0,10,501.0
2025-08-02,NBL-1063,208.0,578.0,10,501.0
2025-08-09,NBL-1063,502.0,0.0,10,501.0
2025-08-16,NBL-1063,12.0,578.0,10,501.0
2025-08-23,NBL-1063,133.0,578.0,10,501.0
2025-08-30,NBL-1063,397.0,578.0,10,501.0
2025-09-06,NBL-1063,578.0,0.0,10,501.0
2025-09-13,NBL-1063,136.0,578.0,10,501.0
2025-09-20,NBL-1063,306.0,578.0,10,501.0
2025-09-27,NBL-1063,542.0,0.0,10,501.0
2025-10-04,NBL-1063,197.0,578.0,10,501.0
2025-10-11,NBL-1063,351.0,578.0,10,501.0
2025-10-18,NBL-1063,543.0,0.0,10,501.0
2025-10-25,NBL-1063,50.0,578.0,10,501.0
2025-11-01,NBL-1063,208.0,578.0,10,501.0
2025-11-08,NBL-1063,382.0,578.0,10,501.0
2025-11-15,NBL-1063,578.0,0.0,10,501.0
2025-11-22,NBL-1063,178.0,578.0,10,501.0
2025-11-29,NBL-1063,384.0,578.0,10,501.0
2025-12-06,NBL-1063,634.0,0.0,10,501.0
2025-12-13,NBL-1063,203.0,578.0,10,501.0
2025-12-20,NBL-1063,398.0,578.0,10,501.0
2025-12-27,NBL-1063,583.0,0.0,10,501.0
2026-01-03,NBL-1063,195.0,578.0,10,501.0
2026-01-10,NBL-1063,407.0,578.0,10,501.0
2026-01-17,NBL-1063,641.0,0.0,10,501.0
2026-01-24,NBL-1063,864.0,0.0,10,501.0
2026-01-31,NBL-1063,452.0,578.0,10,501.0
2026-02-07,NBL-1063,670.0,,10,501.0
2026-02-14,NBL-1063,829.0,0.0,10,501.0
2026-02-21,NBL-1063,502.0,0.0,10,501.0
2026-02-28,NBL-1063,696.0,0.0,10,501.0
2026-03-07,NBL-1063,885.0,0.0,10,501.0
2026-03-14,NBL-1063,391.0,578.0,10,501.0
2026-03-21,NBL-1063,521.0,0.0,10,501.0
2026-03-28,NBL-1063,623.0,0.0,10,501.0
2026-04-04,NBL-1063,769.0,0.0,10,501.0
2026-04-11,NBL-1063,318.0,578.0,10,501.0
2026-04-18,NBL-1063,411.0,578.0,10,501.0
2026-04-25,NBL-1063,528.0,0.0,10,501.0
2026-05-02,NBL-1063,134.0,578.0,10,501.0
2026-05-09,NBL-1063,249.0,578.0,10,501.0
2026-05-16,NBL-1063,457.0,578.0,10,501.0
2026-05-23,NBL-1063,0.0,578.0,10,501.0
2026-05-30,NBL-1063,117.0,578.0,10,501.0
2026-06-06,NBL-1063,366.0,578.0,10,501.0
2026-06-13,NBL-1063,578.0,0.0,10,501.0
2026-06-20,NBL-1063,5.0,578.0,10,501.0
2026-06-27,NBL-1063,220.0,578.0,10,501.0
2026-07-04,NBL-1063,538.0,0.0,10,501.0
2026-07-11,NBL-1063,0.0,578.0,10,501.0
2024-07-13,NBL-1064,143.0,0.0,28,88.0
2024-07-20,NBL-1064,111.0,0.0,28,88.0
2024-07-27,NBL-1064,91.0,0.0,28,88.0
2024-08-03,NBL-1064,71.0,102.0,28,88.0
2024-08-10,NBL-1064,151.0,0.0,28,88.0
2024-08-17,NBL-1064,103.0,0.0,28,88.0
2024-08-24,NBL-1064,81.0,102.0,28,88.0
2024-08-31,NBL-1064,58.0,102.0,28,88.0
2024-09-07,NBL-1064,139.0,0.0,28,88.0
2024-09-14,NBL-1064,118.0,0.0,28,88.0
2024-09-21,NBL-1064,92.0,0.0,28,88.0
2024-09-28,NBL-1064,61.0,102.0,28,88.0
2024-10-05,NBL-1064,139.0,0.0,28,88.0
2024-10-12,NBL-1064,110.0,0.0,28,88.0
2024-10-19,NBL-1064,83.0,102.0,28,88.0
2024-10-26,NBL-1064,62.0,102.0,28,88.0
2024-11-02,NBL-1064,139.0,0.0,28,88.0
2024-11-09,NBL-1064,116.0,0.0,28,88.0
2024-11-16,NBL-1064,97.0,0.0,28,88.0
2024-11-23,NBL-1064,79.0,102.0,28,88.0
2024-11-30,NBL-1064,160.0,0.0,28,88.0
2024-12-07,NBL-1064,144.0,0.0,28,88.0
2024-12-14,NBL-1064,119.0,0.0,28,88.0
2024-12-21,NBL-1064,102.0,0.0,28,88.0
2024-12-28,NBL-1064,186.0,0.0,28,88.0
2025-01-04,NBL-1064,165.0,0.0,28,88.0
2025-01-11,NBL-1064,144.0,0.0,28,88.0
2025-01-18,NBL-1064,130.0,0.0,28,88.0
2025-01-25,NBL-1064,119.0,0.0,28,88.0
2025-02-01,NBL-1064,100.0,0.0,28,88.0
2025-02-08,NBL-1064,77.0,102.0,28,88.0
2025-02-15,NBL-1064,70.0,102.0,28,88.0
2025-02-22,NBL-1064,150.0,0.0,28,88.0
2025-03-01,NBL-1064,139.0,0.0,28,88.0
2025-03-08,NBL-1064,112.0,0.0,28,88.0
2025-03-15,NBL-1064,99.0,0.0,28,88.0
2025-03-22,NBL-1064,190.0,0.0,28,88.0
2025-03-29,NBL-1064,178.0,0.0,28,88.0
2025-04-05,NBL-1064,145.0,0.0,28,88.0
2025-04-12,NBL-1064,122.0,0.0,28,88.0
2025-04-19,NBL-1064,99.0,0.0,28,88.0
2025-04-26,NBL-1064,72.0,102.0,28,88.0
2025-05-03,NBL-1064,43.0,102.0,28,88.0
2025-05-10,NBL-1064,12.0,102.0,28,88.0
2025-05-17,NBL-1064,102.0,0.0,28,88.0
2025-05-24,NBL-1064,77.0,102.0,28,88.0
2025-05-31,NBL-1064,49.0,102.0,28,88.0
2025-06-07,NBL-1064,24.0,102.0,28,88.0
2025-06-14,NBL-1064,102.0,0.0,28,88.0
2025-06-21,NBL-1064,66.0,102.0,28,88.0
2025-06-28,NBL-1064,24.0,102.0,28,88.0
2025-07-05,NBL-1064,0.0,102.0,28,88.0
2025-07-12,NBL-1064,102.0,0.0,28,88.0
2025-07-19,NBL-1064,61.0,102.0,28,88.0
2025-07-26,NBL-1064,25.0,102.0,28,88.0
2025-08-02,NBL-1064,0.0,102.0,28,88.0
2025-08-09,NBL-1064,102.0,0.0,28,88.0
2025-08-16,NBL-1064,60.0,102.0,28,88.0
2025-08-23,NBL-1064,28.0,102.0,28,88.0
2025-08-30,NBL-1064,0.0,102.0,28,88.0
2025-09-06,NBL-1064,102.0,0.0,28,88.0
2025-09-13,NBL-1064,55.0,102.0,28,88.0
2025-09-20,NBL-1064,22.0,102.0,28,88.0
2025-09-27,NBL-1064,0.0,102.0,28,88.0
2025-10-04,NBL-1064,102.0,0.0,28,88.0
2025-10-11,NBL-1064,70.0,102.0,28,88.0
2025-10-18,NBL-1064,52.0,102.0,28,88.0
2025-10-25,NBL-1064,37.0,102.0,28,88.0
2025-11-01,NBL-1064,124.0,0.0,28,88.0
2025-11-08,NBL-1064,103.0,0.0,28,88.0
2025-11-15,NBL-1064,86.0,102.0,28,88.0
2025-11-22,NBL-1064,66.0,102.0,28,88.0
2025-11-29,NBL-1064,152.0,0.0,28,88.0
2025-12-06,NBL-1064,128.0,0.0,28,88.0
2025-12-13,NBL-1064,118.0,0.0,28,88.0
2025-12-20,NBL-1064,93.0,0.0,28,88.0
2025-12-27,NBL-1064,176.0,0.0,28,88.0
2026-01-03,NBL-1064,149.0,0.0,28,88.0
2026-01-10,NBL-1064,127.0,0.0,28,88.0
2026-01-17,NBL-1064,116.0,0.0,28,88.0
2026-01-24,NBL-1064,102.0,0.0,28,88.0
2026-01-31,NBL-1064,85.0,102.0,28,88.0
2026-02-07,NBL-1064,67.0,102.0,28,88.0
2026-02-14,NBL-1064,42.0,102.0,28,88.0
2026-02-21,NBL-1064,125.0,0.0,28,88.0
2026-02-28,NBL-1064,112.0,0.0,28,88.0
2026-03-07,NBL-1064,92.0,0.0,28,88.0
2026-03-14,NBL-1064,72.0,102.0,28,88.0
2026-03-21,NBL-1064,149.0,0.0,28,88.0
2026-03-28,NBL-1064,130.0,0.0,28,88.0
2026-04-04,NBL-1064,104.0,0.0,28,88.0
2026-04-11,NBL-1064,76.0,102.0,28,88.0
2026-04-18,NBL-1064,168.0,0.0,28,88.0
2026-04-25,NBL-1064,149.0,0.0,28,88.0
2026-05-02,NBL-1064,116.0,0.0,28,88.0
2026-05-09,NBL-1064,93.0,0.0,28,88.0
2026-05-16,NBL-1064,157.0,0.0,28,88.0
2026-05-23,NBL-1064,119.0,0.0,28,88.0
2026-05-30,NBL-1064,82.0,102.0,28,88.0
2026-06-06,NBL-1064,53.0,102.0,28,88.0
2026-06-13,NBL-1064,125.0,0.0,28,88.0
2026-06-20,NBL-1064,82.0,102.0,28,88.0
2026-06-27,NBL-1064,45.0,102.0,28,88.0
2026-07-04,NBL-1064,13.0,102.0,28,88.0
2026-07-11,NBL-1064,102.0,0.0,28,88.0
2024-07-13,NBL-1065,137.0,0.0,10,100.0
2024-07-20,NBL-1065,44.0,115.0,10,100.0
2024-07-27,NBL-1065,64.0,115.0,10,100.0
2024-08-03,NBL-1065,106.0,0.0,10,100.0
2024-08-10,NBL-1065,3.0,115.0,10,100.0
2024-08-17,NBL-1065,49.0,115.0,10,100.0
2024-08-24,NBL-1065,99.0,115.0,10,100.0
2024-08-31,NBL-1065,0.0,115.0,10,100.0
2024-09-07,NBL-1065,30.0,115.0,10,100.0
2024-09-14,NBL-1065,83.0,115.0,10,100.0
2024-09-21,NBL-1065,138.0,0.0,10,100.0
2024-09-28,NBL-1065,49.0,115.0,10,100.0
2024-10-05,NBL-1065,84.0,115.0,10,100.0
2024-10-12,NBL-1065,119.0,0.0,10,100.0
2024-10-19,NBL-1065,55.0,115.0,10,100.0
2024-10-26,NBL-1065,89.0,115.0,10,100.0
2024-11-02,NBL-1065,130.0,0.0,10,100.0
2024-11-09,NBL-1065,40.0,115.0,10,100.0
2024-11-16,NBL-1065,69.0,115.0,10,100.0
2024-11-23,NBL-1065,113.0,0.0,10,100.0
2024-11-30,NBL-1065,174.0,0.0,10,100.0
2024-12-07,NBL-1065,120.0,0.0,10,100.0
2024-12-14,NBL-1065,170.0,0.0,10,100.0
2024-12-21,NBL-1065,118.0,0.0,10,100.0
2024-12-28,NBL-1065,48.0,115.0,10,100.0
2025-01-04,NBL-1065,122.0,0.0,10,100.0
2025-01-11,NBL-1065,163.0,0.0,10,100.0
2025-01-18,NBL-1065,103.0,0.0,10,100.0
2025-01-25,NBL-1065,158.0,0.0,10,100.0
2025-02-01,NBL-1065,87.0,115.0,10,100.0
2025-02-08,NBL-1065,139.0,0.0,10,100.0
2025-02-15,NBL-1065,81.0,115.0,10,100.0
2025-02-22,NBL-1065,118.0,0.0,10,100.0
2025-03-01,NBL-1065,155.0,0.0,10,100.0
2025-03-08,NBL-1065,90.0,115.0,10,100.0
2025-03-15,NBL-1065,152.0,0.0,10,100.0
2025-03-22,NBL-1065,79.0,115.0,10,100.0
2025-03-29,NBL-1065,14.0,115.0,10,100.0
2025-04-05,NBL-1065,45.0,115.0,10,100.0
2025-04-12,NBL-1065,86.0,115.0,10,100.0
2025-04-19,NBL-1065,115.0,0.0,10,100.0
2025-04-26,NBL-1065,52.0,115.0,10,100.0
2025-05-03,NBL-1065,63.0,115.0,10,100.0
2025-05-10,NBL-1065,108.0,0.0,10,100.0
2025-05-17,NBL-1065,14.0,115.0,10,100.0
2025-05-24,NBL-1065,48.0,115.0,10,100.0
2025-05-31,NBL-1065,98.0,115.0,10,100.0
2025-06-07,NBL-1065,10.0,115.0,10,100.0
2025-06-14,NBL-1065,25.0,115.0,10,100.0
2025-06-21,NBL-1065,80.0,115.0,10,100.0
2025-06-28,NBL-1065,115.0,0.0,10,100.0
2025-07-05,NBL-1065,14.0,115.0,10,100.0
2025-07-12,NBL-1065,60.0,115.0,10,100.0
2025-07-19,NBL-1065,104.0,0.0,10,100.0
2025-07-26,NBL-1065,4.0,115.0,10,100.0
2025-08-02,NBL-1065,41.0,115.0,10,100.0
2025-08-09,NBL-1065,96.0,115.0,10,100.0
2025-08-16,NBL-1065,14.0,115.0,10,100.0
2025-08-23,NBL-1065,21.0,115.0,10,100.0
2025-08-30,NBL-1065,73.0,115.0,10,100.0
2025-09-06,NBL-1065,115.0,0.0,10,100.0
2025-09-13,NBL-1065,5.0,115.0,10,100.0
2025-09-20,NBL-1065,65.0,115.0,10,100.0
2025-09-27,NBL-1065,108.0,0.0,10,100.0
2025-10-04,NBL-1065,28.0,115.0,10,100.0
2025-10-11,NBL-1065,64.0,115.0,10,100.0
2025-10-18,NBL-1065,91.0,115.0,10,100.0
2025-10-25,NBL-1065,22.0,115.0,10,100.0
2025-11-01,NBL-1065,44.0,115.0,10,100.0
2025-11-08,NBL-1065,82.0,115.0,10,100.0
2025-11-15,NBL-1065,125.0,0.0,10,100.0
2025-11-22,NBL-1065,58.0,115.0,10,100.0
2025-11-29,NBL-1065,98.0,115.0,10,100.0
2025-12-06,NBL-1065,144.0,0.0,10,100.0
2025-12-13,NBL-1065,69.0,115.0,10,100.0
2025-12-20,NBL-1065,93.0,115.0,10,100.0
2025-12-27,NBL-1065,152.0,0.0,10,100.0
2026-01-03,NBL-1065,87.0,115.0,10,100.0
2026-01-10,NBL-1065,157.0,0.0,10,100.0
2026-01-17,NBL-1065,83.0,115.0,10,100.0
2026-01-24,NBL-1065,140.0,0.0,10,100.0
2026-01-31,NBL-1065,84.0,115.0,10,100.0
2026-02-07,NBL-1065,142.0,0.0,10,100.0
2026-02-14,NBL-1065,175.0,0.0,10,100.0
2026-02-21,NBL-1065,105.0,0.0,10,100.0
2026-02-28,NBL-1065,155.0,0.0,10,100.0
2026-03-07,NBL-1065,89.0,115.0,10,100.0
2026-03-14,NBL-1065,15.0,115.0,10,100.0
2026-03-21,NBL-1065,66.0,115.0,10,100.0
2026-03-28,NBL-1065,101.0,0.0,10,100.0
2026-04-04,NBL-1065,132.0,0.0,10,100.0
2026-04-11,NBL-1065,58.0,115.0,10,100.0
2026-04-18,NBL-1065,82.0,115.0,10,100.0
2026-04-25,NBL-1065,113.0,0.0,10,100.0
2026-05-02,NBL-1065,26.0,115.0,10,100.0
2026-05-09,NBL-1065,50.0,115.0,10,100.0
2026-05-16,NBL-1065,101.0,0.0,10,100.0
2026-05-23,NBL-1065,30.0,115.0,10,100.0
2026-05-30,NBL-1065,30.0,115.0,10,100.0
2026-06-06,NBL-1065,77.0,115.0,10,100.0
2026-06-13,NBL-1065,115.0,0.0,10,100.0
2026-06-20,NBL-1065,30.0,115.0,10,100.0
2026-06-27,NBL-1065,58.0,115.0,10,100.0
2026-07-04,NBL-1065,99.0,115.0,10,100.0
2026-07-11,NBL-1065,1.0,115.0,10,100.0
2024-07-13,NBL-1066,1604.0,0.0,28,1196.0
2024-07-20,NBL-1066,1133.0,1380.0,28,1196.0
2024-07-27,NBL-1066,636.0,1380.0,28,1196.0
2024-08-03,NBL-1066,226.0,1380.0,28,1196.0
2024-08-10,NBL-1066,1380.0,0.0,28,1196.0
2024-08-17,NBL-1066,1008.0,1380.0,28,1196.0
2024-08-24,NBL-1066,574.0,1380.0,28,1196.0
2024-08-31,NBL-1066,153.0,1380.0,28,1196.0
2024-09-07,NBL-1066,1380.0,0.0,28,1196.0
2024-09-14,NBL-1066,997.0,1380.0,28,1196.0
2024-09-21,NBL-1066,590.0,1380.0,28,1196.0
2024-09-28,NBL-1066,316.0,1380.0,28,1196.0
2024-10-05,NBL-1066,1380.0,0.0,28,1196.0
2024-10-12,NBL-1066,1123.0,1380.0,28,1196.0
2024-10-19,NBL-1066,832.0,1380.0,28,1196.0
2024-10-26,NBL-1066,584.0,1380.0,28,1196.0
2024-11-02,NBL-1066,1542.0,0.0,28,1196.0
2024-11-09,NBL-1066,1223.0,0.0,28,1196.0
2024-11-16,NBL-1066,893.0,1380.0,28,1196.0
2024-11-23,NBL-1066,622.0,1380.0,28,1196.0
2024-11-30,NBL-1066,1763.0,0.0,28,1196.0
2024-12-07,NBL-1066,1467.0,0.0,28,1196.0
2024-12-14,NBL-1066,1215.0,0.0,28,1196.0
2024-12-21,NBL-1066,973.0,1380.0,28,1196.0
2024-12-28,NBL-1066,2095.0,0.0,28,1196.0
2025-01-04,NBL-1066,1814.0,0.0,28,1196.0
2025-01-11,NBL-1066,1636.0,0.0,28,1196.0
2025-01-18,NBL-1066,1410.0,0.0,28,1196.0
2025-01-25,NBL-1066,1196.0,0.0,28,1196.0
2025-02-01,NBL-1066,967.0,1380.0,28,1196.0
2025-02-08,NBL-1066,755.0,1380.0,28,1196.0
2025-02-15,NBL-1066,532.0,1380.0,28,1196.0
2025-02-22,NBL-1066,1632.0,0.0,28,1196.0
2025-03-01,NBL-1066,1421.0,0.0,28,1196.0
2025-03-08,NBL-1066,1175.0,1380.0,28,1196.0
2025-03-15,NBL-1066,933.0,1380.0,28,1196.0
2025-03-22,NBL-1066,2034.0,0.0,28,1196.0
2025-03-29,NBL-1066,1677.0,0.0,28,1196.0
2025-04-05,NBL-1066,1411.0,0.0,28,1196.0
2025-04-12,NBL-1066,1113.0,1380.0,28,1196.0
2025-04-19,NBL-1066,2203.0,0.0,28,1196.0
2025-04-26,NBL-1066,1972.0,0.0,28,1196.0
2025-05-03,NBL-1066,1626.0,0.0,28,1196.0
2025-05-10,NBL-1066,1346.0,0.0,28,1196.0
2025-05-17,NBL-1066,2396.0,0.0,28,1196.0
2025-05-24,NBL-1066,2032.0,0.0,28,1196.0
2025-05-31,NBL-1066,1725.0,0.0,28,1196.0
2025-06-07,NBL-1066,1359.0,0.0,28,1196.0
2025-06-14,NBL-1066,2391.0,0.0,28,1196.0
2025-06-21,NBL-1066,2039.0,0.0,28,1196.0
2025-06-28,NBL-1066,1751.0,0.0,28,1196.0
2025-07-05,NBL-1066,1347.0,,28,1196.0
2025-07-12,NBL-1066,2323.0,0.0,28,1196.0
2025-07-19,NBL-1066,1934.0,0.0,28,1196.0
2025-07-26,NBL-1066,1568.0,0.0,28,1196.0
2025-08-02,NBL-1066,1194.0,1380.0,28,1196.0
2025-08-09,NBL-1066,2230.0,0.0,28,1196.0
2025-08-16,NBL-1066,1892.0,0.0,28,1196.0
2025-08-23,NBL-1066,1542.0,0.0,28,1196.0
2025-08-30,NBL-1066,1151.0,1380.0,28,1196.0
2025-09-06,NBL-1066,2238.0,0.0,28,1196.0
2025-09-13,NBL-1066,1903.0,0.0,28,1196.0
2025-09-20,NBL-1066,1584.0,0.0,28,1196.0
2025-09-27,NBL-1066,1279.0,0.0,28,1196.0
2025-10-04,NBL-1066,2355.0,0.0,28,1196.0
2025-10-11,NBL-1066,2062.0,0.0,28,1196.0
2025-10-18,NBL-1066,1805.0,0.0,28,1196.0
2025-10-25,NBL-1066,1540.0,0.0,28,1196.0
2025-11-01,NBL-1066,1235.0,0.0,28,1196.0
2025-11-08,NBL-1066,981.0,1380.0,28,1196.0
2025-11-15,NBL-1066,786.0,1380.0,28,1196.0
2025-11-22,NBL-1066,573.0,1380.0,28,1196.0
2025-11-29,NBL-1066,1782.0,0.0,28,1196.0
2025-12-06,NBL-1066,1598.0,0.0,28,1196.0
2025-12-13,NBL-1066,1405.0,0.0,28,1196.0
2025-12-20,NBL-1066,1224.0,0.0,28,1196.0
2025-12-27,NBL-1066,2395.0,0.0,28,1196.0
2026-01-03,NBL-1066,2216.0,0.0,28,1196.0
2026-01-10,NBL-1066,1990.0,0.0,28,1196.0
2026-01-17,NBL-1066,1784.0,0.0,28,1196.0
2026-01-24,NBL-1066,1589.0,0.0,28,1196.0
2026-01-31,NBL-1066,1403.0,0.0,28,1196.0
2026-02-07,NBL-1066,1183.0,1380.0,28,1196.0
2026-02-14,NBL-1066,1005.0,1380.0,28,1196.0
2026-02-21,NBL-1066,2181.0,0.0,28,1196.0
2026-02-28,NBL-1066,2017.0,0.0,28,1196.0
2026-03-07,NBL-1066,1786.0,0.0,28,1196.0
2026-03-14,NBL-1066,1569.0,0.0,28,1196.0
2026-03-21,NBL-1066,1276.0,0.0,28,1196.0
2026-03-28,NBL-1066,1007.0,1380.0,28,1196.0
2026-04-04,NBL-1066,766.0,1380.0,28,1196.0
2026-04-11,NBL-1066,559.0,1380.0,28,1196.0
2026-04-18,NBL-1066,1684.0,0.0,28,1196.0
2026-04-25,NBL-1066,1416.0,0.0,28,1196.0
2026-05-02,NBL-1066,1171.0,1380.0,28,1196.0
2026-05-09,NBL-1066,894.0,1380.0,28,1196.0
2026-05-16,NBL-1066,2026.0,0.0,28,1196.0
2026-05-23,NBL-1066,1780.0,0.0,28,1196.0
2026-05-30,NBL-1066,1566.0,0.0,28,1196.0
2026-06-06,NBL-1066,1332.0,0.0,28,1196.0
2026-06-13,NBL-1066,2463.0,0.0,28,1196.0
2026-06-20,NBL-1066,2166.0,0.0,28,1196.0
2026-06-27,NBL-1066,1875.0,0.0,28,1196.0
2026-07-04,NBL-1066,1628.0,0.0,28,1196.0
2026-07-11,NBL-1066,1307.0,0.0,28,1196.0
2024-07-13,NBL-1067,281.0,0.0,28,110.0
2024-07-20,NBL-1067,274.0,0.0,28,110.0
2024-07-27,NBL-1067,270.0,0.0,28,110.0
2024-08-03,NBL-1067,263.0,0.0,28,110.0
2024-08-10,NBL-1067,259.0,0.0,28,110.0
2024-08-17,NBL-1067,251.0,0.0,28,110.0
2024-08-24,NBL-1067,247.0,0.0,28,110.0
2024-08-31,NBL-1067,246.0,0.0,28,110.0
2024-09-07,NBL-1067,243.0,0.0,28,110.0
2024-09-14,NBL-1067,238.0,0.0,28,110.0
2024-09-21,NBL-1067,237.0,0.0,28,110.0
2024-09-28,NBL-1067,232.0,0.0,28,110.0
2024-10-05,NBL-1067,231.0,0.0,28,110.0
2024-10-12,NBL-1067,226.0,0.0,28,110.0
2024-10-19,NBL-1067,225.0,0.0,28,110.0
2024-10-26,NBL-1067,222.0,0.0,28,110.0
2024-11-02,NBL-1067,219.0,0.0,28,110.0
2024-11-09,NBL-1067,218.0,0.0,28,110.0
2024-11-16,NBL-1067,215.0,0.0,28,110.0
2024-11-23,NBL-1067,212.0,0.0,28,110.0
2024-11-30,NBL-1067,210.0,0.0,28,110.0
2024-12-07,NBL-1067,208.0,0.0,28,110.0
2024-12-14,NBL-1067,204.0,0.0,28,110.0
2024-12-21,NBL-1067,202.0,0.0,28,110.0
2024-12-28,NBL-1067,200.0,0.0,28,110.0
2025-01-04,NBL-1067,198.0,0.0,28,110.0
2025-01-11,NBL-1067,196.0,0.0,28,110.0
2025-01-18,NBL-1067,195.0,0.0,28,110.0
2025-01-25,NBL-1067,194.0,0.0,28,110.0
2025-02-01,NBL-1067,192.0,0.0,28,110.0
2025-02-08,NBL-1067,191.0,0.0,28,110.0
2025-02-15,NBL-1067,187.0,0.0,28,110.0
2025-02-22,NBL-1067,183.0,0.0,28,110.0
2025-03-01,NBL-1067,181.0,0.0,28,110.0
2025-03-08,NBL-1067,177.0,0.0,28,110.0
2025-03-15,NBL-1067,172.0,0.0,28,110.0
2025-03-22,NBL-1067,171.0,0.0,28,110.0
2025-03-29,NBL-1067,171.0,0.0,28,110.0
2025-04-05,NBL-1067,170.0,0.0,28,110.0
2025-04-12,NBL-1067,170.0,0.0,28,110.0
2025-04-19,NBL-1067,169.0,0.0,28,110.0
2025-04-26,NBL-1067,165.0,0.0,28,110.0
2025-05-03,NBL-1067,162.0,0.0,28,110.0
2025-05-10,NBL-1067,159.0,0.0,28,110.0
2025-05-17,NBL-1067,156.0,0.0,28,110.0
2025-05-24,NBL-1067,155.0,0.0,28,110.0
2025-05-31,NBL-1067,153.0,0.0,28,110.0
2025-06-07,NBL-1067,150.0,0.0,28,110.0
2025-06-14,NBL-1067,149.0,0.0,28,110.0
2025-06-21,NBL-1067,145.0,0.0,28,110.0
2025-06-28,NBL-1067,143.0,0.0,28,110.0
2025-07-05,NBL-1067,142.0,0.0,28,110.0
2025-07-12,NBL-1067,140.0,0.0,28,110.0
2025-07-19,NBL-1067,138.0,0.0,28,110.0
2025-07-26,NBL-1067,130.0,0.0,28,110.0
2025-08-02,NBL-1067,129.0,0.0,28,110.0
2025-08-09,NBL-1067,126.0,0.0,28,110.0
2025-08-16,NBL-1067,125.0,0.0,28,110.0
2025-08-23,NBL-1067,123.0,0.0,28,110.0
2025-08-30,NBL-1067,120.0,0.0,28,110.0
2025-09-06,NBL-1067,116.0,0.0,28,110.0
2025-09-13,NBL-1067,113.0,0.0,28,110.0
2025-09-20,NBL-1067,112.0,0.0,28,110.0
2025-09-27,NBL-1067,109.0,127.0,28,110.0
2025-10-04,NBL-1067,235.0,0.0,28,110.0
2025-10-11,NBL-1067,231.0,0.0,28,110.0
2025-10-18,NBL-1067,229.0,0.0,28,110.0
2025-10-25,NBL-1067,226.0,0.0,28,110.0
2025-11-01,NBL-1067,224.0,0.0,28,110.0
2025-11-08,NBL-1067,222.0,0.0,28,110.0
2025-11-15,NBL-1067,217.0,0.0,28,110.0
2025-11-22,NBL-1067,216.0,0.0,28,110.0
2025-11-29,NBL-1067,215.0,0.0,28,110.0
2025-12-06,NBL-1067,215.0,0.0,28,110.0
2025-12-13,NBL-1067,212.0,0.0,28,110.0
2025-12-20,NBL-1067,212.0,0.0,28,110.0
2025-12-27,NBL-1067,212.0,0.0,28,110.0
2026-01-03,NBL-1067,210.0,0.0,28,110.0
2026-01-10,NBL-1067,207.0,0.0,28,110.0
2026-01-17,NBL-1067,205.0,0.0,28,110.0
2026-01-24,NBL-1067,204.0,0.0,28,110.0
2026-01-31,NBL-1067,202.0,0.0,28,110.0
2026-02-07,NBL-1067,202.0,0.0,28,110.0
2026-02-14,NBL-1067,199.0,0.0,28,110.0
2026-02-21,NBL-1067,198.0,0.0,28,110.0
2026-02-28,NBL-1067,197.0,0.0,28,110.0
2026-03-07,NBL-1067,197.0,0.0,28,110.0
2026-03-14,NBL-1067,196.0,0.0,28,110.0
2026-03-21,NBL-1067,196.0,0.0,28,110.0
2026-03-28,NBL-1067,193.0,0.0,28,110.0
2026-04-04,NBL-1067,192.0,0.0,28,110.0
2026-04-11,NBL-1067,191.0,0.0,28,110.0
2026-04-18,NBL-1067,190.0,0.0,28,110.0
2026-04-25,NBL-1067,189.0,0.0,28,110.0
2026-05-02,NBL-1067,188.0,0.0,28,110.0
2026-05-09,NBL-1067,183.0,0.0,28,110.0
2026-05-16,NBL-1067,180.0,0.0,28,110.0
2026-05-23,NBL-1067,180.0,0.0,28,110.0
2026-05-30,NBL-1067,175.0,0.0,28,110.0
2026-06-06,NBL-1067,172.0,0.0,28,110.0
2026-06-13,NBL-1067,165.0,0.0,28,110.0
2026-06-20,NBL-1067,165.0,0.0,28,110.0
2026-06-27,NBL-1067,163.0,0.0,28,110.0
2026-07-04,NBL-1067,162.0,0.0,28,110.0
2026-07-11,NBL-1067,160.0,0.0,28,110.0
2024-07-13,NBL-1068,118.0,0.0,10,51.0
2024-07-20,NBL-1068,71.0,0.0,10,51.0
2024-07-27,NBL-1068,26.0,59.0,10,51.0
2024-08-03,NBL-1068,55.0,0.0,10,51.0
2024-08-10,NBL-1068,0.0,59.0,10,51.0
2024-08-17,NBL-1068,28.0,59.0,10,51.0
2024-08-24,NBL-1068,50.0,59.0,10,51.0
2024-08-31,NBL-1068,14.0,59.0,10,51.0
2024-09-07,NBL-1068,30.0,59.0,10,51.0
2024-09-14,NBL-1068,44.0,59.0,10,51.0
2024-09-21,NBL-1068,59.0,0.0,10,51.0
2024-09-28,NBL-1068,17.0,59.0,10,51.0
2024-10-05,NBL-1068,44.0,59.0,10,51.0
2024-10-12,NBL-1068,64.0,0.0,10,51.0
2024-10-19,NBL-1068,25.0,59.0,10,51.0
2024-10-26,NBL-1068,38.0,59.0,10,51.0
2024-11-02,NBL-1068,49.0,59.0,10,51.0
2024-11-09,NBL-1068,19.0,59.0,10,51.0
2024-11-16,NBL-1068,46.0,59.0,10,51.0
2024-11-23,NBL-1068,66.0,0.0,10,51.0
2024-11-30,NBL-1068,84.0,0.0,10,51.0
2024-12-07,NBL-1068,54.0,0.0,10,51.0
2024-12-14,NBL-1068,75.0,0.0,10,51.0
2024-12-21,NBL-1068,46.0,59.0,10,51.0
2024-12-28,NBL-1068,17.0,59.0,10,51.0
2025-01-04,NBL-1068,53.0,0.0,10,51.0
2025-01-11,NBL-1068,83.0,0.0,10,51.0
2025-01-18,NBL-1068,45.0,59.0,10,51.0
2025-01-25,NBL-1068,64.0,0.0,10,51.0
2025-02-01,NBL-1068,85.0,0.0,10,51.0
2025-02-08,NBL-1068,107.0,0.0,10,51.0
2025-02-15,NBL-1068,70.0,0.0,10,51.0
2025-02-22,NBL-1068,47.0,59.0,10,51.0
2025-03-01,NBL-1068,63.0,0.0,10,51.0
2025-03-08,NBL-1068,21.0,59.0,10,51.0
2025-03-15,NBL-1068,33.0,59.0,10,51.0
2025-03-22,NBL-1068,47.0,59.0,10,51.0
2025-03-29,NBL-1068,0.0,59.0,10,51.0
2025-04-05,NBL-1068,36.0,59.0,10,51.0
2025-04-12,NBL-1068,64.0,0.0,10,51.0
2025-04-19,NBL-1068,80.0,0.0,10,51.0
2025-04-26,NBL-1068,40.0,59.0,10,51.0
2025-05-03,NBL-1068,42.0,59.0,10,51.0
2025-05-10,NBL-1068,54.0,0.0,10,51.0
2025-05-17,NBL-1068,2.0,59.0,10,51.0
2025-05-24,NBL-1068,25.0,59.0,10,51.0
2025-05-31,NBL-1068,40.0,59.0,10,51.0
2025-06-07,NBL-1068,0.0,59.0,10,51.0
2025-06-14,NBL-1068,13.0,59.0,10,51.0
2025-06-21,NBL-1068,36.0,59.0,10,51.0
2025-06-28,NBL-1068,59.0,0.0,10,51.0
2025-07-05,NBL-1068,4.0,59.0,10,51.0
2025-07-12,NBL-1068,33.0,,10,51.0
2025-07-19,NBL-1068,54.0,0.0,10,51.0
2025-07-26,NBL-1068,0.0,59.0,10,51.0
2025-08-02,NBL-1068,24.0,59.0,10,51.0
2025-08-09,NBL-1068,45.0,59.0,10,51.0
2025-08-16,NBL-1068,0.0,59.0,10,51.0
2025-08-23,NBL-1068,0.0,59.0,10,51.0
2025-08-30,NBL-1068,38.0,59.0,10,51.0
2025-09-06,NBL-1068,59.0,0.0,10,51.0
2025-09-13,NBL-1068,20.0,59.0,10,51.0
2025-09-20,NBL-1068,30.0,59.0,10,51.0
2025-09-27,NBL-1068,58.0,0.0,10,51.0
2025-10-04,NBL-1068,0.0,59.0,10,51.0
2025-10-11,NBL-1068,23.0,59.0,10,51.0
2025-10-18,NBL-1068,50.0,59.0,10,51.0
2025-10-25,NBL-1068,24.0,59.0,10,51.0
2025-11-01,NBL-1068,36.0,59.0,10,51.0
2025-11-08,NBL-1068,33.0,59.0,10,51.0
2025-11-15,NBL-1068,59.0,0.0,10,51.0
2025-11-22,NBL-1068,25.0,59.0,10,51.0
2025-11-29,NBL-1068,38.0,59.0,10,51.0
2025-12-06,NBL-1068,72.0,0.0,10,51.0
2025-12-13,NBL-1068,34.0,59.0,10,51.0
2025-12-20,NBL-1068,49.0,59.0,10,51.0
2025-12-27,NBL-1068,62.0,0.0,10,51.0
2026-01-03,NBL-1068,24.0,59.0,10,51.0
2026-01-10,NBL-1068,39.0,59.0,10,51.0
2026-01-17,NBL-1068,63.0,0.0,10,51.0
2026-01-24,NBL-1068,81.0,0.0,10,51.0
2026-01-31,NBL-1068,33.0,59.0,10,51.0
2026-02-07,NBL-1068,50.0,59.0,10,51.0
2026-02-14,NBL-1068,57.0,0.0,10,51.0
2026-02-21,NBL-1068,11.0,59.0,10,51.0
2026-02-28,NBL-1068,34.0,59.0,10,51.0
2026-03-07,NBL-1068,59.0,0.0,10,51.0
2026-03-14,NBL-1068,16.0,59.0,10,51.0
2026-03-21,NBL-1068,13.0,59.0,10,51.0
2026-03-28,NBL-1068,45.0,59.0,10,51.0
2026-04-04,NBL-1068,68.0,0.0,10,51.0
2026-04-11,NBL-1068,11.0,59.0,10,51.0
2026-04-18,NBL-1068,34.0,59.0,10,51.0
2026-04-25,NBL-1068,52.0,0.0,10,51.0
2026-05-02,NBL-1068,10.0,59.0,10,51.0
2026-05-09,NBL-1068,0.0,,10,51.0
2026-05-16,NBL-1068,43.0,59.0,10,51.0
2026-05-23,NBL-1068,0.0,59.0,10,51.0
2026-05-30,NBL-1068,0.0,59.0,10,51.0
2026-06-06,NBL-1068,32.0,59.0,10,51.0
2026-06-13,NBL-1068,59.0,0.0,10,51.0
2026-06-20,NBL-1068,0.0,59.0,10,51.0
2026-06-27,NBL-1068,21.0,59.0,10,51.0
2026-07-04,NBL-1068,51.0,59.0,10,51.0
2026-07-11,NBL-1068,0.0,59.0,10,51.0
2024-07-13,NBL-1069,882.0,0.0,28,627.0
2024-07-20,NBL-1069,637.0,0.0,28,627.0
2024-07-27,NBL-1069,433.0,724.0,28,627.0
2024-08-03,NBL-1069,163.0,724.0,28,627.0
2024-08-10,NBL-1069,724.0,0.0,28,627.0
2024-08-17,NBL-1069,523.0,724.0,28,627.0
2024-08-24,NBL-1069,305.0,724.0,28,627.0
2024-08-31,NBL-1069,89.0,724.0,28,627.0
2024-09-07,NBL-1069,724.0,0.0,28,627.0
2024-09-14,NBL-1069,543.0,724.0,28,627.0
2024-09-21,NBL-1069,320.0,724.0,28,627.0
2024-09-28,NBL-1069,110.0,724.0,28,627.0
2024-10-05,NBL-1069,724.0,0.0,28,627.0
2024-10-12,NBL-1069,557.0,724.0,28,627.0
2024-10-19,NBL-1069,369.0,724.0,28,627.0
2024-10-26,NBL-1069,176.0,724.0,28,627.0
2024-11-02,NBL-1069,724.0,0.0,28,627.0
2024-11-09,NBL-1069,504.0,724.0,28,627.0
2024-11-16,NBL-1069,386.0,724.0,28,627.0
2024-11-23,NBL-1069,240.0,724.0,28,627.0
2024-11-30,NBL-1069,849.0,0.0,28,627.0
2024-12-07,NBL-1069,708.0,0.0,28,627.0
2024-12-14,NBL-1069,568.0,724.0,28,627.0
2024-12-21,NBL-1069,417.0,724.0,28,627.0
2024-12-28,NBL-1069,973.0,0.0,28,627.0
2025-01-04,NBL-1069,824.0,0.0,28,627.0
2025-01-11,NBL-1069,655.0,0.0,28,627.0
2025-01-18,NBL-1069,523.0,724.0,28,627.0
2025-01-25,NBL-1069,1101.0,0.0,28,627.0
2025-02-01,NBL-1069,950.0,0.0,28,627.0
2025-02-08,NBL-1069,831.0,0.0,28,627.0
2025-02-15,NBL-1069,673.0,0.0,28,627.0
2025-02-22,NBL-1069,1253.0,0.0,28,627.0
2025-03-01,NBL-1069,1088.0,0.0,28,627.0
2025-03-08,NBL-1069,952.0,0.0,28,627.0
2025-03-15,NBL-1069,796.0,0.0,28,627.0
2025-03-22,NBL-1069,1331.0,0.0,28,627.0
2025-03-29,NBL-1069,1139.0,0.0,28,627.0
2025-04-05,NBL-1069,987.0,0.0,28,627.0
2025-04-12,NBL-1069,763.0,0.0,28,627.0
2025-04-19,NBL-1069,1261.0,0.0,28,627.0
2025-04-26,NBL-1069,1039.0,0.0,28,627.0
2025-05-03,NBL-1069,889.0,0.0,28,627.0
2025-05-10,NBL-1069,703.0,0.0,28,627.0
2025-05-17,NBL-1069,1176.0,0.0,28,627.0
2025-05-24,NBL-1069,891.0,0.0,28,627.0
2025-05-31,NBL-1069,655.0,0.0,28,627.0
2025-06-07,NBL-1069,433.0,724.0,28,627.0
2025-06-14,NBL-1069,899.0,0.0,28,627.0
2025-06-21,NBL-1069,641.0,0.0,28,627.0
2025-06-28,NBL-1069,341.0,724.0,28,627.0
2025-07-05,NBL-1069,108.0,724.0,28,627.0
2025-07-12,NBL-1069,724.0,0.0,28,627.0
2025-07-19,NBL-1069,460.0,724.0,28,627.0
2025-07-26,NBL-1069,216.0,724.0,28,627.0
2025-08-02,NBL-1069,0.0,724.0,28,627.0
2025-08-09,NBL-1069,724.0,0.0,28,627.0
2025-08-16,NBL-1069,447.0,724.0,28,627.0
2025-08-23,NBL-1069,212.0,724.0,28,627.0
2025-08-30,NBL-1069,0.0,724.0,28,627.0
2025-09-06,NBL-1069,724.0,0.0,28,627.0
2025-09-13,NBL-1069,465.0,724.0,28,627.0
2025-09-20,NBL-1069,227.0,724.0,28,627.0
2025-09-27,NBL-1069,11.0,724.0,28,627.0
2025-10-04,NBL-1069,724.0,0.0,28,627.0
2025-10-11,NBL-1069,556.0,724.0,28,627.0
2025-10-18,NBL-1069,357.0,724.0,28,627.0
2025-10-25,NBL-1069,92.0,724.0,28,627.0
2025-11-01,NBL-1069,724.0,0.0,28,627.0
2025-11-08,NBL-1069,560.0,724.0,28,627.0
2025-11-15,NBL-1069,365.0,724.0,28,627.0
2025-11-22,NBL-1069,183.0,724.0,28,627.0
2025-11-29,NBL-1069,750.0,0.0,28,627.0
2025-12-06,NBL-1069,537.0,724.0,28,627.0
2025-12-13,NBL-1069,383.0,724.0,28,627.0
2025-12-20,NBL-1069,240.0,724.0,28,627.0
2025-12-27,NBL-1069,838.0,0.0,28,627.0
2026-01-03,NBL-1069,690.0,0.0,28,627.0
2026-01-10,NBL-1069,522.0,724.0,28,627.0
2026-01-17,NBL-1069,380.0,724.0,28,627.0
2026-01-24,NBL-1069,919.0,0.0,28,627.0
2026-01-31,NBL-1069,747.0,0.0,28,627.0
2026-02-07,NBL-1069,542.0,724.0,28,627.0
2026-02-14,NBL-1069,363.0,724.0,28,627.0
2026-02-21,NBL-1069,899.0,0.0,28,627.0
2026-02-28,NBL-1069,753.0,0.0,28,627.0
2026-03-07,NBL-1069,546.0,724.0,28,627.0
2026-03-14,NBL-1069,344.0,724.0,28,627.0
2026-03-21,NBL-1069,845.0,0.0,28,627.0
2026-03-28,NBL-1069,650.0,0.0,28,627.0
2026-04-04,NBL-1069,407.0,724.0,28,627.0
2026-04-11,NBL-1069,133.0,724.0,28,627.0
2026-04-18,NBL-1069,724.0,0.0,28,627.0
2026-04-25,NBL-1069,430.0,724.0,28,627.0
2026-05-02,NBL-1069,147.0,724.0,28,627.0
2026-05-09,NBL-1069,0.0,724.0,28,627.0
2026-05-16,NBL-1069,724.0,0.0,28,627.0
2026-05-23,NBL-1069,472.0,724.0,28,627.0
2026-05-30,NBL-1069,207.0,724.0,28,627.0
2026-06-06,NBL-1069,0.0,724.0,28,627.0
2026-06-13,NBL-1069,724.0,0.0,28,627.0
2026-06-20,NBL-1069,388.0,724.0,28,627.0
2026-06-27,NBL-1069,81.0,724.0,28,627.0
2026-07-04,NBL-1069,0.0,724.0,28,627.0
2026-07-11,NBL-1069,724.0,0.0,28,627.0
2024-07-13,NBL-1070,556.0,0.0,21,353.0
2024-07-20,NBL-1070,414.0,0.0,21,353.0
2024-07-27,NBL-1070,290.0,407.0,21,353.0
2024-08-03,NBL-1070,555.0,0.0,21,353.0
2024-08-10,NBL-1070,419.0,0.0,21,353.0
2024-08-17,NBL-1070,290.0,407.0,21,353.0
2024-08-24,NBL-1070,535.0,0.0,21,353.0
2024-08-31,NBL-1070,390.0,0.0,21,353.0
2024-09-07,NBL-1070,258.0,,21,353.0
2024-09-14,NBL-1070,516.0,0.0,21,353.0
2024-09-21,NBL-1070,362.0,0.0,21,353.0
2024-09-28,NBL-1070,222.0,407.0,21,353.0
2024-10-05,NBL-1070,475.0,0.0,21,353.0
2024-10-12,NBL-1070,338.0,407.0,21,353.0
2024-10-19,NBL-1070,219.0,407.0,21,353.0
2024-10-26,NBL-1070,491.0,0.0,21,353.0
2024-11-02,NBL-1070,342.0,407.0,21,353.0
2024-11-09,NBL-1070,201.0,407.0,21,353.0
2024-11-16,NBL-1070,464.0,0.0,21,353.0
2024-11-23,NBL-1070,313.0,407.0,21,353.0
2024-11-30,NBL-1070,182.0,407.0,21,353.0
2024-12-07,NBL-1070,463.0,0.0,21,353.0
2024-12-14,NBL-1070,329.0,407.0,21,353.0
2024-12-21,NBL-1070,205.0,407.0,21,353.0
2024-12-28,NBL-1070,474.0,0.0,21,353.0
2025-01-04,NBL-1070,329.0,407.0,21,353.0
2025-01-11,NBL-1070,195.0,407.0,21,353.0
2025-01-18,NBL-1070,460.0,0.0,21,353.0
2025-01-25,NBL-1070,333.0,407.0,21,353.0
2025-02-01,NBL-1070,207.0,407.0,21,353.0
2025-02-08,NBL-1070,473.0,0.0,21,353.0
2025-02-15,NBL-1070,314.0,407.0,21,353.0
2025-02-22,NBL-1070,162.0,407.0,21,353.0
2025-03-01,NBL-1070,437.0,0.0,21,353.0
2025-03-08,NBL-1070,308.0,407.0,21,353.0
2025-03-15,NBL-1070,156.0,407.0,21,353.0
2025-03-22,NBL-1070,407.0,0.0,21,353.0
2025-03-29,NBL-1070,258.0,407.0,21,353.0
2025-04-05,NBL-1070,136.0,407.0,21,353.0
2025-04-12,NBL-1070,407.0,0.0,21,353.0
2025-04-19,NBL-1070,260.0,407.0,21,353.0
2025-04-26,NBL-1070,108.0,407.0,21,353.0
2025-05-03,NBL-1070,407.0,0.0,21,353.0
2025-05-10,NBL-1070,234.0,407.0,21,353.0
2025-05-17,NBL-1070,48.0,407.0,21,353.0
2025-05-24,NBL-1070,407.0,0.0,21,353.0
2025-05-31,NBL-1070,213.0,407.0,21,353.0
2025-06-07,NBL-1070,32.0,407.0,21,353.0
2025-06-14,NBL-1070,407.0,0.0,21,353.0
2025-06-21,NBL-1070,250.0,407.0,21,353.0
2025-06-28,NBL-1070,47.0,407.0,21,353.0
2025-07-05,NBL-1070,407.0,0.0,21,353.0
2025-07-12,NBL-1070,225.0,407.0,21,353.0
2025-07-19,NBL-1070,35.0,407.0,21,353.0
2025-07-26,NBL-1070,407.0,0.0,21,353.0
2025-08-02,NBL-1070,218.0,407.0,21,353.0
2025-08-09,NBL-1070,32.0,407.0,21,353.0
2025-08-16,NBL-1070,407.0,0.0,21,353.0
2025-08-23,NBL-1070,205.0,407.0,21,353.0
2025-08-30,NBL-1070,21.0,407.0,21,353.0
2025-09-06,NBL-1070,407.0,0.0,21,353.0
2025-09-13,NBL-1070,243.0,407.0,21,353.0
2025-09-20,NBL-1070,70.0,407.0,21,353.0
2025-09-27,NBL-1070,407.0,0.0,21,353.0
2025-10-04,NBL-1070,257.0,407.0,21,353.0
2025-10-11,NBL-1070,98.0,407.0,21,353.0
2025-10-18,NBL-1070,407.0,0.0,21,353.0
2025-10-25,NBL-1070,230.0,407.0,21,353.0
2025-11-01,NBL-1070,26.0,407.0,21,353.0
2025-11-08,NBL-1070,407.0,0.0,21,353.0
2025-11-15,NBL-1070,234.0,407.0,21,353.0
2025-11-22,NBL-1070,105.0,407.0,21,353.0
2025-11-29,NBL-1070,407.0,0.0,21,353.0
2025-12-06,NBL-1070,260.0,407.0,21,353.0
2025-12-13,NBL-1070,100.0,407.0,21,353.0
2025-12-20,NBL-1070,407.0,0.0,21,353.0
2025-12-27,NBL-1070,254.0,407.0,21,353.0
2026-01-03,NBL-1070,87.0,407.0,21,353.0
2026-01-10,NBL-1070,407.0,0.0,21,353.0
2026-01-17,NBL-1070,258.0,407.0,21,353.0
2026-01-24,NBL-1070,97.0,407.0,21,353.0
2026-01-31,NBL-1070,407.0,0.0,21,353.0
2026-02-07,NBL-1070,238.0,407.0,21,353.0
2026-02-14,NBL-1070,81.0,407.0,21,353.0
2026-02-21,NBL-1070,407.0,0.0,21,353.0
2026-02-28,NBL-1070,266.0,407.0,21,353.0
2026-03-07,NBL-1070,123.0,407.0,21,353.0
2026-03-14,NBL-1070,407.0,0.0,21,353.0
2026-03-21,NBL-1070,248.0,407.0,21,353.0
2026-03-28,NBL-1070,51.0,407.0,21,353.0
2026-04-04,NBL-1070,407.0,0.0,21,353.0
2026-04-11,NBL-1070,208.0,407.0,21,353.0
2026-04-18,NBL-1070,38.0,407.0,21,353.0
2026-04-25,NBL-1070,407.0,,21,353.0
2026-05-02,NBL-1070,219.0,407.0,21,353.0
2026-05-09,NBL-1070,28.0,407.0,21,353.0
2026-05-16,NBL-1070,407.0,0.0,21,353.0
2026-05-23,NBL-1070,223.0,407.0,21,353.0
2026-05-30,NBL-1070,52.0,407.0,21,353.0
2026-06-06,NBL-1070,407.0,0.0,21,353.0
2026-06-13,NBL-1070,218.0,407.0,21,353.0
2026-06-20,NBL-1070,6.0,407.0,21,353.0
2026-06-27,NBL-1070,407.0,0.0,21,353.0
2026-07-04,NBL-1070,193.0,407.0,21,353.0
2026-07-11,NBL-1070,9.0,407.0,21,353.0
2024-07-13,NBL-1071,918.0,0.0,14,511.0
2024-07-20,NBL-1071,541.0,0.0,14,511.0
2024-07-27,NBL-1071,811.0,0.0,14,511.0
2024-08-03,NBL-1071,498.0,589.0,14,511.0
2024-08-10,NBL-1071,797.0,0.0,14,511.0
2024-08-17,NBL-1071,491.0,589.0,14,511.0
2024-08-24,NBL-1071,757.0,0.0,14,511.0
2024-08-31,NBL-1071,478.0,589.0,14,511.0
2024-09-07,NBL-1071,768.0,,14,511.0
2024-09-14,NBL-1071,446.0,589.0,14,511.0
2024-09-21,NBL-1071,705.0,0.0,14,511.0
2024-09-28,NBL-1071,404.0,589.0,14,511.0
2024-10-05,NBL-1071,720.0,0.0,14,511.0
2024-10-12,NBL-1071,445.0,589.0,14,511.0
2024-10-19,NBL-1071,782.0,0.0,14,511.0
2024-10-26,NBL-1071,550.0,0.0,14,511.0
2024-11-02,NBL-1071,862.0,0.0,14,511.0
2024-11-09,NBL-1071,567.0,0.0,14,511.0
2024-11-16,NBL-1071,803.0,0.0,14,511.0
2024-11-23,NBL-1071,516.0,0.0,14,511.0
2024-11-30,NBL-1071,857.0,0.0,14,511.0
2024-12-07,NBL-1071,576.0,0.0,14,511.0
2024-12-14,NBL-1071,901.0,0.0,14,511.0
2024-12-21,NBL-1071,640.0,0.0,14,511.0
2024-12-28,NBL-1071,1006.0,0.0,14,511.0
2025-01-04,NBL-1071,787.0,,14,511.0
2025-01-11,NBL-1071,525.0,0.0,14,511.0
2025-01-18,NBL-1071,283.0,589.0,14,511.0
2025-01-25,NBL-1071,609.0,0.0,14,511.0
2025-02-01,NBL-1071,358.0,589.0,14,511.0
2025-02-08,NBL-1071,730.0,0.0,14,511.0
2025-02-15,NBL-1071,488.0,589.0,14,511.0
2025-02-22,NBL-1071,865.0,0.0,14,511.0
2025-03-01,NBL-1071,628.0,0.0,14,511.0
2025-03-08,NBL-1071,956.0,0.0,14,511.0
2025-03-15,NBL-1071,693.0,0.0,14,511.0
2025-03-22,NBL-1071,1023.0,0.0,14,511.0
2025-03-29,NBL-1071,766.0,0.0,14,511.0
2025-04-05,NBL-1071,1085.0,0.0,14,511.0
2025-04-12,NBL-1071,833.0,0.0,14,511.0
2025-04-19,NBL-1071,615.0,0.0,14,511.0
2025-04-26,NBL-1071,390.0,589.0,14,511.0
2025-05-03,NBL-1071,718.0,0.0,14,511.0
2025-05-10,NBL-1071,445.0,589.0,14,511.0
2025-05-17,NBL-1071,776.0,,14,511.0
2025-05-24,NBL-1071,507.0,589.0,14,511.0
2025-05-31,NBL-1071,818.0,0.0,14,511.0
2025-06-07,NBL-1071,571.0,0.0,14,511.0
2025-06-14,NBL-1071,892.0,0.0,14,511.0
2025-06-21,NBL-1071,624.0,0.0,14,511.0
2025-06-28,NBL-1071,924.0,0.0,14,511.0
2025-07-05,NBL-1071,678.0,0.0,14,511.0
2025-07-12,NBL-1071,1008.0,0.0,14,511.0
2025-07-19,NBL-1071,762.0,0.0,14,511.0
2025-07-26,NBL-1071,576.0,0.0,14,511.0
2025-08-02,NBL-1071,318.0,589.0,14,511.0
2025-08-09,NBL-1071,648.0,0.0,14,511.0
2025-08-16,NBL-1071,374.0,589.0,14,511.0
2025-08-23,NBL-1071,727.0,0.0,14,511.0
2025-08-30,NBL-1071,485.0,589.0,14,511.0
2025-09-06,NBL-1071,828.0,0.0,14,511.0
2025-09-13,NBL-1071,597.0,0.0,14,511.0
2025-09-20,NBL-1071,939.0,0.0,14,511.0
2025-09-27,NBL-1071,722.0,0.0,14,511.0
2025-10-04,NBL-1071,1095.0,0.0,14,511.0
2025-10-11,NBL-1071,865.0,0.0,14,511.0
2025-10-18,NBL-1071,675.0,0.0,14,511.0
2025-10-25,NBL-1071,462.0,589.0,14,511.0
2025-11-01,NBL-1071,855.0,0.0,14,511.0
2025-11-08,NBL-1071,675.0,0.0,14,511.0
2025-11-15,NBL-1071,1042.0,0.0,14,511.0
2025-11-22,NBL-1071,869.0,0.0,14,511.0
2025-11-29,NBL-1071,648.0,0.0,14,511.0
2025-12-06,NBL-1071,442.0,589.0,14,511.0
2025-12-13,NBL-1071,855.0,0.0,14,511.0
2025-12-20,NBL-1071,659.0,0.0,14,511.0
2025-12-27,NBL-1071,1075.0,0.0,14,511.0
2026-01-03,NBL-1071,874.0,0.0,14,511.0
2026-01-10,NBL-1071,669.0,0.0,14,511.0
2026-01-17,NBL-1071,498.0,589.0,14,511.0
2026-01-24,NBL-1071,923.0,0.0,14,511.0
2026-01-31,NBL-1071,743.0,0.0,14,511.0
2026-02-07,NBL-1071,549.0,0.0,14,511.0
2026-02-14,NBL-1071,361.0,589.0,14,511.0
2026-02-21,NBL-1071,772.0,0.0,14,511.0
2026-02-28,NBL-1071,603.0,0.0,14,511.0
2026-03-07,NBL-1071,1033.0,0.0,14,511.0
2026-03-14,NBL-1071,856.0,0.0,14,511.0
2026-03-21,NBL-1071,682.0,0.0,14,511.0
2026-03-28,NBL-1071,477.0,589.0,14,511.0
2026-04-04,NBL-1071,888.0,0.0,14,511.0
2026-04-11,NBL-1071,688.0,0.0,14,511.0
2026-04-18,NBL-1071,516.0,0.0,14,511.0
2026-04-25,NBL-1071,331.0,589.0,14,511.0
2026-05-02,NBL-1071,734.0,0.0,14,511.0
2026-05-09,NBL-1071,535.0,0.0,14,511.0
2026-05-16,NBL-1071,935.0,0.0,14,511.0
2026-05-23,NBL-1071,770.0,0.0,14,511.0
2026-05-30,NBL-1071,546.0,0.0,14,511.0
2026-06-06,NBL-1071,381.0,589.0,14,511.0
2026-06-13,NBL-1071,771.0,0.0,14,511.0
2026-06-20,NBL-1071,582.0,0.0,14,511.0
2026-06-27,NBL-1071,963.0,0.0,14,511.0
2026-07-04,NBL-1071,777.0,0.0,14,511.0
2026-07-11,NBL-1071,630.0,0.0,14,511.0
2024-07-13,NBL-1072,195.0,0.0,28,187.0
2024-07-20,NBL-1072,123.0,216.0,28,187.0
2024-07-27,NBL-1072,70.0,216.0,28,187.0
2024-08-03,NBL-1072,22.0,216.0,28,187.0
2024-08-10,NBL-1072,216.0,0.0,28,187.0
2024-08-17,NBL-1072,153.0,216.0,28,187.0
2024-08-24,NBL-1072,89.0,216.0,28,187.0
2024-08-31,NBL-1072,41.0,216.0,28,187.0
2024-09-07,NBL-1072,216.0,0.0,28,187.0
2024-09-14,NBL-1072,153.0,216.0,28,187.0
2024-09-21,NBL-1072,111.0,216.0,28,187.0
2024-09-28,NBL-1072,64.0,216.0,28,187.0
2024-10-05,NBL-1072,237.0,0.0,28,187.0
2024-10-12,NBL-1072,190.0,0.0,28,187.0
2024-10-19,NBL-1072,151.0,216.0,28,187.0
2024-10-26,NBL-1072,105.0,216.0,28,187.0
2024-11-02,NBL-1072,268.0,0.0,28,187.0
2024-11-09,NBL-1072,228.0,0.0,28,187.0
2024-11-16,NBL-1072,187.0,216.0,28,187.0
2024-11-23,NBL-1072,142.0,216.0,28,187.0
2024-11-30,NBL-1072,314.0,0.0,28,187.0
2024-12-07,NBL-1072,274.0,0.0,28,187.0
2024-12-14,NBL-1072,235.0,0.0,28,187.0
2024-12-21,NBL-1072,194.0,0.0,28,187.0
2024-12-28,NBL-1072,384.0,0.0,28,187.0
2025-01-04,NBL-1072,344.0,0.0,28,187.0
2025-01-11,NBL-1072,294.0,0.0,28,187.0
2025-01-18,NBL-1072,245.0,0.0,28,187.0
2025-01-25,NBL-1072,201.0,0.0,28,187.0
2025-02-01,NBL-1072,157.0,216.0,28,187.0
2025-02-08,NBL-1072,110.0,216.0,28,187.0
2025-02-15,NBL-1072,68.0,216.0,28,187.0
2025-02-22,NBL-1072,236.0,0.0,28,187.0
2025-03-01,NBL-1072,198.0,0.0,28,187.0
2025-03-08,NBL-1072,166.0,216.0,28,187.0
2025-03-15,NBL-1072,116.0,216.0,28,187.0
2025-03-22,NBL-1072,278.0,0.0,28,187.0
2025-03-29,NBL-1072,226.0,0.0,28,187.0
2025-04-05,NBL-1072,178.0,216.0,28,187.0
2025-04-12,NBL-1072,126.0,216.0,28,187.0
2025-04-19,NBL-1072,299.0,0.0,28,187.0
2025-04-26,NBL-1072,256.0,0.0,28,187.0
2025-05-03,NBL-1072,210.0,0.0,28,187.0
2025-05-10,NBL-1072,164.0,216.0,28,187.0
2025-05-17,NBL-1072,338.0,0.0,28,187.0
2025-05-24,NBL-1072,305.0,0.0,28,187.0
2025-05-31,NBL-1072,254.0,0.0,28,187.0
2025-06-07,NBL-1072,199.0,0.0,28,187.0
2025-06-14,NBL-1072,352.0,0.0,28,187.0
2025-06-21,NBL-1072,311.0,0.0,28,187.0
2025-06-28,NBL-1072,253.0,0.0,28,187.0
2025-07-05,NBL-1072,211.0,0.0,28,187.0
2025-07-12,NBL-1072,373.0,,28,187.0
2025-07-19,NBL-1072,317.0,0.0,28,187.0
2025-07-26,NBL-1072,273.0,0.0,28,187.0
2025-08-02,NBL-1072,227.0,0.0,28,187.0
2025-08-09,NBL-1072,397.0,0.0,28,187.0
2025-08-16,NBL-1072,345.0,0.0,28,187.0
2025-08-23,NBL-1072,292.0,0.0,28,187.0
2025-08-30,NBL-1072,238.0,0.0,28,187.0
2025-09-06,NBL-1072,398.0,0.0,28,187.0
2025-09-13,NBL-1072,351.0,0.0,28,187.0
2025-09-20,NBL-1072,305.0,0.0,28,187.0
2025-09-27,NBL-1072,258.0,0.0,28,187.0
2025-10-04,NBL-1072,217.0,0.0,28,187.0
2025-10-11,NBL-1072,178.0,216.0,28,187.0
2025-10-18,NBL-1072,125.0,216.0,28,187.0
2025-10-25,NBL-1072,82.0,216.0,28,187.0
2025-11-01,NBL-1072,255.0,0.0,28,187.0
2025-11-08,NBL-1072,212.0,0.0,28,187.0
2025-11-15,NBL-1072,178.0,216.0,28,187.0
2025-11-22,NBL-1072,146.0,,28,187.0
2025-11-29,NBL-1072,327.0,0.0,28,187.0
2025-12-06,NBL-1072,273.0,0.0,28,187.0
2025-12-13,NBL-1072,227.0,0.0,28,187.0
2025-12-20,NBL-1072,173.0,216.0,28,187.0
2025-12-27,NBL-1072,340.0,0.0,28,187.0
2026-01-03,NBL-1072,300.0,0.0,28,187.0
2026-01-10,NBL-1072,269.0,0.0,28,187.0
2026-01-17,NBL-1072,230.0,0.0,28,187.0
2026-01-24,NBL-1072,194.0,0.0,28,187.0
2026-01-31,NBL-1072,150.0,216.0,28,187.0
2026-02-07,NBL-1072,110.0,216.0,28,187.0
2026-02-14,NBL-1072,75.0,216.0,28,187.0
2026-02-21,NBL-1072,257.0,0.0,28,187.0
2026-02-28,NBL-1072,215.0,0.0,28,187.0
2026-03-07,NBL-1072,184.0,216.0,28,187.0
2026-03-14,NBL-1072,145.0,216.0,28,187.0
2026-03-21,NBL-1072,304.0,0.0,28,187.0
2026-03-28,NBL-1072,257.0,0.0,28,187.0
2026-04-04,NBL-1072,209.0,0.0,28,187.0
2026-04-11,NBL-1072,186.0,216.0,28,187.0
2026-04-18,NBL-1072,360.0,0.0,28,187.0
2026-04-25,NBL-1072,311.0,0.0,28,187.0
2026-05-02,NBL-1072,274.0,0.0,28,187.0
2026-05-09,NBL-1072,238.0,0.0,28,187.0
2026-05-16,NBL-1072,194.0,0.0,28,187.0
2026-05-23,NBL-1072,148.0,216.0,28,187.0
2026-05-30,NBL-1072,102.0,216.0,28,187.0
2026-06-06,NBL-1072,61.0,216.0,28,187.0
2026-06-13,NBL-1072,238.0,0.0,28,187.0
2026-06-20,NBL-1072,187.0,216.0,28,187.0
2026-06-27,NBL-1072,142.0,216.0,28,187.0
2026-07-04,NBL-1072,82.0,216.0,28,187.0
2026-07-11,NBL-1072,251.0,0.0,28,187.0
2024-07-13,NBL-1073,1072.0,0.0,21,906.0
2024-07-20,NBL-1073,570.0,1045.0,21,906.0
2024-07-27,NBL-1073,87.0,1045.0,21,906.0
2024-08-03,NBL-1073,1045.0,0.0,21,906.0
2024-08-10,NBL-1073,598.0,1045.0,21,906.0
2024-08-17,NBL-1073,165.0,1045.0,21,906.0
2024-08-24,NBL-1073,1045.0,0.0,21,906.0
2024-08-31,NBL-1073,565.0,1045.0,21,906.0
2024-09-07,NBL-1073,98.0,1045.0,21,906.0
2024-09-14,NBL-1073,1045.0,0.0,21,906.0
2024-09-21,NBL-1073,660.0,1045.0,21,906.0
2024-09-28,NBL-1073,297.0,1045.0,21,906.0
2024-10-05,NBL-1073,1045.0,0.0,21,906.0
2024-10-12,NBL-1073,684.0,1045.0,21,906.0
2024-10-19,NBL-1073,358.0,1045.0,21,906.0
2024-10-26,NBL-1073,1085.0,0.0,21,906.0
2024-11-02,NBL-1073,800.0,1045.0,21,906.0
2024-11-09,NBL-1073,519.0,1045.0,21,906.0
2024-11-16,NBL-1073,1340.0,0.0,21,906.0
2024-11-23,NBL-1073,1044.0,0.0,21,906.0
2024-11-30,NBL-1073,784.0,1045.0,21,906.0
2024-12-07,NBL-1073,1612.0,0.0,21,906.0
2024-12-14,NBL-1073,1442.0,0.0,21,906.0
2024-12-21,NBL-1073,1237.0,0.0,21,906.0
2024-12-28,NBL-1073,979.0,0.0,21,906.0
2025-01-04,NBL-1073,751.0,1045.0,21,906.0
2025-01-11,NBL-1073,536.0,1045.0,21,906.0
2025-01-18,NBL-1073,1385.0,0.0,21,906.0
2025-01-25,NBL-1073,1150.0,0.0,21,906.0
2025-02-01,NBL-1073,939.0,0.0,21,906.0
2025-02-08,NBL-1073,1762.0,0.0,21,906.0
2025-02-15,NBL-1073,1577.0,0.0,21,906.0
2025-02-22,NBL-1073,1298.0,0.0,21,906.0
2025-03-01,NBL-1073,1034.0,0.0,21,906.0
2025-03-08,NBL-1073,820.0,1045.0,21,906.0
2025-03-15,NBL-1073,553.0,1045.0,21,906.0
2025-03-22,NBL-1073,1346.0,0.0,21,906.0
2025-03-29,NBL-1073,1006.0,0.0,21,906.0
2025-04-05,NBL-1073,677.0,1045.0,21,906.0
2025-04-12,NBL-1073,1450.0,0.0,21,906.0
2025-04-19,NBL-1073,1172.0,0.0,21,906.0
2025-04-26,NBL-1073,950.0,0.0,21,906.0
2025-05-03,NBL-1073,1697.0,0.0,21,906.0
2025-05-10,NBL-1073,1416.0,0.0,21,906.0
2025-05-17,NBL-1073,1026.0,0.0,21,906.0
2025-05-24,NBL-1073,1685.0,0.0,21,906.0
2025-05-31,NBL-1073,1326.0,0.0,21,906.0
2025-06-07,NBL-1073,977.0,0.0,21,906.0
2025-06-14,NBL-1073,1634.0,0.0,21,906.0
2025-06-21,NBL-1073,1284.0,0.0,21,906.0
2025-06-28,NBL-1073,918.0,0.0,21,906.0
2025-07-05,NBL-1073,1532.0,0.0,21,906.0
2025-07-12,NBL-1073,1158.0,0.0,21,906.0
2025-07-19,NBL-1073,783.0,1045.0,21,906.0
2025-07-26,NBL-1073,1453.0,0.0,21,906.0
2025-08-02,NBL-1073,1035.0,0.0,21,906.0
2025-08-09,NBL-1073,719.0,1045.0,21,906.0
2025-08-16,NBL-1073,1454.0,0.0,21,906.0
2025-08-23,NBL-1073,1150.0,0.0,21,906.0
2025-08-30,NBL-1073,853.0,1045.0,21,906.0
2025-09-06,NBL-1073,1530.0,0.0,21,906.0
2025-09-13,NBL-1073,1193.0,0.0,21,906.0
2025-09-20,NBL-1073,878.0,1045.0,21,906.0
2025-09-27,NBL-1073,1654.0,0.0,21,906.0
2025-10-04,NBL-1073,1297.0,0.0,21,906.0
2025-10-11,NBL-1073,926.0,0.0,21,906.0
2025-10-18,NBL-1073,1675.0,0.0,21,906.0
2025-10-25,NBL-1073,1330.0,0.0,21,906.0
2025-11-01,NBL-1073,1118.0,0.0,21,906.0
2025-11-08,NBL-1073,1924.0,0.0,21,906.0
2025-11-15,NBL-1073,1701.0,0.0,21,906.0
2025-11-22,NBL-1073,1506.0,0.0,21,906.0
2025-11-29,NBL-1073,1267.0,0.0,21,906.0
2025-12-06,NBL-1073,1028.0,0.0,21,906.0
2025-12-13,NBL-1073,803.0,1045.0,21,906.0
2025-12-20,NBL-1073,1591.0,0.0,21,906.0
2025-12-27,NBL-1073,1404.0,0.0,21,906.0
2026-01-03,NBL-1073,1218.0,0.0,21,906.0
2026-01-10,NBL-1073,1060.0,0.0,21,906.0
2026-01-17,NBL-1073,905.0,1045.0,21,906.0
2026-01-24,NBL-1073,740.0,1045.0,21,906.0
2026-01-31,NBL-1073,1612.0,0.0,21,906.0
2026-02-07,NBL-1073,1452.0,0.0,21,906.0
2026-02-14,NBL-1073,1265.0,0.0,21,906.0
2026-02-21,NBL-1073,1018.0,0.0,21,906.0
2026-02-28,NBL-1073,875.0,1045.0,21,906.0
2026-03-07,NBL-1073,697.0,1045.0,21,906.0
2026-03-14,NBL-1073,1577.0,0.0,21,906.0
2026-03-21,NBL-1073,1387.0,0.0,21,906.0
2026-03-28,NBL-1073,1119.0,0.0,21,906.0
2026-04-04,NBL-1073,1923.0,0.0,21,906.0
2026-04-11,NBL-1073,1673.0,0.0,21,906.0
2026-04-18,NBL-1073,1436.0,0.0,21,906.0
2026-04-25,NBL-1073,1240.0,0.0,21,906.0
2026-05-02,NBL-1073,938.0,0.0,21,906.0
2026-05-09,NBL-1073,712.0,1045.0,21,906.0
2026-05-16,NBL-1073,1476.0,0.0,21,906.0
2026-05-23,NBL-1073,1214.0,0.0,21,906.0
2026-05-30,NBL-1073,901.0,1045.0,21,906.0
2026-06-06,NBL-1073,1594.0,0.0,21,906.0
2026-06-13,NBL-1073,1311.0,0.0,21,906.0
2026-06-20,NBL-1073,981.0,0.0,21,906.0
2026-06-27,NBL-1073,1740.0,0.0,21,906.0
2026-07-04,NBL-1073,1436.0,0.0,21,906.0
2026-07-11,NBL-1073,1152.0,0.0,21,906.0
2024-07-13,NBL-1074,379.0,0.0,14,166.0
2024-07-20,NBL-1074,287.0,0.0,14,166.0
2024-07-27,NBL-1074,202.0,0.0,14,166.0
2024-08-03,NBL-1074,90.0,191.0,14,166.0
2024-08-10,NBL-1074,191.0,0.0,14,166.0
2024-08-17,NBL-1074,74.0,191.0,14,166.0
2024-08-24,NBL-1074,191.0,0.0,14,166.0
2024-08-31,NBL-1074,109.0,191.0,14,166.0
2024-09-07,NBL-1074,206.0,0.0,14,166.0
2024-09-14,NBL-1074,121.0,191.0,14,166.0
2024-09-21,NBL-1074,236.0,0.0,14,166.0
2024-09-28,NBL-1074,167.0,0.0,14,166.0
2024-10-05,NBL-1074,272.0,0.0,14,166.0
2024-10-12,NBL-1074,207.0,0.0,14,166.0
2024-10-19,NBL-1074,291.0,0.0,14,166.0
2024-10-26,NBL-1074,194.0,0.0,14,166.0
2024-11-02,NBL-1074,279.0,0.0,14,166.0
2024-11-09,NBL-1074,183.0,0.0,14,166.0
2024-11-16,NBL-1074,290.0,0.0,14,166.0
2024-11-23,NBL-1074,229.0,0.0,14,166.0
2024-11-30,NBL-1074,324.0,0.0,14,166.0
2024-12-07,NBL-1074,247.0,0.0,14,166.0
2024-12-14,NBL-1074,332.0,0.0,14,166.0
2024-12-21,NBL-1074,238.0,,14,166.0
2024-12-28,NBL-1074,342.0,0.0,14,166.0
2025-01-04,NBL-1074,270.0,0.0,14,166.0
2025-01-11,NBL-1074,197.0,0.0,14,166.0
2025-01-18,NBL-1074,123.0,191.0,14,166.0
2025-01-25,NBL-1074,238.0,0.0,14,166.0
2025-02-01,NBL-1074,157.0,191.0,14,166.0
2025-02-08,NBL-1074,277.0,0.0,14,166.0
2025-02-15,NBL-1074,214.0,0.0,14,166.0
2025-02-22,NBL-1074,350.0,0.0,14,166.0
2025-03-01,NBL-1074,279.0,0.0,14,166.0
2025-03-08,NBL-1074,191.0,0.0,14,166.0
2025-03-15,NBL-1074,111.0,191.0,14,166.0
2025-03-22,NBL-1074,244.0,0.0,14,166.0
2025-03-29,NBL-1074,185.0,0.0,14,166.0
2025-04-05,NBL-1074,302.0,0.0,14,166.0
2025-04-12,NBL-1074,245.0,0.0,14,166.0
2025-04-19,NBL-1074,357.0,0.0,14,166.0
2025-04-26,NBL-1074,289.0,0.0,14,166.0
2025-05-03,NBL-1074,181.0,0.0,14,166.0
2025-05-10,NBL-1074,107.0,191.0,14,166.0
2025-05-17,NBL-1074,229.0,0.0,14,166.0
2025-05-24,NBL-1074,127.0,191.0,14,166.0
2025-05-31,NBL-1074,237.0,0.0,14,166.0
2025-06-07,NBL-1074,143.0,191.0,14,166.0
2025-06-14,NBL-1074,244.0,0.0,14,166.0
2025-06-21,NBL-1074,161.0,191.0,14,166.0
2025-06-28,NBL-1074,268.0,0.0,14,166.0
2025-07-05,NBL-1074,194.0,0.0,14,166.0
2025-07-12,NBL-1074,309.0,0.0,14,166.0
2025-07-19,NBL-1074,213.0,0.0,14,166.0
2025-07-26,NBL-1074,323.0,0.0,14,166.0
2025-08-02,NBL-1074,247.0,0.0,14,166.0
2025-08-09,NBL-1074,173.0,0.0,14,166.0
2025-08-16,NBL-1074,97.0,191.0,14,166.0
2025-08-23,NBL-1074,197.0,0.0,14,166.0
2025-08-30,NBL-1074,139.0,191.0,14,166.0
2025-09-06,NBL-1074,266.0,0.0,14,166.0
2025-09-13,NBL-1074,184.0,0.0,14,166.0
2025-09-20,NBL-1074,314.0,0.0,14,166.0
2025-09-27,NBL-1074,249.0,0.0,14,166.0
2025-10-04,NBL-1074,173.0,0.0,14,166.0
2025-10-11,NBL-1074,98.0,191.0,14,166.0
2025-10-18,NBL-1074,227.0,0.0,14,166.0
2025-10-25,NBL-1074,173.0,0.0,14,166.0
2025-11-01,NBL-1074,295.0,0.0,14,166.0
2025-11-08,NBL-1074,228.0,0.0,14,166.0
2025-11-15,NBL-1074,350.0,0.0,14,166.0
2025-11-22,NBL-1074,288.0,0.0,14,166.0
2025-11-29,NBL-1074,221.0,0.0,14,166.0
2025-12-06,NBL-1074,162.0,191.0,14,166.0
2025-12-13,NBL-1074,286.0,0.0,14,166.0
2025-12-20,NBL-1074,225.0,0.0,14,166.0
2025-12-27,NBL-1074,180.0,0.0,14,166.0
2026-01-03,NBL-1074,114.0,191.0,14,166.0
2026-01-10,NBL-1074,255.0,0.0,14,166.0
2026-01-17,NBL-1074,188.0,0.0,14,166.0
2026-01-24,NBL-1074,327.0,0.0,14,166.0
2026-01-31,NBL-1074,260.0,0.0,14,166.0
2026-02-07,NBL-1074,210.0,0.0,14,166.0
2026-02-14,NBL-1074,162.0,191.0,14,166.0
2026-02-21,NBL-1074,299.0,0.0,14,166.0
2026-02-28,NBL-1074,246.0,0.0,14,166.0
2026-03-07,NBL-1074,197.0,0.0,14,166.0
2026-03-14,NBL-1074,152.0,,14,166.0
2026-03-21,NBL-1074,283.0,0.0,14,166.0
2026-03-28,NBL-1074,219.0,0.0,14,166.0
2026-04-04,NBL-1074,171.0,0.0,14,166.0
2026-04-11,NBL-1074,133.0,191.0,14,166.0
2026-04-18,NBL-1074,264.0,0.0,14,166.0
2026-04-25,NBL-1074,227.0,0.0,14,166.0
2026-05-02,NBL-1074,166.0,0.0,14,166.0
2026-05-09,NBL-1074,120.0,191.0,14,166.0
2026-05-16,NBL-1074,252.0,0.0,14,166.0
2026-05-23,NBL-1074,193.0,0.0,14,166.0
2026-05-30,NBL-1074,317.0,0.0,14,166.0
2026-06-06,NBL-1074,264.0,0.0,14,166.0
2026-06-13,NBL-1074,193.0,0.0,14,166.0
2026-06-20,NBL-1074,121.0,191.0,14,166.0
2026-06-27,NBL-1074,249.0,0.0,14,166.0
2026-07-04,NBL-1074,184.0,0.0,14,166.0
2026-07-11,NBL-1074,292.0,0.0,14,166.0
2024-07-13,NBL-1075,459.0,0.0,7,233.0
2024-07-20,NBL-1075,382.0,0.0,7,233.0
2024-07-27,NBL-1075,291.0,0.0,7,233.0
2024-08-03,NBL-1075,269.0,0.0,7,233.0
2024-08-10,NBL-1075,269.0,0.0,7,233.0
2024-08-17,NBL-1075,269.0,0.0,7,233.0
2024-08-24,NBL-1075,269.0,0.0,7,233.0
2024-08-31,NBL-1075,269.0,0.0,7,233.0
2024-09-07,NBL-1075,269.0,0.0,7,233.0
2024-09-14,NBL-1075,280.0,0.0,7,233.0
2024-09-21,NBL-1075,293.0,0.0,7,233.0
2024-09-28,NBL-1075,269.0,0.0,7,233.0
2024-10-05,NBL-1075,269.0,0.0,7,233.0
2024-10-12,NBL-1075,288.0,0.0,7,233.0
2024-10-19,NBL-1075,328.0,0.0,7,233.0
2024-10-26,NBL-1075,393.0,0.0,7,233.0
2024-11-02,NBL-1075,387.0,0.0,7,233.0
2024-11-09,NBL-1075,397.0,0.0,7,233.0
2024-11-16,NBL-1075,458.0,0.0,7,233.0
2024-11-23,NBL-1075,244.0,0.0,7,233.0
2024-11-30,NBL-1075,297.0,0.0,7,233.0
2024-12-07,NBL-1075,377.0,0.0,7,233.0
2024-12-14,NBL-1075,469.0,0.0,7,233.0
2024-12-21,NBL-1075,297.0,0.0,7,233.0
2024-12-28,NBL-1075,365.0,0.0,7,233.0
2025-01-04,NBL-1075,472.0,0.0,7,233.0
2025-01-11,NBL-1075,287.0,0.0,7,233.0
2025-01-18,NBL-1075,403.0,0.0,7,233.0
2025-01-25,NBL-1075,480.0,0.0,7,233.0
2025-02-01,NBL-1075,259.0,0.0,7,233.0
2025-02-08,NBL-1075,337.0,0.0,7,233.0
2025-02-15,NBL-1075,403.0,0.0,7,233.0
2025-02-22,NBL-1075,493.0,0.0,7,233.0
2025-03-01,NBL-1075,305.0,0.0,7,233.0
2025-03-08,NBL-1075,413.0,0.0,7,233.0
2025-03-15,NBL-1075,479.0,0.0,7,233.0
2025-03-22,NBL-1075,271.0,0.0,7,233.0
2025-03-29,NBL-1075,291.0,0.0,7,233.0
2025-04-05,NBL-1075,275.0,0.0,7,233.0
2025-04-12,NBL-1075,306.0,0.0,7,233.0
2025-04-19,NBL-1075,295.0,0.0,7,233.0
2025-04-26,NBL-1075,324.0,0.0,7,233.0
2025-05-03,NBL-1075,323.0,0.0,7,233.0
2025-05-10,NBL-1075,340.0,0.0,7,233.0
2025-05-17,NBL-1075,328.0,0.0,7,233.0
2025-05-24,NBL-1075,280.0,0.0,7,233.0
2025-05-31,NBL-1075,269.0,0.0,7,233.0
2025-06-07,NBL-1075,269.0,0.0,7,233.0
2025-06-14,NBL-1075,269.0,0.0,7,233.0
2025-06-21,NBL-1075,269.0,0.0,7,233.0
2025-06-28,NBL-1075,269.0,0.0,7,233.0
2025-07-05,NBL-1075,269.0,0.0,7,233.0
2025-07-12,NBL-1075,269.0,0.0,7,233.0
2025-07-19,NBL-1075,269.0,0.0,7,233.0
2025-07-26,NBL-1075,269.0,0.0,7,233.0
2025-08-02,NBL-1075,269.0,0.0,7,233.0
2025-08-09,NBL-1075,269.0,0.0,7,233.0
2025-08-16,NBL-1075,269.0,0.0,7,233.0
2025-08-23,NBL-1075,269.0,0.0,7,233.0
2025-08-30,NBL-1075,289.0,0.0,7,233.0
2025-09-06,NBL-1075,269.0,0.0,7,233.0
2025-09-13,NBL-1075,269.0,0.0,7,233.0
2025-09-20,NBL-1075,269.0,0.0,7,233.0
2025-09-27,NBL-1075,308.0,0.0,7,233.0
2025-10-04,NBL-1075,279.0,0.0,7,233.0
2025-10-11,NBL-1075,324.0,0.0,7,233.0
2025-10-18,NBL-1075,327.0,0.0,7,233.0
2025-10-25,NBL-1075,372.0,0.0,7,233.0
2025-11-01,NBL-1075,398.0,0.0,7,233.0
2025-11-08,NBL-1075,450.0,0.0,7,233.0
2025-11-15,NBL-1075,271.0,0.0,7,233.0
2025-11-22,NBL-1075,283.0,0.0,7,233.0
2025-11-29,NBL-1075,336.0,0.0,7,233.0
2025-12-06,NBL-1075,404.0,0.0,7,233.0
2025-12-13,NBL-1075,466.0,0.0,7,233.0
2025-12-20,NBL-1075,327.0,0.0,7,233.0
2025-12-27,NBL-1075,390.0,0.0,7,233.0
2026-01-03,NBL-1075,243.0,0.0,7,233.0
2026-01-10,NBL-1075,288.0,0.0,7,233.0
2026-01-17,NBL-1075,397.0,0.0,7,233.0
2026-01-24,NBL-1075,499.0,0.0,7,233.0
2026-01-31,NBL-1075,368.0,0.0,7,233.0
2026-02-07,NBL-1075,452.0,0.0,7,233.0
2026-02-14,NBL-1075,278.0,0.0,7,233.0
2026-02-21,NBL-1075,345.0,0.0,7,233.0
2026-02-28,NBL-1075,446.0,0.0,7,233.0
2026-03-07,NBL-1075,242.0,0.0,7,233.0
2026-03-14,NBL-1075,354.0,0.0,7,233.0
2026-03-21,NBL-1075,401.0,0.0,7,233.0
2026-03-28,NBL-1075,242.0,0.0,7,233.0
2026-04-04,NBL-1075,308.0,0.0,7,233.0
2026-04-11,NBL-1075,342.0,0.0,7,233.0
2026-04-18,NBL-1075,391.0,0.0,7,233.0
2026-04-25,NBL-1075,398.0,0.0,7,233.0
2026-05-02,NBL-1075,374.0,0.0,7,233.0
2026-05-09,NBL-1075,373.0,0.0,7,233.0
2026-05-16,NBL-1075,356.0,0.0,7,233.0
2026-05-23,NBL-1075,278.0,0.0,7,233.0
2026-05-30,NBL-1075,311.0,0.0,7,233.0
2026-06-06,NBL-1075,285.0,0.0,7,233.0
2026-06-13,NBL-1075,269.0,0.0,7,233.0
2026-06-20,NBL-1075,272.0,0.0,7,233.0
2026-06-27,NBL-1075,269.0,0.0,7,233.0
2026-07-04,NBL-1075,269.0,0.0,7,233.0
2026-07-11,NBL-1075,269.0,0.0,7,233.0
2024-07-13,NBL-1076,628.0,0.0,28,443.0
2024-07-20,NBL-1076,486.0,0.0,28,443.0
2024-07-27,NBL-1076,345.0,511.0,28,443.0
2024-08-03,NBL-1076,212.0,511.0,28,443.0
2024-08-10,NBL-1076,573.0,0.0,28,443.0
2024-08-17,NBL-1076,436.0,511.0,28,443.0
2024-08-24,NBL-1076,292.0,511.0,28,443.0
2024-08-31,NBL-1076,175.0,511.0,28,443.0
2024-09-07,NBL-1076,541.0,0.0,28,443.0
2024-09-14,NBL-1076,406.0,511.0,28,443.0
2024-09-21,NBL-1076,292.0,511.0,28,443.0
2024-09-28,NBL-1076,173.0,511.0,28,443.0
2024-10-05,NBL-1076,535.0,0.0,28,443.0
2024-10-12,NBL-1076,376.0,511.0,28,443.0
2024-10-19,NBL-1076,249.0,511.0,28,443.0
2024-10-26,NBL-1076,121.0,511.0,28,443.0
2024-11-02,NBL-1076,521.0,0.0,28,443.0
2024-11-09,NBL-1076,400.0,511.0,28,443.0
2024-11-16,NBL-1076,286.0,511.0,28,443.0
2024-11-23,NBL-1076,166.0,511.0,28,443.0
2024-11-30,NBL-1076,608.0,0.0,28,443.0
2024-12-07,NBL-1076,512.0,0.0,28,443.0
2024-12-14,NBL-1076,412.0,511.0,28,443.0
2024-12-21,NBL-1076,338.0,511.0,28,443.0
2024-12-28,NBL-1076,756.0,0.0,28,443.0
2025-01-04,NBL-1076,678.0,0.0,28,443.0
2025-01-11,NBL-1076,557.0,0.0,28,443.0
2025-01-18,NBL-1076,472.0,0.0,28,443.0
2025-01-25,NBL-1076,883.0,0.0,28,443.0
2025-02-01,NBL-1076,795.0,0.0,28,443.0
2025-02-08,NBL-1076,723.0,0.0,28,443.0
2025-02-15,NBL-1076,630.0,0.0,28,443.0
2025-02-22,NBL-1076,520.0,0.0,28,443.0
2025-03-01,NBL-1076,411.0,511.0,28,443.0
2025-03-08,NBL-1076,320.0,511.0,28,443.0
2025-03-15,NBL-1076,198.0,511.0,28,443.0
2025-03-22,NBL-1076,629.0,0.0,28,443.0
2025-03-29,NBL-1076,533.0,0.0,28,443.0
2025-04-05,NBL-1076,408.0,511.0,28,443.0
2025-04-12,NBL-1076,297.0,511.0,28,443.0
2025-04-19,NBL-1076,713.0,0.0,28,443.0
2025-04-26,NBL-1076,617.0,0.0,28,443.0
2025-05-03,NBL-1076,510.0,0.0,28,443.0
2025-05-10,NBL-1076,397.0,511.0,28,443.0
2025-05-17,NBL-1076,795.0,0.0,28,443.0
2025-05-24,NBL-1076,671.0,0.0,28,443.0
2025-05-31,NBL-1076,572.0,0.0,28,443.0
2025-06-07,NBL-1076,444.0,0.0,28,443.0
2025-06-14,NBL-1076,851.0,0.0,28,443.0
2025-06-21,NBL-1076,717.0,0.0,28,443.0
2025-06-28,NBL-1076,568.0,0.0,28,443.0
2025-07-05,NBL-1076,413.0,511.0,28,443.0
2025-07-12,NBL-1076,820.0,0.0,28,443.0
2025-07-19,NBL-1076,713.0,0.0,28,443.0
2025-07-26,NBL-1076,591.0,0.0,28,443.0
2025-08-02,NBL-1076,480.0,0.0,28,443.0
2025-08-09,NBL-1076,878.0,0.0,28,443.0
2025-08-16,NBL-1076,750.0,0.0,28,443.0
2025-08-23,NBL-1076,665.0,0.0,28,443.0
2025-08-30,NBL-1076,555.0,0.0,28,443.0
2025-09-06,NBL-1076,952.0,0.0,28,443.0
2025-09-13,NBL-1076,848.0,0.0,28,443.0
2025-09-20,NBL-1076,733.0,0.0,28,443.0
2025-09-27,NBL-1076,598.0,0.0,28,443.0
2025-10-04,NBL-1076,506.0,0.0,28,443.0
2025-10-11,NBL-1076,399.0,511.0,28,443.0
2025-10-18,NBL-1076,285.0,511.0,28,443.0
2025-10-25,NBL-1076,172.0,511.0,28,443.0
2025-11-01,NBL-1076,605.0,0.0,28,443.0
2025-11-08,NBL-1076,499.0,0.0,28,443.0
2025-11-15,NBL-1076,398.0,511.0,28,443.0
2025-11-22,NBL-1076,312.0,511.0,28,443.0
2025-11-29,NBL-1076,733.0,0.0,28,443.0
2025-12-06,NBL-1076,665.0,0.0,28,443.0
2025-12-13,NBL-1076,596.0,0.0,28,443.0
2025-12-20,NBL-1076,511.0,0.0,28,443.0
2025-12-27,NBL-1076,948.0,0.0,28,443.0
2026-01-03,NBL-1076,865.0,0.0,28,443.0
2026-01-10,NBL-1076,783.0,0.0,28,443.0
2026-01-17,NBL-1076,701.0,0.0,28,443.0
2026-01-24,NBL-1076,628.0,0.0,28,443.0
2026-01-31,NBL-1076,553.0,0.0,28,443.0
2026-02-07,NBL-1076,454.0,0.0,28,443.0
2026-02-14,NBL-1076,376.0,511.0,28,443.0
2026-02-21,NBL-1076,796.0,0.0,28,443.0
2026-02-28,NBL-1076,715.0,0.0,28,443.0
2026-03-07,NBL-1076,652.0,0.0,28,443.0
2026-03-14,NBL-1076,556.0,0.0,28,443.0
2026-03-21,NBL-1076,485.0,0.0,28,443.0
2026-03-28,NBL-1076,416.0,511.0,28,443.0
2026-04-04,NBL-1076,322.0,511.0,28,443.0
2026-04-11,NBL-1076,239.0,511.0,28,443.0
2026-04-18,NBL-1076,661.0,0.0,28,443.0
2026-04-25,NBL-1076,596.0,0.0,28,443.0
2026-05-02,NBL-1076,501.0,0.0,28,443.0
2026-05-09,NBL-1076,425.0,511.0,28,443.0
2026-05-16,NBL-1076,840.0,0.0,28,443.0
2026-05-23,NBL-1076,750.0,0.0,28,443.0
2026-05-30,NBL-1076,666.0,0.0,28,443.0
2026-06-06,NBL-1076,568.0,0.0,28,443.0
2026-06-13,NBL-1076,476.0,0.0,28,443.0
2026-06-20,NBL-1076,357.0,511.0,28,443.0
2026-06-27,NBL-1076,253.0,511.0,28,443.0
2026-07-04,NBL-1076,170.0,511.0,28,443.0
2026-07-11,NBL-1076,599.0,0.0,28,443.0
2024-07-13,NBL-1077,353.0,0.0,7,219.0
2024-07-20,NBL-1077,288.0,0.0,7,219.0
2024-07-27,NBL-1077,266.0,0.0,7,219.0
2024-08-03,NBL-1077,253.0,0.0,7,219.0
2024-08-10,NBL-1077,253.0,0.0,7,219.0
2024-08-17,NBL-1077,253.0,0.0,7,219.0
2024-08-24,NBL-1077,253.0,0.0,7,219.0
2024-08-31,NBL-1077,253.0,0.0,7,219.0
2024-09-07,NBL-1077,253.0,0.0,7,219.0
2024-09-14,NBL-1077,253.0,0.0,7,219.0
2024-09-21,NBL-1077,253.0,0.0,7,219.0
2024-09-28,NBL-1077,301.0,0.0,7,219.0
2024-10-05,NBL-1077,283.0,0.0,7,219.0
2024-10-12,NBL-1077,254.0,,7,219.0
2024-10-19,NBL-1077,253.0,0.0,7,219.0
2024-10-26,NBL-1077,293.0,0.0,7,219.0
2024-11-02,NBL-1077,253.0,0.0,7,219.0
2024-11-09,NBL-1077,253.0,0.0,7,219.0
2024-11-16,NBL-1077,253.0,0.0,7,219.0
2024-11-23,NBL-1077,317.0,0.0,7,219.0
2024-11-30,NBL-1077,355.0,0.0,7,219.0
2024-12-07,NBL-1077,389.0,0.0,7,219.0
2024-12-14,NBL-1077,434.0,0.0,7,219.0
2024-12-21,NBL-1077,457.0,0.0,7,219.0
2024-12-28,NBL-1077,281.0,,7,219.0
2025-01-04,NBL-1077,329.0,0.0,7,219.0
2025-01-11,NBL-1077,378.0,0.0,7,219.0
2025-01-18,NBL-1077,415.0,0.0,7,219.0
2025-01-25,NBL-1077,456.0,0.0,7,219.0
2025-02-01,NBL-1077,262.0,0.0,7,219.0
2025-02-08,NBL-1077,346.0,0.0,7,219.0
2025-02-15,NBL-1077,341.0,0.0,7,219.0
2025-02-22,NBL-1077,373.0,0.0,7,219.0
2025-03-01,NBL-1077,337.0,0.0,7,219.0
2025-03-08,NBL-1077,336.0,0.0,7,219.0
2025-03-15,NBL-1077,349.0,0.0,7,219.0
2025-03-22,NBL-1077,370.0,0.0,7,219.0
2025-03-29,NBL-1077,253.0,0.0,7,219.0
2025-04-05,NBL-1077,261.0,0.0,7,219.0
2025-04-12,NBL-1077,257.0,0.0,7,219.0
2025-04-19,NBL-1077,253.0,0.0,7,219.0
2025-04-26,NBL-1077,253.0,0.0,7,219.0
2025-05-03,NBL-1077,253.0,0.0,7,219.0
2025-05-10,NBL-1077,253.0,0.0,7,219.0
2025-05-17,NBL-1077,253.0,0.0,7,219.0
2025-05-24,NBL-1077,253.0,0.0,7,219.0
2025-05-31,NBL-1077,253.0,0.0,7,219.0
2025-06-07,NBL-1077,253.0,0.0,7,219.0
2025-06-14,NBL-1077,253.0,0.0,7,219.0
2025-06-21,NBL-1077,253.0,0.0,7,219.0
2025-06-28,NBL-1077,253.0,0.0,7,219.0
2025-07-05,NBL-1077,253.0,0.0,7,219.0
2025-07-12,NBL-1077,253.0,0.0,7,219.0
2025-07-19,NBL-1077,253.0,0.0,7,219.0
2025-07-26,NBL-1077,253.0,0.0,7,219.0
2025-08-02,NBL-1077,253.0,0.0,7,219.0
2025-08-09,NBL-1077,253.0,0.0,7,219.0
2025-08-16,NBL-1077,253.0,0.0,7,219.0
2025-08-23,NBL-1077,253.0,0.0,7,219.0
2025-08-30,NBL-1077,253.0,0.0,7,219.0
2025-09-06,NBL-1077,253.0,0.0,7,219.0
2025-09-13,NBL-1077,253.0,0.0,7,219.0
2025-09-20,NBL-1077,253.0,0.0,7,219.0
2025-09-27,NBL-1077,253.0,0.0,7,219.0
2025-10-04,NBL-1077,253.0,0.0,7,219.0
2025-10-11,NBL-1077,253.0,0.0,7,219.0
2025-10-18,NBL-1077,253.0,0.0,7,219.0
2025-10-25,NBL-1077,253.0,0.0,7,219.0
2025-11-01,NBL-1077,253.0,0.0,7,219.0
2025-11-08,NBL-1077,253.0,0.0,7,219.0
2025-11-15,NBL-1077,253.0,0.0,7,219.0
2025-11-22,NBL-1077,253.0,0.0,7,219.0
2025-11-29,NBL-1077,253.0,0.0,7,219.0
2025-12-06,NBL-1077,253.0,0.0,7,219.0
2025-12-13,NBL-1077,253.0,0.0,7,219.0
2025-12-20,NBL-1077,253.0,0.0,7,219.0
2025-12-27,NBL-1077,259.0,0.0,7,219.0
2026-01-03,NBL-1077,267.0,0.0,7,219.0
2026-01-10,NBL-1077,268.0,0.0,7,219.0
2026-01-17,NBL-1077,253.0,0.0,7,219.0
2026-01-24,NBL-1077,253.0,0.0,7,219.0
2026-01-31,NBL-1077,285.0,0.0,7,219.0
2026-02-07,NBL-1077,306.0,0.0,7,219.0
2026-02-14,NBL-1077,271.0,0.0,7,219.0
2026-02-21,NBL-1077,253.0,0.0,7,219.0
2026-02-28,NBL-1077,253.0,0.0,7,219.0
2026-03-07,NBL-1077,253.0,0.0,7,219.0
2026-03-14,NBL-1077,253.0,0.0,7,219.0
2026-03-21,NBL-1077,253.0,0.0,7,219.0
2026-03-28,NBL-1077,253.0,0.0,7,219.0
2026-04-04,NBL-1077,253.0,0.0,7,219.0
2026-04-11,NBL-1077,253.0,0.0,7,219.0
2026-04-18,NBL-1077,253.0,0.0,7,219.0
2026-04-25,NBL-1077,253.0,0.0,7,219.0
2026-05-02,NBL-1077,253.0,0.0,7,219.0
2026-05-09,NBL-1077,253.0,0.0,7,219.0
2026-05-16,NBL-1077,253.0,0.0,7,219.0
2026-05-23,NBL-1077,253.0,0.0,7,219.0
2026-05-30,NBL-1077,253.0,0.0,7,219.0
2026-06-06,NBL-1077,253.0,0.0,7,219.0
2026-06-13,NBL-1077,253.0,0.0,7,219.0
2026-06-20,NBL-1077,253.0,0.0,7,219.0
2026-06-27,NBL-1077,253.0,0.0,7,219.0
2026-07-04,NBL-1077,253.0,0.0,7,219.0
2026-07-11,NBL-1077,253.0,0.0,7,219.0
2024-07-13,NBL-1078,153.0,0.0,7,24.0
2024-07-20,NBL-1078,127.0,0.0,7,24.0
2024-07-27,NBL-1078,84.0,0.0,7,24.0
2024-08-03,NBL-1078,65.0,0.0,7,24.0
2024-08-10,NBL-1078,36.0,0.0,7,24.0
2024-08-17,NBL-1078,35.0,0.0,7,24.0
2024-08-24,NBL-1078,27.0,0.0,7,24.0
2024-08-31,NBL-1078,38.0,0.0,7,24.0
2024-09-07,NBL-1078,40.0,0.0,7,24.0
2024-09-14,NBL-1078,47.0,0.0,7,24.0
2024-09-21,NBL-1078,48.0,0.0,7,24.0
2024-09-28,NBL-1078,28.0,0.0,7,24.0
2024-10-05,NBL-1078,29.0,0.0,7,24.0
2024-10-12,NBL-1078,31.0,0.0,7,24.0
2024-10-19,NBL-1078,35.0,,7,24.0
2024-10-26,NBL-1078,40.0,0.0,7,24.0
2024-11-02,NBL-1078,46.0,0.0,7,24.0
2024-11-09,NBL-1078,51.0,0.0,7,24.0
2024-11-16,NBL-1078,50.0,0.0,7,24.0
2024-11-23,NBL-1078,49.0,0.0,7,24.0
2024-11-30,NBL-1078,31.0,0.0,7,24.0
2024-12-07,NBL-1078,43.0,0.0,7,24.0
2024-12-14,NBL-1078,48.0,0.0,7,24.0
2024-12-21,NBL-1078,31.0,0.0,7,24.0
2024-12-28,NBL-1078,35.0,0.0,7,24.0
2025-01-04,NBL-1078,44.0,0.0,7,24.0
2025-01-11,NBL-1078,27.0,0.0,7,24.0
2025-01-18,NBL-1078,27.0,0.0,7,24.0
2025-01-25,NBL-1078,38.0,0.0,7,24.0
2025-02-01,NBL-1078,48.0,0.0,7,24.0
2025-02-08,NBL-1078,32.0,0.0,7,24.0
2025-02-15,NBL-1078,39.0,0.0,7,24.0
2025-02-22,NBL-1078,36.0,0.0,7,24.0
2025-03-01,NBL-1078,45.0,0.0,7,24.0
2025-03-08,NBL-1078,33.0,0.0,7,24.0
2025-03-15,NBL-1078,42.0,0.0,7,24.0
2025-03-22,NBL-1078,41.0,0.0,7,24.0
2025-03-29,NBL-1078,45.0,0.0,7,24.0
2025-04-05,NBL-1078,34.0,0.0,7,24.0
2025-04-12,NBL-1078,36.0,0.0,7,24.0
2025-04-19,NBL-1078,39.0,0.0,7,24.0
2025-04-26,NBL-1078,29.0,0.0,7,24.0
2025-05-03,NBL-1078,39.0,0.0,7,24.0
2025-05-10,NBL-1078,48.0,0.0,7,24.0
2025-05-17,NBL-1078,48.0,0.0,7,24.0
2025-05-24,NBL-1078,29.0,0.0,7,24.0
2025-05-31,NBL-1078,34.0,0.0,7,24.0
2025-06-07,NBL-1078,43.0,0.0,7,24.0
2025-06-14,NBL-1078,29.0,0.0,7,24.0
2025-06-21,NBL-1078,40.0,0.0,7,24.0
2025-06-28,NBL-1078,51.0,0.0,7,24.0
2025-07-05,NBL-1078,34.0,0.0,7,24.0
2025-07-12,NBL-1078,34.0,0.0,7,24.0
2025-07-19,NBL-1078,39.0,0.0,7,24.0
2025-07-26,NBL-1078,25.0,0.0,7,24.0
2025-08-02,NBL-1078,37.0,0.0,7,24.0
2025-08-09,NBL-1078,43.0,0.0,7,24.0
2025-08-16,NBL-1078,32.0,0.0,7,24.0
2025-08-23,NBL-1078,32.0,0.0,7,24.0
2025-08-30,NBL-1078,27.0,0.0,7,24.0
2025-09-06,NBL-1078,33.0,0.0,7,24.0
2025-09-13,NBL-1078,34.0,0.0,7,24.0
2025-09-20,NBL-1078,44.0,0.0,7,24.0
2025-09-27,NBL-1078,43.0,0.0,7,24.0
2025-10-04,NBL-1078,50.0,0.0,7,24.0
2025-10-11,NBL-1078,33.0,0.0,7,24.0
2025-10-18,NBL-1078,46.0,0.0,7,24.0
2025-10-25,NBL-1078,33.0,0.0,7,24.0
2025-11-01,NBL-1078,33.0,0.0,7,24.0
2025-11-08,NBL-1078,25.0,0.0,7,24.0
2025-11-15,NBL-1078,41.0,0.0,7,24.0
2025-11-22,NBL-1078,30.0,0.0,7,24.0
2025-11-29,NBL-1078,44.0,0.0,7,24.0
2025-12-06,NBL-1078,32.0,0.0,7,24.0
2025-12-13,NBL-1078,46.0,0.0,7,24.0
2025-12-20,NBL-1078,25.0,0.0,7,24.0
2025-12-27,NBL-1078,39.0,0.0,7,24.0
2026-01-03,NBL-1078,50.0,0.0,7,24.0
2026-01-10,NBL-1078,44.0,0.0,7,24.0
2026-01-17,NBL-1078,30.0,0.0,7,24.0
2026-01-24,NBL-1078,24.0,0.0,7,24.0
2026-01-31,NBL-1078,35.0,,7,24.0
2026-02-07,NBL-1078,44.0,0.0,7,24.0
2026-02-14,NBL-1078,33.0,0.0,7,24.0
2026-02-21,NBL-1078,47.0,0.0,7,24.0
2026-02-28,NBL-1078,33.0,0.0,7,24.0
2026-03-07,NBL-1078,40.0,0.0,7,24.0
2026-03-14,NBL-1078,27.0,0.0,7,24.0
2026-03-21,NBL-1078,47.0,0.0,7,24.0
2026-03-28,NBL-1078,32.0,0.0,7,24.0
2026-04-04,NBL-1078,43.0,0.0,7,24.0
2026-04-11,NBL-1078,33.0,0.0,7,24.0
2026-04-18,NBL-1078,40.0,0.0,7,24.0
2026-04-25,NBL-1078,50.0,0.0,7,24.0
2026-05-02,NBL-1078,38.0,0.0,7,24.0
2026-05-09,NBL-1078,50.0,0.0,7,24.0
2026-05-16,NBL-1078,37.0,0.0,7,24.0
2026-05-23,NBL-1078,43.0,0.0,7,24.0
2026-05-30,NBL-1078,27.0,0.0,7,24.0
2026-06-06,NBL-1078,32.0,0.0,7,24.0
2026-06-13,NBL-1078,51.0,0.0,7,24.0
2026-06-20,NBL-1078,28.0,0.0,7,24.0
2026-06-27,NBL-1078,45.0,0.0,7,24.0
2026-07-04,NBL-1078,49.0,0.0,7,24.0
2026-07-11,NBL-1078,27.0,0.0,7,24.0
2024-07-13,NBL-1079,500.0,0.0,14,250.0
2024-07-20,NBL-1079,319.0,0.0,14,250.0
2024-07-27,NBL-1079,438.0,0.0,14,250.0
2024-08-03,NBL-1079,283.0,0.0,14,250.0
2024-08-10,NBL-1079,421.0,0.0,14,250.0
2024-08-17,NBL-1079,242.0,288.0,14,250.0
2024-08-24,NBL-1079,364.0,0.0,14,250.0
2024-08-31,NBL-1079,187.0,288.0,14,250.0
2024-09-07,NBL-1079,292.0,0.0,14,250.0
2024-09-14,NBL-1079,126.0,288.0,14,250.0
2024-09-21,NBL-1079,288.0,0.0,14,250.0
2024-09-28,NBL-1079,105.0,288.0,14,250.0
2024-10-05,NBL-1079,288.0,0.0,14,250.0
2024-10-12,NBL-1079,148.0,288.0,14,250.0
2024-10-19,NBL-1079,288.0,0.0,14,250.0
2024-10-26,NBL-1079,159.0,288.0,14,250.0
2024-11-02,NBL-1079,310.0,0.0,14,250.0
2024-11-09,NBL-1079,136.0,288.0,14,250.0
2024-11-16,NBL-1079,299.0,0.0,14,250.0
2024-11-23,NBL-1079,162.0,288.0,14,250.0
2024-11-30,NBL-1079,346.0,0.0,14,250.0
2024-12-07,NBL-1079,239.0,288.0,14,250.0
2024-12-14,NBL-1079,381.0,0.0,14,250.0
2024-12-21,NBL-1079,257.0,0.0,14,250.0
2024-12-28,NBL-1079,411.0,0.0,14,250.0
2025-01-04,NBL-1079,297.0,0.0,14,250.0
2025-01-11,NBL-1079,462.0,0.0,14,250.0
2025-01-18,NBL-1079,325.0,0.0,14,250.0
2025-01-25,NBL-1079,491.0,0.0,14,250.0
2025-02-01,NBL-1079,353.0,0.0,14,250.0
2025-02-08,NBL-1079,501.0,0.0,14,250.0
2025-02-15,NBL-1079,377.0,0.0,14,250.0
2025-02-22,NBL-1079,536.0,0.0,14,250.0
2025-03-01,NBL-1079,349.0,0.0,14,250.0
2025-03-08,NBL-1079,517.0,0.0,14,250.0
2025-03-15,NBL-1079,367.0,0.0,14,250.0
2025-03-22,NBL-1079,479.0,0.0,14,250.0
2025-03-29,NBL-1079,313.0,0.0,14,250.0
2025-04-05,NBL-1079,464.0,0.0,14,250.0
2025-04-12,NBL-1079,297.0,0.0,14,250.0
2025-04-19,NBL-1079,430.0,0.0,14,250.0
2025-04-26,NBL-1079,276.0,0.0,14,250.0
2025-05-03,NBL-1079,398.0,0.0,14,250.0
2025-05-10,NBL-1079,196.0,288.0,14,250.0
2025-05-17,NBL-1079,288.0,0.0,14,250.0
2025-05-24,NBL-1079,101.0,288.0,14,250.0
2025-05-31,NBL-1079,288.0,0.0,14,250.0
2025-06-07,NBL-1079,71.0,288.0,14,250.0
2025-06-14,NBL-1079,288.0,0.0,14,250.0
2025-06-21,NBL-1079,61.0,288.0,14,250.0
2025-06-28,NBL-1079,288.0,0.0,14,250.0
2025-07-05,NBL-1079,52.0,288.0,14,250.0
2025-07-12,NBL-1079,288.0,0.0,14,250.0
2025-07-19,NBL-1079,57.0,288.0,14,250.0
2025-07-26,NBL-1079,288.0,0.0,14,250.0
2025-08-02,NBL-1079,70.0,288.0,14,250.0
2025-08-09,NBL-1079,288.0,0.0,14,250.0
2025-08-16,NBL-1079,63.0,288.0,14,250.0
2025-08-23,NBL-1079,288.0,0.0,14,250.0
2025-08-30,NBL-1079,48.0,288.0,14,250.0
2025-09-06,NBL-1079,288.0,0.0,14,250.0
2025-09-13,NBL-1079,90.0,288.0,14,250.0
2025-09-20,NBL-1079,288.0,0.0,14,250.0
2025-09-27,NBL-1079,56.0,288.0,14,250.0
2025-10-04,NBL-1079,288.0,0.0,14,250.0
2025-10-11,NBL-1079,100.0,288.0,14,250.0
2025-10-18,NBL-1079,288.0,0.0,14,250.0
2025-10-25,NBL-1079,75.0,288.0,14,250.0
2025-11-01,NBL-1079,288.0,0.0,14,250.0
2025-11-08,NBL-1079,128.0,288.0,14,250.0
2025-11-15,NBL-1079,288.0,0.0,14,250.0
2025-11-22,NBL-1079,64.0,288.0,14,250.0
2025-11-29,NBL-1079,288.0,0.0,14,250.0
2025-12-06,NBL-1079,127.0,288.0,14,250.0
2025-12-13,NBL-1079,288.0,0.0,14,250.0
2025-12-20,NBL-1079,114.0,288.0,14,250.0
2025-12-27,NBL-1079,288.0,0.0,14,250.0
2026-01-03,NBL-1079,105.0,288.0,14,250.0
2026-01-10,NBL-1079,288.0,0.0,14,250.0
2026-01-17,NBL-1079,120.0,288.0,14,250.0
2026-01-24,NBL-1079,288.0,0.0,14,250.0
2026-01-31,NBL-1079,109.0,288.0,14,250.0
2026-02-07,NBL-1079,288.0,0.0,14,250.0
2026-02-14,NBL-1079,57.0,288.0,14,250.0
2026-02-21,NBL-1079,288.0,0.0,14,250.0
2026-02-28,NBL-1079,111.0,288.0,14,250.0
2026-03-07,NBL-1079,288.0,0.0,14,250.0
2026-03-14,NBL-1079,125.0,288.0,14,250.0
2026-03-21,NBL-1079,288.0,0.0,14,250.0
2026-03-28,NBL-1079,86.0,288.0,14,250.0
2026-04-04,NBL-1079,288.0,0.0,14,250.0
2026-04-11,NBL-1079,62.0,288.0,14,250.0
2026-04-18,NBL-1079,288.0,0.0,14,250.0
2026-04-25,NBL-1079,83.0,288.0,14,250.0
2026-05-02,NBL-1079,288.0,0.0,14,250.0
2026-05-09,NBL-1079,27.0,288.0,14,250.0
2026-05-16,NBL-1079,288.0,0.0,14,250.0
2026-05-23,NBL-1079,54.0,288.0,14,250.0
2026-05-30,NBL-1079,288.0,0.0,14,250.0
2026-06-06,NBL-1079,11.0,288.0,14,250.0
2026-06-13,NBL-1079,288.0,0.0,14,250.0
2026-06-20,NBL-1079,0.0,288.0,14,250.0
2026-06-27,NBL-1079,288.0,0.0,14,250.0
2026-07-04,NBL-1079,0.0,288.0,14,250.0
2026-07-11,NBL-1079,288.0,0.0,14,250.0
2024-07-13,NBL-1080,258.0,0.0,10,183.0
2024-07-20,NBL-1080,232.0,0.0,10,183.0
2024-07-27,NBL-1080,216.0,0.0,10,183.0
2024-08-03,NBL-1080,203.0,0.0,10,183.0
2024-08-10,NBL-1080,164.0,211.0,10,183.0
2024-08-17,NBL-1080,354.0,0.0,10,183.0
2024-08-24,NBL-1080,326.0,0.0,10,183.0
2024-08-31,NBL-1080,307.0,0.0,10,183.0
2024-09-07,NBL-1080,284.0,0.0,10,183.0
2024-09-14,NBL-1080,271.0,0.0,10,183.0
2024-09-21,NBL-1080,250.0,0.0,10,183.0
2024-09-28,NBL-1080,230.0,0.0,10,183.0
2024-10-05,NBL-1080,209.0,0.0,10,183.0
2024-10-12,NBL-1080,183.0,0.0,10,183.0
2024-10-19,NBL-1080,165.0,211.0,10,183.0
2024-10-26,NBL-1080,358.0,0.0,10,183.0
2024-11-02,NBL-1080,327.0,0.0,10,183.0
2024-11-09,NBL-1080,311.0,0.0,10,183.0
2024-11-16,NBL-1080,294.0,0.0,10,183.0
2024-11-23,NBL-1080,275.0,0.0,10,183.0
2024-11-30,NBL-1080,255.0,0.0,10,183.0
2024-12-07,NBL-1080,246.0,0.0,10,183.0
2024-12-14,NBL-1080,227.0,0.0,10,183.0
2024-12-21,NBL-1080,214.0,0.0,10,183.0
2024-12-28,NBL-1080,192.0,0.0,10,183.0
2025-01-04,NBL-1080,173.0,211.0,10,183.0
2025-01-11,NBL-1080,352.0,0.0,10,183.0
2025-01-18,NBL-1080,334.0,0.0,10,183.0
2025-01-25,NBL-1080,321.0,0.0,10,183.0
2025-02-01,NBL-1080,306.0,0.0,10,183.0
2025-02-08,NBL-1080,291.0,0.0,10,183.0
2025-02-15,NBL-1080,274.0,0.0,10,183.0
2025-02-22,NBL-1080,252.0,0.0,10,183.0
2025-03-01,NBL-1080,238.0,0.0,10,183.0
2025-03-08,NBL-1080,224.0,0.0,10,183.0
2025-03-15,NBL-1080,209.0,0.0,10,183.0
2025-03-22,NBL-1080,191.0,0.0,10,183.0
2025-03-29,NBL-1080,172.0,211.0,10,183.0
2025-04-05,NBL-1080,351.0,0.0,10,183.0
2025-04-12,NBL-1080,318.0,0.0,10,183.0
2025-04-19,NBL-1080,288.0,0.0,10,183.0
2025-04-26,NBL-1080,269.0,0.0,10,183.0
2025-05-03,NBL-1080,252.0,0.0,10,183.0
2025-05-10,NBL-1080,224.0,0.0,10,183.0
2025-05-17,NBL-1080,206.0,0.0,10,183.0
2025-05-24,NBL-1080,176.0,211.0,10,183.0
2025-05-31,NBL-1080,358.0,0.0,10,183.0
2025-06-07,NBL-1080,332.0,0.0,10,183.0
2025-06-14,NBL-1080,282.0,0.0,10,183.0
2025-06-21,NBL-1080,251.0,0.0,10,183.0
2025-06-28,NBL-1080,226.0,0.0,10,183.0
2025-07-05,NBL-1080,201.0,0.0,10,183.0
2025-07-12,NBL-1080,174.0,211.0,10,183.0
2025-07-19,NBL-1080,363.0,0.0,10,183.0
2025-07-26,NBL-1080,324.0,0.0,10,183.0
2025-08-02,NBL-1080,283.0,0.0,10,183.0
2025-08-09,NBL-1080,246.0,0.0,10,183.0
2025-08-16,NBL-1080,221.0,0.0,10,183.0
2025-08-23,NBL-1080,188.0,0.0,10,183.0
2025-08-30,NBL-1080,370.0,0.0,10,183.0
2025-09-06,NBL-1080,343.0,0.0,10,183.0
2025-09-13,NBL-1080,305.0,0.0,10,183.0
2025-09-20,NBL-1080,265.0,0.0,10,183.0
2025-09-27,NBL-1080,234.0,0.0,10,183.0
2025-10-04,NBL-1080,204.0,0.0,10,183.0
2025-10-11,NBL-1080,184.0,0.0,10,183.0
2025-10-18,NBL-1080,366.0,0.0,10,183.0
2025-10-25,NBL-1080,335.0,0.0,10,183.0
2025-11-01,NBL-1080,308.0,0.0,10,183.0
2025-11-08,NBL-1080,279.0,0.0,10,183.0
2025-11-15,NBL-1080,257.0,0.0,10,183.0
2025-11-22,NBL-1080,225.0,0.0,10,183.0
2025-11-29,NBL-1080,208.0,0.0,10,183.0
2025-12-06,NBL-1080,185.0,0.0,10,183.0
2025-12-13,NBL-1080,163.0,211.0,10,183.0
2025-12-20,NBL-1080,344.0,0.0,10,183.0
2025-12-27,NBL-1080,321.0,0.0,10,183.0
2026-01-03,NBL-1080,310.0,0.0,10,183.0
2026-01-10,NBL-1080,292.0,0.0,10,183.0
2026-01-17,NBL-1080,268.0,0.0,10,183.0
2026-01-24,NBL-1080,249.0,0.0,10,183.0
2026-01-31,NBL-1080,216.0,0.0,10,183.0
2026-02-07,NBL-1080,201.0,0.0,10,183.0
2026-02-14,NBL-1080,383.0,0.0,10,183.0
2026-02-21,NBL-1080,372.0,0.0,10,183.0
2026-02-28,NBL-1080,352.0,0.0,10,183.0
2026-03-07,NBL-1080,331.0,0.0,10,183.0
2026-03-14,NBL-1080,294.0,0.0,10,183.0
2026-03-21,NBL-1080,267.0,0.0,10,183.0
2026-03-28,NBL-1080,244.0,0.0,10,183.0
2026-04-04,NBL-1080,223.0,0.0,10,183.0
2026-04-11,NBL-1080,204.0,0.0,10,183.0
2026-04-18,NBL-1080,178.0,211.0,10,183.0
2026-04-25,NBL-1080,359.0,0.0,10,183.0
2026-05-02,NBL-1080,323.0,0.0,10,183.0
2026-05-09,NBL-1080,293.0,0.0,10,183.0
2026-05-16,NBL-1080,249.0,0.0,10,183.0
2026-05-23,NBL-1080,204.0,0.0,10,183.0
2026-05-30,NBL-1080,165.0,211.0,10,183.0
2026-06-06,NBL-1080,338.0,0.0,10,183.0
2026-06-13,NBL-1080,304.0,0.0,10,183.0
2026-06-20,NBL-1080,266.0,0.0,10,183.0
2026-06-27,NBL-1080,231.0,0.0,10,183.0
2026-07-04,NBL-1080,180.0,211.0,10,183.0
2026-07-11,NBL-1080,140.0,211.0,10,183.0
2024-07-13,NBL-1081,309.0,0.0,14,65.0
2024-07-20,NBL-1081,267.0,0.0,14,65.0
2024-07-27,NBL-1081,230.0,0.0,14,65.0
2024-08-03,NBL-1081,190.0,0.0,14,65.0
2024-08-10,NBL-1081,142.0,0.0,14,65.0
2024-08-17,NBL-1081,106.0,0.0,14,65.0
2024-08-24,NBL-1081,72.0,0.0,14,65.0
2024-08-31,NBL-1081,28.0,75.0,14,65.0
2024-09-07,NBL-1081,75.0,0.0,14,65.0
2024-09-14,NBL-1081,37.0,75.0,14,65.0
2024-09-21,NBL-1081,79.0,0.0,14,65.0
2024-09-28,NBL-1081,30.0,75.0,14,65.0
2024-10-05,NBL-1081,75.0,0.0,14,65.0
2024-10-12,NBL-1081,46.0,75.0,14,65.0
2024-10-19,NBL-1081,87.0,0.0,14,65.0
2024-10-26,NBL-1081,56.0,75.0,14,65.0
2024-11-02,NBL-1081,93.0,0.0,14,65.0
2024-11-09,NBL-1081,64.0,75.0,14,65.0
2024-11-16,NBL-1081,106.0,0.0,14,65.0
2024-11-23,NBL-1081,77.0,0.0,14,65.0
2024-11-30,NBL-1081,121.0,0.0,14,65.0
2024-12-07,NBL-1081,86.0,0.0,14,65.0
2024-12-14,NBL-1081,132.0,0.0,14,65.0
2024-12-21,NBL-1081,104.0,0.0,14,65.0
2024-12-28,NBL-1081,68.0,0.0,14,65.0
2025-01-04,NBL-1081,33.0,75.0,14,65.0
2025-01-11,NBL-1081,75.0,0.0,14,65.0
2025-01-18,NBL-1081,35.0,75.0,14,65.0
2025-01-25,NBL-1081,75.0,0.0,14,65.0
2025-02-01,NBL-1081,46.0,75.0,14,65.0
2025-02-08,NBL-1081,91.0,0.0,14,65.0
2025-02-15,NBL-1081,48.0,75.0,14,65.0
2025-02-22,NBL-1081,93.0,0.0,14,65.0
2025-03-01,NBL-1081,53.0,75.0,14,65.0
2025-03-08,NBL-1081,103.0,0.0,14,65.0
2025-03-15,NBL-1081,60.0,75.0,14,65.0
2025-03-22,NBL-1081,108.0,0.0,14,65.0
2025-03-29,NBL-1081,72.0,0.0,14,65.0
2025-04-05,NBL-1081,117.0,0.0,14,65.0
2025-04-12,NBL-1081,85.0,0.0,14,65.0
2025-04-19,NBL-1081,124.0,0.0,14,65.0
2025-04-26,NBL-1081,94.0,0.0,14,65.0
2025-05-03,NBL-1081,129.0,0.0,14,65.0
2025-05-10,NBL-1081,81.0,0.0,14,65.0
2025-05-17,NBL-1081,108.0,0.0,14,65.0
2025-05-24,NBL-1081,60.0,75.0,14,65.0
2025-05-31,NBL-1081,89.0,0.0,14,65.0
2025-06-07,NBL-1081,39.0,75.0,14,65.0
2025-06-14,NBL-1081,75.0,0.0,14,65.0
2025-06-21,NBL-1081,31.0,75.0,14,65.0
2025-06-28,NBL-1081,75.0,0.0,14,65.0
2025-07-05,NBL-1081,29.0,75.0,14,65.0
2025-07-12,NBL-1081,75.0,0.0,14,65.0
2025-07-19,NBL-1081,43.0,75.0,14,65.0
2025-07-26,NBL-1081,81.0,0.0,14,65.0
2025-08-02,NBL-1081,33.0,75.0,14,65.0
2025-08-09,NBL-1081,75.0,0.0,14,65.0
2025-08-16,NBL-1081,37.0,,14,65.0
2025-08-23,NBL-1081,75.0,,14,65.0
2025-08-30,NBL-1081,46.0,75.0,14,65.0
2025-09-06,NBL-1081,76.0,0.0,14,65.0
2025-09-13,NBL-1081,24.0,75.0,14,65.0
2025-09-20,NBL-1081,75.0,0.0,14,65.0
2025-09-27,NBL-1081,36.0,75.0,14,65.0
2025-10-04,NBL-1081,75.0,0.0,14,65.0
2025-10-11,NBL-1081,44.0,75.0,14,65.0
2025-10-18,NBL-1081,78.0,0.0,14,65.0
2025-10-25,NBL-1081,45.0,75.0,14,65.0
2025-11-01,NBL-1081,84.0,0.0,14,65.0
2025-11-08,NBL-1081,36.0,75.0,14,65.0
2025-11-15,NBL-1081,75.0,0.0,14,65.0
2025-11-22,NBL-1081,38.0,75.0,14,65.0
2025-11-29,NBL-1081,75.0,0.0,14,65.0
2025-12-06,NBL-1081,35.0,75.0,14,65.0
2025-12-13,NBL-1081,75.0,0.0,14,65.0
2025-12-20,NBL-1081,41.0,75.0,14,65.0
2025-12-27,NBL-1081,79.0,0.0,14,65.0
2026-01-03,NBL-1081,41.0,75.0,14,65.0
2026-01-10,NBL-1081,75.0,0.0,14,65.0
2026-01-17,NBL-1081,35.0,75.0,14,65.0
2026-01-24,NBL-1081,75.0,0.0,14,65.0
2026-01-31,NBL-1081,31.0,75.0,14,65.0
2026-02-07,NBL-1081,75.0,0.0,14,65.0
2026-02-14,NBL-1081,44.0,75.0,14,65.0
2026-02-21,NBL-1081,82.0,0.0,14,65.0
2026-02-28,NBL-1081,38.0,75.0,14,65.0
2026-03-07,NBL-1081,75.0,0.0,14,65.0
2026-03-14,NBL-1081,34.0,75.0,14,65.0
2026-03-21,NBL-1081,75.0,0.0,14,65.0
2026-03-28,NBL-1081,29.0,75.0,14,65.0
2026-04-04,NBL-1081,75.0,0.0,14,65.0
2026-04-11,NBL-1081,40.0,75.0,14,65.0
2026-04-18,NBL-1081,75.0,0.0,14,65.0
2026-04-25,NBL-1081,24.0,75.0,14,65.0
2026-05-02,NBL-1081,75.0,0.0,14,65.0
2026-05-09,NBL-1081,28.0,75.0,14,65.0
2026-05-16,NBL-1081,75.0,0.0,14,65.0
2026-05-23,NBL-1081,28.0,75.0,14,65.0
2026-05-30,NBL-1081,75.0,0.0,14,65.0
2026-06-06,NBL-1081,32.0,75.0,14,65.0
2026-06-13,NBL-1081,75.0,0.0,14,65.0
2026-06-20,NBL-1081,23.0,75.0,14,65.0
2026-06-27,NBL-1081,75.0,0.0,14,65.0
2026-07-04,NBL-1081,25.0,75.0,14,65.0
2026-07-11,NBL-1081,75.0,0.0,14,65.0
2024-07-13,NBL-1082,738.0,0.0,28,532.0
2024-07-20,NBL-1082,586.0,0.0,28,532.0
2024-07-27,NBL-1082,448.0,613.0,28,532.0
2024-08-03,NBL-1082,291.0,613.0,28,532.0
2024-08-10,NBL-1082,731.0,0.0,28,532.0
2024-08-17,NBL-1082,541.0,0.0,28,532.0
2024-08-24,NBL-1082,400.0,613.0,28,532.0
2024-08-31,NBL-1082,230.0,613.0,28,532.0
2024-09-07,NBL-1082,675.0,0.0,28,532.0
2024-09-14,NBL-1082,487.0,613.0,28,532.0
2024-09-21,NBL-1082,319.0,613.0,28,532.0
2024-09-28,NBL-1082,154.0,613.0,28,532.0
2024-10-05,NBL-1082,613.0,0.0,28,532.0
2024-10-12,NBL-1082,474.0,613.0,28,532.0
2024-10-19,NBL-1082,301.0,613.0,28,532.0
2024-10-26,NBL-1082,160.0,613.0,28,532.0
2024-11-02,NBL-1082,627.0,0.0,28,532.0
2024-11-09,NBL-1082,457.0,613.0,28,532.0
2024-11-16,NBL-1082,295.0,613.0,28,532.0
2024-11-23,NBL-1082,128.0,613.0,28,532.0
2024-11-30,NBL-1082,613.0,0.0,28,532.0
2024-12-07,NBL-1082,437.0,613.0,28,532.0
2024-12-14,NBL-1082,278.0,613.0,28,532.0
2024-12-21,NBL-1082,106.0,613.0,28,532.0
2024-12-28,NBL-1082,613.0,0.0,28,532.0
2025-01-04,NBL-1082,454.0,613.0,28,532.0
2025-01-11,NBL-1082,323.0,613.0,28,532.0
2025-01-18,NBL-1082,161.0,613.0,28,532.0
2025-01-25,NBL-1082,613.0,0.0,28,532.0
2025-02-01,NBL-1082,437.0,613.0,28,532.0
2025-02-08,NBL-1082,261.0,613.0,28,532.0
2025-02-15,NBL-1082,77.0,613.0,28,532.0
2025-02-22,NBL-1082,613.0,0.0,28,532.0
2025-03-01,NBL-1082,440.0,613.0,28,532.0
2025-03-08,NBL-1082,249.0,613.0,28,532.0
2025-03-15,NBL-1082,63.0,613.0,28,532.0
2025-03-22,NBL-1082,613.0,0.0,28,532.0
2025-03-29,NBL-1082,420.0,613.0,28,532.0
2025-04-05,NBL-1082,211.0,613.0,28,532.0
2025-04-12,NBL-1082,4.0,613.0,28,532.0
2025-04-19,NBL-1082,613.0,0.0,28,532.0
2025-04-26,NBL-1082,399.0,613.0,28,532.0
2025-05-03,NBL-1082,183.0,613.0,28,532.0
2025-05-10,NBL-1082,0.0,613.0,28,532.0
2025-05-17,NBL-1082,613.0,0.0,28,532.0
2025-05-24,NBL-1082,411.0,613.0,28,532.0
2025-05-31,NBL-1082,174.0,613.0,28,532.0
2025-06-07,NBL-1082,0.0,613.0,28,532.0
2025-06-14,NBL-1082,613.0,0.0,28,532.0
2025-06-21,NBL-1082,371.0,613.0,28,532.0
2025-06-28,NBL-1082,139.0,613.0,28,532.0
2025-07-05,NBL-1082,0.0,613.0,28,532.0
2025-07-12,NBL-1082,613.0,0.0,28,532.0
2025-07-19,NBL-1082,380.0,613.0,28,532.0
2025-07-26,NBL-1082,108.0,613.0,28,532.0
2025-08-02,NBL-1082,0.0,613.0,28,532.0
2025-08-09,NBL-1082,613.0,0.0,28,532.0
2025-08-16,NBL-1082,399.0,613.0,28,532.0
2025-08-23,NBL-1082,155.0,613.0,28,532.0
2025-08-30,NBL-1082,0.0,613.0,28,532.0
2025-09-06,NBL-1082,613.0,0.0,28,532.0
2025-09-13,NBL-1082,412.0,613.0,28,532.0
2025-09-20,NBL-1082,212.0,613.0,28,532.0
2025-09-27,NBL-1082,0.0,613.0,28,532.0
2025-10-04,NBL-1082,613.0,0.0,28,532.0
2025-10-11,NBL-1082,353.0,613.0,28,532.0
2025-10-18,NBL-1082,86.0,613.0,28,532.0
2025-10-25,NBL-1082,0.0,613.0,28,532.0
2025-11-01,NBL-1082,613.0,0.0,28,532.0
2025-11-08,NBL-1082,378.0,613.0,28,532.0
2025-11-15,NBL-1082,167.0,613.0,28,532.0
2025-11-22,NBL-1082,0.0,613.0,28,532.0
2025-11-29,NBL-1082,613.0,0.0,28,532.0
2025-12-06,NBL-1082,398.0,613.0,28,532.0
2025-12-13,NBL-1082,139.0,613.0,28,532.0
2025-12-20,NBL-1082,0.0,613.0,28,532.0
2025-12-27,NBL-1082,613.0,0.0,28,532.0
2026-01-03,NBL-1082,399.0,613.0,28,532.0
2026-01-10,NBL-1082,164.0,613.0,28,532.0
2026-01-17,NBL-1082,0.0,613.0,28,532.0
2026-01-24,NBL-1082,613.0,0.0,28,532.0
2026-01-31,NBL-1082,355.0,613.0,28,532.0
2026-02-07,NBL-1082,151.0,613.0,28,532.0
2026-02-14,NBL-1082,0.0,613.0,28,532.0
2026-02-21,NBL-1082,613.0,0.0,28,532.0
2026-02-28,NBL-1082,361.0,613.0,28,532.0
2026-03-07,NBL-1082,156.0,613.0,28,532.0
2026-03-14,NBL-1082,0.0,613.0,28,532.0
2026-03-21,NBL-1082,613.0,0.0,28,532.0
2026-03-28,NBL-1082,386.0,613.0,28,532.0
2026-04-04,NBL-1082,155.0,613.0,28,532.0
2026-04-11,NBL-1082,0.0,613.0,28,532.0
2026-04-18,NBL-1082,613.0,0.0,28,532.0
2026-04-25,NBL-1082,320.0,613.0,28,532.0
2026-05-02,NBL-1082,61.0,613.0,28,532.0
2026-05-09,NBL-1082,0.0,613.0,28,532.0
2026-05-16,NBL-1082,613.0,0.0,28,532.0
2026-05-23,NBL-1082,359.0,613.0,28,532.0
2026-05-30,NBL-1082,94.0,613.0,28,532.0
2026-06-06,NBL-1082,0.0,613.0,28,532.0
2026-06-13,NBL-1082,613.0,0.0,28,532.0
2026-06-20,NBL-1082,357.0,613.0,28,532.0
2026-06-27,NBL-1082,121.0,613.0,28,532.0
2026-07-04,NBL-1082,0.0,613.0,28,532.0
2026-07-11,NBL-1082,613.0,0.0,28,532.0
2024-07-13,NBL-1083,974.0,0.0,14,622.0
2024-07-20,NBL-1083,552.0,717.0,14,622.0
2024-07-27,NBL-1083,851.0,0.0,14,622.0
2024-08-03,NBL-1083,371.0,717.0,14,622.0
2024-08-10,NBL-1083,717.0,0.0,14,622.0
2024-08-17,NBL-1083,332.0,717.0,14,622.0
2024-08-24,NBL-1083,717.0,0.0,14,622.0
2024-08-31,NBL-1083,256.0,717.0,14,622.0
2024-09-07,NBL-1083,717.0,,14,622.0
2024-09-14,NBL-1083,316.0,717.0,14,622.0
2024-09-21,NBL-1083,717.0,0.0,14,622.0
2024-09-28,NBL-1083,266.0,717.0,14,622.0
2024-10-05,NBL-1083,717.0,0.0,14,622.0
2024-10-12,NBL-1083,402.0,717.0,14,622.0
2024-10-19,NBL-1083,793.0,0.0,14,622.0
2024-10-26,NBL-1083,435.0,717.0,14,622.0
2024-11-02,NBL-1083,804.0,0.0,14,622.0
2024-11-09,NBL-1083,478.0,717.0,14,622.0
2024-11-16,NBL-1083,848.0,0.0,14,622.0
2024-11-23,NBL-1083,442.0,717.0,14,622.0
2024-11-30,NBL-1083,813.0,0.0,14,622.0
2024-12-07,NBL-1083,467.0,717.0,14,622.0
2024-12-14,NBL-1083,910.0,0.0,14,622.0
2024-12-21,NBL-1083,608.0,717.0,14,622.0
2024-12-28,NBL-1083,989.0,0.0,14,622.0
2025-01-04,NBL-1083,672.0,0.0,14,622.0
2025-01-11,NBL-1083,1043.0,0.0,14,622.0
2025-01-18,NBL-1083,711.0,0.0,14,622.0
2025-01-25,NBL-1083,1132.0,0.0,14,622.0
2025-02-01,NBL-1083,817.0,0.0,14,622.0
2025-02-08,NBL-1083,1203.0,0.0,14,622.0
2025-02-15,NBL-1083,916.0,0.0,14,622.0
2025-02-22,NBL-1083,1285.0,0.0,14,622.0
2025-03-01,NBL-1083,944.0,0.0,14,622.0
2025-03-08,NBL-1083,1284.0,0.0,14,622.0
2025-03-15,NBL-1083,886.0,0.0,14,622.0
2025-03-22,NBL-1083,1204.0,0.0,14,622.0
2025-03-29,NBL-1083,762.0,0.0,14,622.0
2025-04-05,NBL-1083,1108.0,0.0,14,622.0
2025-04-12,NBL-1083,668.0,0.0,14,622.0
2025-04-19,NBL-1083,981.0,0.0,14,622.0
2025-04-26,NBL-1083,562.0,717.0,14,622.0
2025-05-03,NBL-1083,850.0,,14,622.0
2025-05-10,NBL-1083,383.0,717.0,14,622.0
2025-05-17,NBL-1083,717.0,0.0,14,622.0
2025-05-24,NBL-1083,250.0,717.0,14,622.0
2025-05-31,NBL-1083,717.0,0.0,14,622.0
2025-06-07,NBL-1083,246.0,717.0,14,622.0
2025-06-14,NBL-1083,717.0,0.0,14,622.0
2025-06-21,NBL-1083,220.0,717.0,14,622.0
2025-06-28,NBL-1083,717.0,0.0,14,622.0
2025-07-05,NBL-1083,278.0,717.0,14,622.0
2025-07-12,NBL-1083,717.0,0.0,14,622.0
2025-07-19,NBL-1083,218.0,717.0,14,622.0
2025-07-26,NBL-1083,717.0,0.0,14,622.0
2025-08-02,NBL-1083,229.0,717.0,14,622.0
2025-08-09,NBL-1083,717.0,0.0,14,622.0
2025-08-16,NBL-1083,252.0,717.0,14,622.0
2025-08-23,NBL-1083,717.0,0.0,14,622.0
2025-08-30,NBL-1083,197.0,717.0,14,622.0
2025-09-06,NBL-1083,717.0,0.0,14,622.0
2025-09-13,NBL-1083,203.0,717.0,14,622.0
2025-09-20,NBL-1083,717.0,0.0,14,622.0
2025-09-27,NBL-1083,196.0,717.0,14,622.0
2025-10-04,NBL-1083,717.0,0.0,14,622.0
2025-10-11,NBL-1083,308.0,717.0,14,622.0
2025-10-18,NBL-1083,717.0,0.0,14,622.0
2025-10-25,NBL-1083,305.0,717.0,14,622.0
2025-11-01,NBL-1083,717.0,0.0,14,622.0
2025-11-08,NBL-1083,255.0,717.0,14,622.0
2025-11-15,NBL-1083,717.0,0.0,14,622.0
2025-11-22,NBL-1083,365.0,717.0,14,622.0
2025-11-29,NBL-1083,717.0,0.0,14,622.0
2025-12-06,NBL-1083,297.0,717.0,14,622.0
2025-12-13,NBL-1083,717.0,0.0,14,622.0
2025-12-20,NBL-1083,241.0,717.0,14,622.0
2025-12-27,NBL-1083,717.0,0.0,14,622.0
2026-01-03,NBL-1083,354.0,717.0,14,622.0
2026-01-10,NBL-1083,717.0,0.0,14,622.0
2026-01-17,NBL-1083,376.0,717.0,14,622.0
2026-01-24,NBL-1083,733.0,0.0,14,622.0
2026-01-31,NBL-1083,351.0,717.0,14,622.0
2026-02-07,NBL-1083,717.0,0.0,14,622.0
2026-02-14,NBL-1083,326.0,717.0,14,622.0
2026-02-21,NBL-1083,717.0,0.0,14,622.0
2026-02-28,NBL-1083,296.0,717.0,14,622.0
2026-03-07,NBL-1083,717.0,0.0,14,622.0
2026-03-14,NBL-1083,317.0,717.0,14,622.0
2026-03-21,NBL-1083,717.0,0.0,14,622.0
2026-03-28,NBL-1083,301.0,717.0,14,622.0
2026-04-04,NBL-1083,717.0,0.0,14,622.0
2026-04-11,NBL-1083,360.0,717.0,14,622.0
2026-04-18,NBL-1083,717.0,0.0,14,622.0
2026-04-25,NBL-1083,232.0,717.0,14,622.0
2026-05-02,NBL-1083,717.0,0.0,14,622.0
2026-05-09,NBL-1083,240.0,717.0,14,622.0
2026-05-16,NBL-1083,717.0,0.0,14,622.0
2026-05-23,NBL-1083,241.0,717.0,14,622.0
2026-05-30,NBL-1083,717.0,0.0,14,622.0
2026-06-06,NBL-1083,219.0,717.0,14,622.0
2026-06-13,NBL-1083,717.0,0.0,14,622.0
2026-06-20,NBL-1083,208.0,717.0,14,622.0
2026-06-27,NBL-1083,717.0,0.0,14,622.0
2026-07-04,NBL-1083,115.0,717.0,14,622.0
2026-07-11,NBL-1083,717.0,0.0,14,622.0
2024-07-13,NBL-1084,262.0,0.0,7,98.0
2024-07-20,NBL-1084,127.0,0.0,7,98.0
2024-07-27,NBL-1084,130.0,0.0,7,98.0
2024-08-03,NBL-1084,123.0,0.0,7,98.0
2024-08-10,NBL-1084,126.0,,7,98.0
2024-08-17,NBL-1084,113.0,0.0,7,98.0
2024-08-24,NBL-1084,113.0,0.0,7,98.0
2024-08-31,NBL-1084,113.0,0.0,7,98.0
2024-09-07,NBL-1084,125.0,0.0,7,98.0
2024-09-14,NBL-1084,120.0,0.0,7,98.0
2024-09-21,NBL-1084,133.0,0.0,7,98.0
2024-09-28,NBL-1084,141.0,0.0,7,98.0
2024-10-05,NBL-1084,141.0,0.0,7,98.0
2024-10-12,NBL-1084,144.0,0.0,7,98.0
2024-10-19,NBL-1084,158.0,0.0,7,98.0
2024-10-26,NBL-1084,159.0,0.0,7,98.0
2024-11-02,NBL-1084,174.0,0.0,7,98.0
2024-11-09,NBL-1084,179.0,0.0,7,98.0
2024-11-16,NBL-1084,196.0,0.0,7,98.0
2024-11-23,NBL-1084,106.0,0.0,7,98.0
2024-11-30,NBL-1084,130.0,0.0,7,98.0
2024-12-07,NBL-1084,150.0,0.0,7,98.0
2024-12-14,NBL-1084,155.0,0.0,7,98.0
2024-12-21,NBL-1084,173.0,0.0,7,98.0
2024-12-28,NBL-1084,204.0,0.0,7,98.0
2025-01-04,NBL-1084,107.0,0.0,7,98.0
2025-01-11,NBL-1084,124.0,0.0,7,98.0
2025-01-18,NBL-1084,155.0,0.0,7,98.0
2025-01-25,NBL-1084,171.0,0.0,7,98.0
2025-02-01,NBL-1084,198.0,0.0,7,98.0
2025-02-08,NBL-1084,127.0,0.0,7,98.0
2025-02-15,NBL-1084,159.0,0.0,7,98.0
2025-02-22,NBL-1084,99.0,0.0,7,98.0
2025-03-01,NBL-1084,113.0,0.0,7,98.0
2025-03-08,NBL-1084,132.0,0.0,7,98.0
2025-03-15,NBL-1084,166.0,0.0,7,98.0
2025-03-22,NBL-1084,176.0,0.0,7,98.0
2025-03-29,NBL-1084,202.0,0.0,7,98.0
2025-04-05,NBL-1084,211.0,0.0,7,98.0
2025-04-12,NBL-1084,207.0,0.0,7,98.0
2025-04-19,NBL-1084,112.0,0.0,7,98.0
2025-04-26,NBL-1084,139.0,0.0,7,98.0
2025-05-03,NBL-1084,170.0,0.0,7,98.0
2025-05-10,NBL-1084,168.0,0.0,7,98.0
2025-05-17,NBL-1084,169.0,0.0,7,98.0
2025-05-24,NBL-1084,193.0,0.0,7,98.0
2025-05-31,NBL-1084,193.0,0.0,7,98.0
2025-06-07,NBL-1084,205.0,0.0,7,98.0
2025-06-14,NBL-1084,124.0,0.0,7,98.0
2025-06-21,NBL-1084,113.0,0.0,7,98.0
2025-06-28,NBL-1084,119.0,0.0,7,98.0
2025-07-05,NBL-1084,132.0,0.0,7,98.0
2025-07-12,NBL-1084,123.0,0.0,7,98.0
2025-07-19,NBL-1084,115.0,0.0,7,98.0
2025-07-26,NBL-1084,113.0,0.0,7,98.0
2025-08-02,NBL-1084,113.0,0.0,7,98.0
2025-08-09,NBL-1084,128.0,0.0,7,98.0
2025-08-16,NBL-1084,139.0,0.0,7,98.0
2025-08-23,NBL-1084,141.0,0.0,7,98.0
2025-08-30,NBL-1084,170.0,0.0,7,98.0
2025-09-06,NBL-1084,184.0,0.0,7,98.0
2025-09-13,NBL-1084,108.0,0.0,7,98.0
2025-09-20,NBL-1084,153.0,0.0,7,98.0
2025-09-27,NBL-1084,176.0,0.0,7,98.0
2025-10-04,NBL-1084,106.0,0.0,7,98.0
2025-10-11,NBL-1084,126.0,0.0,7,98.0
2025-10-18,NBL-1084,166.0,0.0,7,98.0
2025-10-25,NBL-1084,114.0,0.0,7,98.0
2025-11-01,NBL-1084,150.0,0.0,7,98.0
2025-11-08,NBL-1084,169.0,0.0,7,98.0
2025-11-15,NBL-1084,195.0,0.0,7,98.0
2025-11-22,NBL-1084,110.0,0.0,7,98.0
2025-11-29,NBL-1084,136.0,0.0,7,98.0
2025-12-06,NBL-1084,188.0,0.0,7,98.0
2025-12-13,NBL-1084,114.0,0.0,7,98.0
2025-12-20,NBL-1084,140.0,0.0,7,98.0
2025-12-27,NBL-1084,193.0,0.0,7,98.0
2026-01-03,NBL-1084,128.0,0.0,7,98.0
2026-01-10,NBL-1084,174.0,0.0,7,98.0
2026-01-17,NBL-1084,103.0,0.0,7,98.0
2026-01-24,NBL-1084,143.0,0.0,7,98.0
2026-01-31,NBL-1084,190.0,0.0,7,98.0
2026-02-07,NBL-1084,130.0,0.0,7,98.0
2026-02-14,NBL-1084,164.0,0.0,7,98.0
2026-02-21,NBL-1084,120.0,0.0,7,98.0
2026-02-28,NBL-1084,156.0,0.0,7,98.0
2026-03-07,NBL-1084,204.0,0.0,7,98.0
2026-03-14,NBL-1084,135.0,0.0,7,98.0
2026-03-21,NBL-1084,165.0,0.0,7,98.0
2026-03-28,NBL-1084,207.0,0.0,7,98.0
2026-04-04,NBL-1084,132.0,0.0,7,98.0
2026-04-11,NBL-1084,172.0,0.0,7,98.0
2026-04-18,NBL-1084,209.0,0.0,7,98.0
2026-04-25,NBL-1084,138.0,0.0,7,98.0
2026-05-02,NBL-1084,176.0,0.0,7,98.0
2026-05-09,NBL-1084,206.0,0.0,7,98.0
2026-05-16,NBL-1084,122.0,0.0,7,98.0
2026-05-23,NBL-1084,148.0,0.0,7,98.0
2026-05-30,NBL-1084,188.0,0.0,7,98.0
2026-06-06,NBL-1084,108.0,0.0,7,98.0
2026-06-13,NBL-1084,166.0,0.0,7,98.0
2026-06-20,NBL-1084,197.0,0.0,7,98.0
2026-06-27,NBL-1084,102.0,0.0,7,98.0
2026-07-04,NBL-1084,128.0,0.0,7,98.0
2026-07-11,NBL-1084,168.0,0.0,7,98.0
2024-07-13,NBL-1085,376.0,0.0,14,121.0
2024-07-20,NBL-1085,314.0,,14,121.0
2024-07-27,NBL-1085,242.0,0.0,14,121.0
2024-08-03,NBL-1085,159.0,0.0,14,121.0
2024-08-10,NBL-1085,217.0,0.0,14,121.0
2024-08-17,NBL-1085,134.0,0.0,14,121.0
2024-08-24,NBL-1085,194.0,0.0,14,121.0
2024-08-31,NBL-1085,110.0,140.0,14,121.0
2024-09-07,NBL-1085,174.0,0.0,14,121.0
2024-09-14,NBL-1085,103.0,140.0,14,121.0
2024-09-21,NBL-1085,183.0,0.0,14,121.0
2024-09-28,NBL-1085,103.0,140.0,14,121.0
2024-10-05,NBL-1085,175.0,0.0,14,121.0
2024-10-12,NBL-1085,91.0,140.0,14,121.0
2024-10-19,NBL-1085,169.0,0.0,14,121.0
2024-10-26,NBL-1085,103.0,140.0,14,121.0
2024-11-02,NBL-1085,173.0,0.0,14,121.0
2024-11-09,NBL-1085,123.0,0.0,14,121.0
2024-11-16,NBL-1085,181.0,0.0,14,121.0
2024-11-23,NBL-1085,125.0,0.0,14,121.0
2024-11-30,NBL-1085,217.0,0.0,14,121.0
2024-12-07,NBL-1085,162.0,0.0,14,121.0
2024-12-14,NBL-1085,257.0,0.0,14,121.0
2024-12-21,NBL-1085,194.0,0.0,14,121.0
2024-12-28,NBL-1085,134.0,0.0,14,121.0
2025-01-04,NBL-1085,84.0,140.0,14,121.0
2025-01-11,NBL-1085,159.0,0.0,14,121.0
2025-01-18,NBL-1085,107.0,140.0,14,121.0
2025-01-25,NBL-1085,182.0,0.0,14,121.0
2025-02-01,NBL-1085,116.0,140.0,14,121.0
2025-02-08,NBL-1085,204.0,0.0,14,121.0
2025-02-15,NBL-1085,149.0,0.0,14,121.0
2025-02-22,NBL-1085,217.0,0.0,14,121.0
2025-03-01,NBL-1085,151.0,0.0,14,121.0
2025-03-08,NBL-1085,234.0,0.0,14,121.0
2025-03-15,NBL-1085,173.0,0.0,14,121.0
2025-03-22,NBL-1085,241.0,0.0,14,121.0
2025-03-29,NBL-1085,172.0,0.0,14,121.0
2025-04-05,NBL-1085,228.0,0.0,14,121.0
2025-04-12,NBL-1085,164.0,0.0,14,121.0
2025-04-19,NBL-1085,250.0,0.0,14,121.0
2025-04-26,NBL-1085,199.0,,14,121.0
2025-05-03,NBL-1085,124.0,0.0,14,121.0
2025-05-10,NBL-1085,30.0,140.0,14,121.0
2025-05-17,NBL-1085,140.0,0.0,14,121.0
2025-05-24,NBL-1085,38.0,140.0,14,121.0
2025-05-31,NBL-1085,140.0,0.0,14,121.0
2025-06-07,NBL-1085,42.0,140.0,14,121.0
2025-06-14,NBL-1085,140.0,0.0,14,121.0
2025-06-21,NBL-1085,45.0,140.0,14,121.0
2025-06-28,NBL-1085,140.0,0.0,14,121.0
2025-07-05,NBL-1085,54.0,140.0,14,121.0
2025-07-12,NBL-1085,140.0,0.0,14,121.0
2025-07-19,NBL-1085,39.0,140.0,14,121.0
2025-07-26,NBL-1085,140.0,0.0,14,121.0
2025-08-02,NBL-1085,53.0,,14,121.0
2025-08-09,NBL-1085,140.0,0.0,14,121.0
2025-08-16,NBL-1085,46.0,140.0,14,121.0
2025-08-23,NBL-1085,140.0,0.0,14,121.0
2025-08-30,NBL-1085,63.0,140.0,14,121.0
2025-09-06,NBL-1085,140.0,0.0,14,121.0
2025-09-13,NBL-1085,55.0,140.0,14,121.0
2025-09-20,NBL-1085,140.0,0.0,14,121.0
2025-09-27,NBL-1085,48.0,140.0,14,121.0
2025-10-04,NBL-1085,140.0,0.0,14,121.0
2025-10-11,NBL-1085,65.0,140.0,14,121.0
2025-10-18,NBL-1085,140.0,0.0,14,121.0
2025-10-25,NBL-1085,47.0,140.0,14,121.0
2025-11-01,NBL-1085,140.0,0.0,14,121.0
2025-11-08,NBL-1085,65.0,140.0,14,121.0
2025-11-15,NBL-1085,140.0,0.0,14,121.0
2025-11-22,NBL-1085,67.0,140.0,14,121.0
2025-11-29,NBL-1085,140.0,0.0,14,121.0
2025-12-06,NBL-1085,71.0,140.0,14,121.0
2025-12-13,NBL-1085,143.0,0.0,14,121.0
2025-12-20,NBL-1085,67.0,140.0,14,121.0
2025-12-27,NBL-1085,149.0,0.0,14,121.0
2026-01-03,NBL-1085,105.0,140.0,14,121.0
2026-01-10,NBL-1085,182.0,0.0,14,121.0
2026-01-17,NBL-1085,112.0,140.0,14,121.0
2026-01-24,NBL-1085,188.0,0.0,14,121.0
2026-01-31,NBL-1085,113.0,140.0,14,121.0
2026-02-07,NBL-1085,192.0,0.0,14,121.0
2026-02-14,NBL-1085,139.0,0.0,14,121.0
2026-02-21,NBL-1085,206.0,0.0,14,121.0
2026-02-28,NBL-1085,144.0,0.0,14,121.0
2026-03-07,NBL-1085,227.0,0.0,14,121.0
2026-03-14,NBL-1085,152.0,0.0,14,121.0
2026-03-21,NBL-1085,211.0,0.0,14,121.0
2026-03-28,NBL-1085,135.0,0.0,14,121.0
2026-04-04,NBL-1085,221.0,0.0,14,121.0
2026-04-11,NBL-1085,158.0,0.0,14,121.0
2026-04-18,NBL-1085,212.0,0.0,14,121.0
2026-04-25,NBL-1085,146.0,0.0,14,121.0
2026-05-02,NBL-1085,184.0,0.0,14,121.0
2026-05-09,NBL-1085,86.0,140.0,14,121.0
2026-05-16,NBL-1085,148.0,0.0,14,121.0
2026-05-23,NBL-1085,34.0,140.0,14,121.0
2026-05-30,NBL-1085,140.0,0.0,14,121.0
2026-06-06,NBL-1085,39.0,140.0,14,121.0
2026-06-13,NBL-1085,140.0,0.0,14,121.0
2026-06-20,NBL-1085,32.0,140.0,14,121.0
2026-06-27,NBL-1085,140.0,0.0,14,121.0
2026-07-04,NBL-1085,38.0,140.0,14,121.0
2026-07-11,NBL-1085,140.0,0.0,14,121.0
2024-07-13,NBL-1086,658.0,0.0,7,352.0
2024-07-20,NBL-1086,533.0,0.0,7,352.0
2024-07-27,NBL-1086,407.0,0.0,7,352.0
2024-08-03,NBL-1086,407.0,0.0,7,352.0
2024-08-10,NBL-1086,407.0,0.0,7,352.0
2024-08-17,NBL-1086,407.0,0.0,7,352.0
2024-08-24,NBL-1086,407.0,0.0,7,352.0
2024-08-31,NBL-1086,407.0,0.0,7,352.0
2024-09-07,NBL-1086,407.0,0.0,7,352.0
2024-09-14,NBL-1086,416.0,0.0,7,352.0
2024-09-21,NBL-1086,427.0,0.0,7,352.0
2024-09-28,NBL-1086,407.0,0.0,7,352.0
2024-10-05,NBL-1086,407.0,0.0,7,352.0
2024-10-12,NBL-1086,407.0,0.0,7,352.0
2024-10-19,NBL-1086,433.0,0.0,7,352.0
2024-10-26,NBL-1086,411.0,0.0,7,352.0
2024-11-02,NBL-1086,481.0,0.0,7,352.0
2024-11-09,NBL-1086,545.0,0.0,7,352.0
2024-11-16,NBL-1086,597.0,0.0,7,352.0
2024-11-23,NBL-1086,672.0,0.0,7,352.0
2024-11-30,NBL-1086,648.0,0.0,7,352.0
2024-12-07,NBL-1086,754.0,0.0,7,352.0
2024-12-14,NBL-1086,429.0,0.0,7,352.0
2024-12-21,NBL-1086,600.0,0.0,7,352.0
2024-12-28,NBL-1086,732.0,0.0,7,352.0
2025-01-04,NBL-1086,380.0,0.0,7,352.0
2025-01-11,NBL-1086,496.0,0.0,7,352.0
2025-01-18,NBL-1086,604.0,0.0,7,352.0
2025-01-25,NBL-1086,364.0,0.0,7,352.0
2025-02-01,NBL-1086,502.0,0.0,7,352.0
2025-02-08,NBL-1086,641.0,0.0,7,352.0
2025-02-15,NBL-1086,730.0,0.0,7,352.0
2025-02-22,NBL-1086,399.0,0.0,7,352.0
2025-03-01,NBL-1086,511.0,0.0,7,352.0
2025-03-08,NBL-1086,672.0,0.0,7,352.0
2025-03-15,NBL-1086,752.0,0.0,7,352.0
2025-03-22,NBL-1086,427.0,0.0,7,352.0
2025-03-29,NBL-1086,427.0,0.0,7,352.0
2025-04-05,NBL-1086,507.0,0.0,7,352.0
2025-04-12,NBL-1086,588.0,0.0,7,352.0
2025-04-19,NBL-1086,582.0,0.0,7,352.0
2025-04-26,NBL-1086,700.0,0.0,7,352.0
2025-05-03,NBL-1086,365.0,0.0,7,352.0
2025-05-10,NBL-1086,407.0,0.0,7,352.0
2025-05-17,NBL-1086,452.0,0.0,7,352.0
2025-05-24,NBL-1086,407.0,0.0,7,352.0
2025-05-31,NBL-1086,407.0,0.0,7,352.0
2025-06-07,NBL-1086,407.0,0.0,7,352.0
2025-06-14,NBL-1086,407.0,0.0,7,352.0
2025-06-21,NBL-1086,407.0,0.0,7,352.0
2025-06-28,NBL-1086,407.0,0.0,7,352.0
2025-07-05,NBL-1086,407.0,0.0,7,352.0
2025-07-12,NBL-1086,407.0,0.0,7,352.0
2025-07-19,NBL-1086,420.0,0.0,7,352.0
2025-07-26,NBL-1086,407.0,0.0,7,352.0
2025-08-02,NBL-1086,407.0,0.0,7,352.0
2025-08-09,NBL-1086,421.0,0.0,7,352.0
2025-08-16,NBL-1086,429.0,0.0,7,352.0
2025-08-23,NBL-1086,418.0,0.0,7,352.0
2025-08-30,NBL-1086,412.0,0.0,7,352.0
2025-09-06,NBL-1086,407.0,0.0,7,352.0
2025-09-13,NBL-1086,407.0,0.0,7,352.0
2025-09-20,NBL-1086,431.0,0.0,7,352.0
2025-09-27,NBL-1086,489.0,0.0,7,352.0
2025-10-04,NBL-1086,497.0,0.0,7,352.0
2025-10-11,NBL-1086,616.0,0.0,7,352.0
2025-10-18,NBL-1086,681.0,0.0,7,352.0
2025-10-25,NBL-1086,359.0,0.0,7,352.0
2025-11-01,NBL-1086,459.0,0.0,7,352.0
2025-11-08,NBL-1086,566.0,0.0,7,352.0
2025-11-15,NBL-1086,681.0,0.0,7,352.0
2025-11-22,NBL-1086,738.0,0.0,7,352.0
2025-11-29,NBL-1086,436.0,0.0,7,352.0
2025-12-06,NBL-1086,550.0,0.0,7,352.0
2025-12-13,NBL-1086,702.0,0.0,7,352.0
2025-12-20,NBL-1086,431.0,0.0,7,352.0
2025-12-27,NBL-1086,591.0,0.0,7,352.0
2026-01-03,NBL-1086,366.0,0.0,7,352.0
2026-01-10,NBL-1086,518.0,0.0,7,352.0
2026-01-17,NBL-1086,646.0,0.0,7,352.0
2026-01-24,NBL-1086,378.0,0.0,7,352.0
2026-01-31,NBL-1086,543.0,0.0,7,352.0
2026-02-07,NBL-1086,734.0,0.0,7,352.0
2026-02-14,NBL-1086,458.0,0.0,7,352.0
2026-02-21,NBL-1086,649.0,0.0,7,352.0
2026-02-28,NBL-1086,403.0,0.0,7,352.0
2026-03-07,NBL-1086,565.0,0.0,7,352.0
2026-03-14,NBL-1086,700.0,0.0,7,352.0
2026-03-21,NBL-1086,508.0,0.0,7,352.0
2026-03-28,NBL-1086,687.0,0.0,7,352.0
2026-04-04,NBL-1086,439.0,0.0,7,352.0
2026-04-11,NBL-1086,526.0,0.0,7,352.0
2026-04-18,NBL-1086,712.0,0.0,7,352.0
2026-04-25,NBL-1086,750.0,0.0,7,352.0
2026-05-02,NBL-1086,506.0,0.0,7,352.0
2026-05-09,NBL-1086,609.0,0.0,7,352.0
2026-05-16,NBL-1086,751.0,0.0,7,352.0
2026-05-23,NBL-1086,402.0,0.0,7,352.0
2026-05-30,NBL-1086,473.0,0.0,7,352.0
2026-06-06,NBL-1086,508.0,0.0,7,352.0
2026-06-13,NBL-1086,606.0,0.0,7,352.0
2026-06-20,NBL-1086,650.0,0.0,7,352.0
2026-06-27,NBL-1086,689.0,0.0,7,352.0
2026-07-04,NBL-1086,741.0,0.0,7,352.0
2026-07-11,NBL-1086,379.0,0.0,7,352.0
2024-07-13,NBL-1087,647.0,0.0,7,318.0
2024-07-20,NBL-1087,553.0,0.0,7,318.0
2024-07-27,NBL-1087,488.0,0.0,7,318.0
2024-08-03,NBL-1087,370.0,0.0,7,318.0
2024-08-10,NBL-1087,367.0,0.0,7,318.0
2024-08-17,NBL-1087,367.0,0.0,7,318.0
2024-08-24,NBL-1087,367.0,0.0,7,318.0
2024-08-31,NBL-1087,367.0,0.0,7,318.0
2024-09-07,NBL-1087,367.0,0.0,7,318.0
2024-09-14,NBL-1087,367.0,0.0,7,318.0
2024-09-21,NBL-1087,367.0,0.0,7,318.0
2024-09-28,NBL-1087,367.0,0.0,7,318.0
2024-10-05,NBL-1087,367.0,0.0,7,318.0
2024-10-12,NBL-1087,367.0,0.0,7,318.0
2024-10-19,NBL-1087,367.0,0.0,7,318.0
2024-10-26,NBL-1087,367.0,0.0,7,318.0
2024-11-02,NBL-1087,409.0,0.0,7,318.0
2024-11-09,NBL-1087,392.0,0.0,7,318.0
2024-11-16,NBL-1087,426.0,0.0,7,318.0
2024-11-23,NBL-1087,367.0,0.0,7,318.0
2024-11-30,NBL-1087,367.0,0.0,7,318.0
2024-12-07,NBL-1087,432.0,0.0,7,318.0
2024-12-14,NBL-1087,480.0,0.0,7,318.0
2024-12-21,NBL-1087,490.0,0.0,7,318.0
2024-12-28,NBL-1087,556.0,0.0,7,318.0
2025-01-04,NBL-1087,648.0,0.0,7,318.0
2025-01-11,NBL-1087,372.0,0.0,7,318.0
2025-01-18,NBL-1087,367.0,0.0,7,318.0
2025-01-25,NBL-1087,389.0,0.0,7,318.0
2025-02-01,NBL-1087,435.0,0.0,7,318.0
2025-02-08,NBL-1087,367.0,0.0,7,318.0
2025-02-15,NBL-1087,367.0,0.0,7,318.0
2025-02-22,NBL-1087,367.0,0.0,7,318.0
2025-03-01,NBL-1087,392.0,0.0,7,318.0
2025-03-08,NBL-1087,428.0,0.0,7,318.0
2025-03-15,NBL-1087,394.0,0.0,7,318.0
2025-03-22,NBL-1087,367.0,0.0,7,318.0
2025-03-29,NBL-1087,367.0,0.0,7,318.0
2025-04-05,NBL-1087,367.0,,7,318.0
2025-04-12,NBL-1087,367.0,0.0,7,318.0
2025-04-19,NBL-1087,367.0,0.0,7,318.0
2025-04-26,NBL-1087,367.0,0.0,7,318.0
2025-05-03,NBL-1087,367.0,0.0,7,318.0
2025-05-10,NBL-1087,367.0,0.0,7,318.0
2025-05-17,NBL-1087,367.0,0.0,7,318.0
2025-05-24,NBL-1087,367.0,0.0,7,318.0
2025-05-31,NBL-1087,367.0,0.0,7,318.0
2025-06-07,NBL-1087,367.0,0.0,7,318.0
2025-06-14,NBL-1087,367.0,0.0,7,318.0
2025-06-21,NBL-1087,367.0,0.0,7,318.0
2025-06-28,NBL-1087,367.0,0.0,7,318.0
2025-07-05,NBL-1087,367.0,0.0,7,318.0
2025-07-12,NBL-1087,367.0,0.0,7,318.0
2025-07-19,NBL-1087,367.0,0.0,7,318.0
2025-07-26,NBL-1087,367.0,0.0,7,318.0
2025-08-02,NBL-1087,367.0,0.0,7,318.0
2025-08-09,NBL-1087,367.0,0.0,7,318.0
2025-08-16,NBL-1087,367.0,0.0,7,318.0
2025-08-23,NBL-1087,367.0,0.0,7,318.0
2025-08-30,NBL-1087,367.0,0.0,7,318.0
2025-09-06,NBL-1087,367.0,0.0,7,318.0
2025-09-13,NBL-1087,367.0,0.0,7,318.0
2025-09-20,NBL-1087,367.0,0.0,7,318.0
2025-09-27,NBL-1087,367.0,0.0,7,318.0
2025-10-04,NBL-1087,367.0,0.0,7,318.0
2025-10-11,NBL-1087,367.0,0.0,7,318.0
2025-10-18,NBL-1087,367.0,0.0,7,318.0
2025-10-25,NBL-1087,367.0,0.0,7,318.0
2025-11-01,NBL-1087,367.0,0.0,7,318.0
2025-11-08,NBL-1087,367.0,0.0,7,318.0
2025-11-15,NBL-1087,367.0,0.0,7,318.0
2025-11-22,NBL-1087,367.0,0.0,7,318.0
2025-11-29,NBL-1087,367.0,0.0,7,318.0
2025-12-06,NBL-1087,367.0,0.0,7,318.0
2025-12-13,NBL-1087,367.0,0.0,7,318.0
2025-12-20,NBL-1087,367.0,0.0,7,318.0
2025-12-27,NBL-1087,367.0,0.0,7,318.0
2026-01-03,NBL-1087,367.0,0.0,7,318.0
2026-01-10,NBL-1087,367.0,0.0,7,318.0
2026-01-17,NBL-1087,367.0,0.0,7,318.0
2026-01-24,NBL-1087,367.0,0.0,7,318.0
2026-01-31,NBL-1087,367.0,0.0,7,318.0
2026-02-07,NBL-1087,367.0,0.0,7,318.0
2026-02-14,NBL-1087,367.0,0.0,7,318.0
2026-02-21,NBL-1087,367.0,0.0,7,318.0
2026-02-28,NBL-1087,367.0,0.0,7,318.0
2026-03-07,NBL-1087,367.0,0.0,7,318.0
2026-03-14,NBL-1087,367.0,0.0,7,318.0
2026-03-21,NBL-1087,367.0,0.0,7,318.0
2026-03-28,NBL-1087,367.0,0.0,7,318.0
2026-04-04,NBL-1087,367.0,0.0,7,318.0
2026-04-11,NBL-1087,367.0,0.0,7,318.0
2026-04-18,NBL-1087,367.0,0.0,7,318.0
2026-04-25,NBL-1087,367.0,0.0,7,318.0
2026-05-02,NBL-1087,367.0,0.0,7,318.0
2026-05-09,NBL-1087,367.0,0.0,7,318.0
2026-05-16,NBL-1087,367.0,0.0,7,318.0
2026-05-23,NBL-1087,367.0,0.0,7,318.0
2026-05-30,NBL-1087,367.0,0.0,7,318.0
2026-06-06,NBL-1087,367.0,0.0,7,318.0
2026-06-13,NBL-1087,367.0,0.0,7,318.0
2026-06-20,NBL-1087,367.0,0.0,7,318.0
2026-06-27,NBL-1087,367.0,0.0,7,318.0
2026-07-04,NBL-1087,367.0,0.0,7,318.0
2026-07-11,NBL-1087,367.0,0.0,7,318.0
2024-07-13,NBL-1088,916.0,0.0,21,690.0
2024-07-20,NBL-1088,850.0,0.0,21,690.0
2024-07-27,NBL-1088,817.0,0.0,21,690.0
2024-08-03,NBL-1088,770.0,0.0,21,690.0
2024-08-10,NBL-1088,727.0,0.0,21,690.0
2024-08-17,NBL-1088,693.0,0.0,21,690.0
2024-08-24,NBL-1088,1433.0,0.0,21,690.0
2024-08-31,NBL-1088,1392.0,0.0,21,690.0
2024-09-07,NBL-1088,1345.0,0.0,21,690.0
2024-09-14,NBL-1088,1305.0,0.0,21,690.0
2024-09-21,NBL-1088,1268.0,,21,690.0
2024-09-28,NBL-1088,1227.0,0.0,21,690.0
2024-10-05,NBL-1088,1169.0,0.0,21,690.0
2024-10-12,NBL-1088,1125.0,0.0,21,690.0
2024-10-19,NBL-1088,1082.0,0.0,21,690.0
2024-10-26,NBL-1088,1035.0,0.0,21,690.0
2024-11-02,NBL-1088,1006.0,0.0,21,690.0
2024-11-09,NBL-1088,963.0,0.0,21,690.0
2024-11-16,NBL-1088,944.0,0.0,21,690.0
2024-11-23,NBL-1088,904.0,0.0,21,690.0
2024-11-30,NBL-1088,878.0,0.0,21,690.0
2024-12-07,NBL-1088,849.0,0.0,21,690.0
2024-12-14,NBL-1088,823.0,0.0,21,690.0
2024-12-21,NBL-1088,804.0,0.0,21,690.0
2024-12-28,NBL-1088,779.0,0.0,21,690.0
2025-01-04,NBL-1088,745.0,0.0,21,690.0
2025-01-11,NBL-1088,732.0,0.0,21,690.0
2025-01-18,NBL-1088,709.0,0.0,21,690.0
2025-01-25,NBL-1088,688.0,796.0,21,690.0
2025-02-01,NBL-1088,662.0,796.0,21,690.0
2025-02-08,NBL-1088,1418.0,0.0,21,690.0
2025-02-15,NBL-1088,1383.0,0.0,21,690.0
2025-02-22,NBL-1088,1364.0,0.0,21,690.0
2025-03-01,NBL-1088,1348.0,0.0,21,690.0
2025-03-08,NBL-1088,1334.0,0.0,21,690.0
2025-03-15,NBL-1088,1315.0,0.0,21,690.0
2025-03-22,NBL-1088,1278.0,0.0,21,690.0
2025-03-29,NBL-1088,1242.0,0.0,21,690.0
2025-04-05,NBL-1088,1216.0,0.0,21,690.0
2025-04-12,NBL-1088,1168.0,0.0,21,690.0
2025-04-19,NBL-1088,1130.0,0.0,21,690.0
2025-04-26,NBL-1088,1099.0,0.0,21,690.0
2025-05-03,NBL-1088,1071.0,0.0,21,690.0
2025-05-10,NBL-1088,1028.0,0.0,21,690.0
2025-05-17,NBL-1088,986.0,0.0,21,690.0
2025-05-24,NBL-1088,955.0,0.0,21,690.0
2025-05-31,NBL-1088,906.0,0.0,21,690.0
2025-06-07,NBL-1088,857.0,0.0,21,690.0
2025-06-14,NBL-1088,817.0,0.0,21,690.0
2025-06-21,NBL-1088,760.0,0.0,21,690.0
2025-06-28,NBL-1088,709.0,0.0,21,690.0
2025-07-05,NBL-1088,1473.0,0.0,21,690.0
2025-07-12,NBL-1088,1426.0,0.0,21,690.0
2025-07-19,NBL-1088,1380.0,0.0,21,690.0
2025-07-26,NBL-1088,1320.0,0.0,21,690.0
2025-08-02,NBL-1088,1287.0,0.0,21,690.0
2025-08-09,NBL-1088,1238.0,0.0,21,690.0
2025-08-16,NBL-1088,1191.0,0.0,21,690.0
2025-08-23,NBL-1088,1154.0,0.0,21,690.0
2025-08-30,NBL-1088,1101.0,0.0,21,690.0
2025-09-06,NBL-1088,1067.0,0.0,21,690.0
2025-09-13,NBL-1088,1022.0,0.0,21,690.0
2025-09-20,NBL-1088,980.0,0.0,21,690.0
2025-09-27,NBL-1088,949.0,0.0,21,690.0
2025-10-04,NBL-1088,909.0,0.0,21,690.0
2025-10-11,NBL-1088,871.0,0.0,21,690.0
2025-10-18,NBL-1088,824.0,0.0,21,690.0
2025-10-25,NBL-1088,801.0,0.0,21,690.0
2025-11-01,NBL-1088,768.0,0.0,21,690.0
2025-11-08,NBL-1088,738.0,0.0,21,690.0
2025-11-15,NBL-1088,705.0,0.0,21,690.0
2025-11-22,NBL-1088,677.0,796.0,21,690.0
2025-11-29,NBL-1088,1461.0,0.0,21,690.0
2025-12-06,NBL-1088,1432.0,0.0,21,690.0
2025-12-13,NBL-1088,1406.0,0.0,21,690.0
2025-12-20,NBL-1088,1369.0,0.0,21,690.0
2025-12-27,NBL-1088,1351.0,0.0,21,690.0
2026-01-03,NBL-1088,1322.0,0.0,21,690.0
2026-01-10,NBL-1088,1299.0,0.0,21,690.0
2026-01-17,NBL-1088,1285.0,0.0,21,690.0
2026-01-24,NBL-1088,1266.0,0.0,21,690.0
2026-01-31,NBL-1088,1239.0,0.0,21,690.0
2026-02-07,NBL-1088,1217.0,0.0,21,690.0
2026-02-14,NBL-1088,1186.0,0.0,21,690.0
2026-02-21,NBL-1088,1160.0,0.0,21,690.0
2026-02-28,NBL-1088,1145.0,0.0,21,690.0
2026-03-07,NBL-1088,1129.0,0.0,21,690.0
2026-03-14,NBL-1088,1100.0,0.0,21,690.0
2026-03-21,NBL-1088,1079.0,0.0,21,690.0
2026-03-28,NBL-1088,1048.0,0.0,21,690.0
2026-04-04,NBL-1088,1025.0,0.0,21,690.0
2026-04-11,NBL-1088,983.0,0.0,21,690.0
2026-04-18,NBL-1088,949.0,0.0,21,690.0
2026-04-25,NBL-1088,926.0,0.0,21,690.0
2026-05-02,NBL-1088,882.0,0.0,21,690.0
2026-05-09,NBL-1088,852.0,0.0,21,690.0
2026-05-16,NBL-1088,821.0,0.0,21,690.0
2026-05-23,NBL-1088,784.0,0.0,21,690.0
2026-05-30,NBL-1088,755.0,0.0,21,690.0
2026-06-06,NBL-1088,730.0,0.0,21,690.0
2026-06-13,NBL-1088,688.0,796.0,21,690.0
2026-06-20,NBL-1088,642.0,796.0,21,690.0
2026-06-27,NBL-1088,1392.0,0.0,21,690.0
2026-07-04,NBL-1088,1357.0,0.0,21,690.0
2026-07-11,NBL-1088,1314.0,0.0,21,690.0
2024-07-13,NBL-1089,138.0,0.0,7,111.0
2024-07-20,NBL-1089,138.0,0.0,7,111.0
2024-07-27,NBL-1089,128.0,0.0,7,111.0
2024-08-03,NBL-1089,128.0,0.0,7,111.0
2024-08-10,NBL-1089,128.0,0.0,7,111.0
2024-08-17,NBL-1089,128.0,0.0,7,111.0
2024-08-24,NBL-1089,128.0,0.0,7,111.0
2024-08-31,NBL-1089,151.0,0.0,7,111.0
2024-09-07,NBL-1089,137.0,0.0,7,111.0
2024-09-14,NBL-1089,128.0,0.0,7,111.0
2024-09-21,NBL-1089,128.0,0.0,7,111.0
2024-09-28,NBL-1089,148.0,0.0,7,111.0
2024-10-05,NBL-1089,144.0,0.0,7,111.0
2024-10-12,NBL-1089,185.0,0.0,7,111.0
2024-10-19,NBL-1089,178.0,0.0,7,111.0
2024-10-26,NBL-1089,192.0,0.0,7,111.0
2024-11-02,NBL-1089,221.0,0.0,7,111.0
2024-11-09,NBL-1089,217.0,0.0,7,111.0
2024-11-16,NBL-1089,112.0,0.0,7,111.0
2024-11-23,NBL-1089,145.0,0.0,7,111.0
2024-11-30,NBL-1089,156.0,0.0,7,111.0
2024-12-07,NBL-1089,207.0,0.0,7,111.0
2024-12-14,NBL-1089,124.0,0.0,7,111.0
2024-12-21,NBL-1089,157.0,0.0,7,111.0
2024-12-28,NBL-1089,188.0,0.0,7,111.0
2025-01-04,NBL-1089,220.0,0.0,7,111.0
2025-01-11,NBL-1089,115.0,0.0,7,111.0
2025-01-18,NBL-1089,128.0,0.0,7,111.0
2025-01-25,NBL-1089,169.0,0.0,7,111.0
2025-02-01,NBL-1089,205.0,0.0,7,111.0
2025-02-08,NBL-1089,138.0,0.0,7,111.0
2025-02-15,NBL-1089,163.0,0.0,7,111.0
2025-02-22,NBL-1089,179.0,0.0,7,111.0
2025-03-01,NBL-1089,216.0,0.0,7,111.0
2025-03-08,NBL-1089,129.0,0.0,7,111.0
2025-03-15,NBL-1089,130.0,0.0,7,111.0
2025-03-22,NBL-1089,145.0,0.0,7,111.0
2025-03-29,NBL-1089,177.0,0.0,7,111.0
2025-04-05,NBL-1089,216.0,0.0,7,111.0
2025-04-12,NBL-1089,216.0,0.0,7,111.0
2025-04-19,NBL-1089,218.0,0.0,7,111.0
2025-04-26,NBL-1089,115.0,0.0,7,111.0
2025-05-03,NBL-1089,128.0,0.0,7,111.0
2025-05-10,NBL-1089,149.0,0.0,7,111.0
2025-05-17,NBL-1089,167.0,0.0,7,111.0
2025-05-24,NBL-1089,139.0,0.0,7,111.0
2025-05-31,NBL-1089,132.0,0.0,7,111.0
2025-06-07,NBL-1089,128.0,0.0,7,111.0
2025-06-14,NBL-1089,128.0,0.0,7,111.0
2025-06-21,NBL-1089,128.0,0.0,7,111.0
2025-06-28,NBL-1089,128.0,0.0,7,111.0
2025-07-05,NBL-1089,128.0,0.0,7,111.0
2025-07-12,NBL-1089,128.0,0.0,7,111.0
2025-07-19,NBL-1089,128.0,0.0,7,111.0
2025-07-26,NBL-1089,130.0,0.0,7,111.0
2025-08-02,NBL-1089,128.0,0.0,7,111.0
2025-08-09,NBL-1089,128.0,0.0,7,111.0
2025-08-16,NBL-1089,128.0,0.0,7,111.0
2025-08-23,NBL-1089,139.0,0.0,7,111.0
2025-08-30,NBL-1089,128.0,0.0,7,111.0
2025-09-06,NBL-1089,128.0,0.0,7,111.0
2025-09-13,NBL-1089,163.0,0.0,7,111.0
2025-09-20,NBL-1089,142.0,0.0,7,111.0
2025-09-27,NBL-1089,175.0,0.0,7,111.0
2025-10-04,NBL-1089,173.0,0.0,7,111.0
2025-10-11,NBL-1089,202.0,0.0,7,111.0
2025-10-18,NBL-1089,218.0,0.0,7,111.0
2025-10-25,NBL-1089,123.0,0.0,7,111.0
2025-11-01,NBL-1089,128.0,0.0,7,111.0
2025-11-08,NBL-1089,143.0,0.0,7,111.0
2025-11-15,NBL-1089,165.0,0.0,7,111.0
2025-11-22,NBL-1089,186.0,0.0,7,111.0
2025-11-29,NBL-1089,208.0,0.0,7,111.0
2025-12-06,NBL-1089,229.0,0.0,7,111.0
2025-12-13,NBL-1089,236.0,0.0,7,111.0
2025-12-20,NBL-1089,155.0,0.0,7,111.0
2025-12-27,NBL-1089,214.0,0.0,7,111.0
2026-01-03,NBL-1089,121.0,0.0,7,111.0
2026-01-10,NBL-1089,165.0,0.0,7,111.0
2026-01-17,NBL-1089,206.0,0.0,7,111.0
2026-01-24,NBL-1089,113.0,,7,111.0
2026-01-31,NBL-1089,176.0,0.0,7,111.0
2026-02-07,NBL-1089,227.0,0.0,7,111.0
2026-02-14,NBL-1089,148.0,0.0,7,111.0
2026-02-21,NBL-1089,196.0,0.0,7,111.0
2026-02-28,NBL-1089,114.0,0.0,7,111.0
2026-03-07,NBL-1089,140.0,0.0,7,111.0
2026-03-14,NBL-1089,153.0,0.0,7,111.0
2026-03-21,NBL-1089,184.0,0.0,7,111.0
2026-03-28,NBL-1089,229.0,0.0,7,111.0
2026-04-04,NBL-1089,223.0,0.0,7,111.0
2026-04-11,NBL-1089,119.0,0.0,7,111.0
2026-04-18,NBL-1089,145.0,0.0,7,111.0
2026-04-25,NBL-1089,163.0,0.0,7,111.0
2026-05-02,NBL-1089,181.0,0.0,7,111.0
2026-05-09,NBL-1089,196.0,0.0,7,111.0
2026-05-16,NBL-1089,192.0,0.0,7,111.0
2026-05-23,NBL-1089,204.0,0.0,7,111.0
2026-05-30,NBL-1089,221.0,0.0,7,111.0
2026-06-06,NBL-1089,224.0,0.0,7,111.0
2026-06-13,NBL-1089,233.0,0.0,7,111.0
2026-06-20,NBL-1089,231.0,0.0,7,111.0
2026-06-27,NBL-1089,215.0,0.0,7,111.0
2026-07-04,NBL-1089,203.0,0.0,7,111.0
2026-07-11,NBL-1089,212.0,0.0,7,111.0
2024-07-13,NBL-1090,352.0,0.0,28,210.0
2024-07-20,NBL-1090,265.0,0.0,28,210.0
2024-07-27,NBL-1090,211.0,0.0,28,210.0
2024-08-03,NBL-1090,120.0,243.0,28,210.0
2024-08-10,NBL-1090,299.0,0.0,28,210.0
2024-08-17,NBL-1090,230.0,0.0,28,210.0
2024-08-24,NBL-1090,175.0,243.0,28,210.0
2024-08-31,NBL-1090,87.0,243.0,28,210.0
2024-09-07,NBL-1090,269.0,0.0,28,210.0
2024-09-14,NBL-1090,220.0,0.0,28,210.0
2024-09-21,NBL-1090,154.0,243.0,28,210.0
2024-09-28,NBL-1090,102.0,243.0,28,210.0
2024-10-05,NBL-1090,276.0,0.0,28,210.0
2024-10-12,NBL-1090,209.0,243.0,28,210.0
2024-10-19,NBL-1090,141.0,243.0,28,210.0
2024-10-26,NBL-1090,81.0,243.0,28,210.0
2024-11-02,NBL-1090,284.0,0.0,28,210.0
2024-11-09,NBL-1090,240.0,0.0,28,210.0
2024-11-16,NBL-1090,199.0,243.0,28,210.0
2024-11-23,NBL-1090,173.0,243.0,28,210.0
2024-11-30,NBL-1090,379.0,0.0,28,210.0
2024-12-07,NBL-1090,321.0,0.0,28,210.0
2024-12-14,NBL-1090,277.0,0.0,28,210.0
2024-12-21,NBL-1090,219.0,0.0,28,210.0
2024-12-28,NBL-1090,417.0,0.0,28,210.0
2025-01-04,NBL-1090,385.0,0.0,28,210.0
2025-01-11,NBL-1090,341.0,0.0,28,210.0
2025-01-18,NBL-1090,285.0,0.0,28,210.0
2025-01-25,NBL-1090,248.0,0.0,28,210.0
2025-02-01,NBL-1090,212.0,0.0,28,210.0
2025-02-08,NBL-1090,159.0,243.0,28,210.0
2025-02-15,NBL-1090,110.0,243.0,28,210.0
2025-02-22,NBL-1090,317.0,0.0,28,210.0
2025-03-01,NBL-1090,263.0,0.0,28,210.0
2025-03-08,NBL-1090,224.0,0.0,28,210.0
2025-03-15,NBL-1090,189.0,243.0,28,210.0
2025-03-22,NBL-1090,379.0,0.0,28,210.0
2025-03-29,NBL-1090,331.0,0.0,28,210.0
2025-04-05,NBL-1090,280.0,0.0,28,210.0
2025-04-12,NBL-1090,229.0,0.0,28,210.0
2025-04-19,NBL-1090,415.0,0.0,28,210.0
2025-04-26,NBL-1090,349.0,0.0,28,210.0
2025-05-03,NBL-1090,304.0,0.0,28,210.0
2025-05-10,NBL-1090,236.0,0.0,28,210.0
2025-05-17,NBL-1090,430.0,0.0,28,210.0
2025-05-24,NBL-1090,371.0,0.0,28,210.0
2025-05-31,NBL-1090,305.0,0.0,28,210.0
2025-06-07,NBL-1090,260.0,0.0,28,210.0
2025-06-14,NBL-1090,212.0,0.0,28,210.0
2025-06-21,NBL-1090,147.0,243.0,28,210.0
2025-06-28,NBL-1090,81.0,243.0,28,210.0
2025-07-05,NBL-1090,3.0,243.0,28,210.0
2025-07-12,NBL-1090,243.0,0.0,28,210.0
2025-07-19,NBL-1090,177.0,243.0,28,210.0
2025-07-26,NBL-1090,118.0,243.0,28,210.0
2025-08-02,NBL-1090,66.0,243.0,28,210.0
2025-08-09,NBL-1090,243.0,0.0,28,210.0
2025-08-16,NBL-1090,188.0,243.0,28,210.0
2025-08-23,NBL-1090,134.0,243.0,28,210.0
2025-08-30,NBL-1090,86.0,243.0,28,210.0
2025-09-06,NBL-1090,276.0,0.0,28,210.0
2025-09-13,NBL-1090,205.0,243.0,28,210.0
2025-09-20,NBL-1090,172.0,243.0,28,210.0
2025-09-27,NBL-1090,117.0,243.0,28,210.0
2025-10-04,NBL-1090,291.0,0.0,28,210.0
2025-10-11,NBL-1090,239.0,0.0,28,210.0
2025-10-18,NBL-1090,188.0,243.0,28,210.0
2025-10-25,NBL-1090,138.0,243.0,28,210.0
2025-11-01,NBL-1090,346.0,0.0,28,210.0
2025-11-08,NBL-1090,291.0,0.0,28,210.0
2025-11-15,NBL-1090,244.0,0.0,28,210.0
2025-11-22,NBL-1090,212.0,0.0,28,210.0
2025-11-29,NBL-1090,405.0,0.0,28,210.0
2025-12-06,NBL-1090,365.0,0.0,28,210.0
2025-12-13,NBL-1090,321.0,0.0,28,210.0
2025-12-20,NBL-1090,270.0,0.0,28,210.0
2025-12-27,NBL-1090,234.0,0.0,28,210.0
2026-01-03,NBL-1090,185.0,243.0,28,210.0
2026-01-10,NBL-1090,159.0,243.0,28,210.0
2026-01-17,NBL-1090,112.0,243.0,28,210.0
2026-01-24,NBL-1090,317.0,0.0,28,210.0
2026-01-31,NBL-1090,285.0,0.0,28,210.0
2026-02-07,NBL-1090,240.0,0.0,28,210.0
2026-02-14,NBL-1090,192.0,243.0,28,210.0
2026-02-21,NBL-1090,392.0,0.0,28,210.0
2026-02-28,NBL-1090,333.0,0.0,28,210.0
2026-03-07,NBL-1090,296.0,0.0,28,210.0
2026-03-14,NBL-1090,247.0,0.0,28,210.0
2026-03-21,NBL-1090,216.0,0.0,28,210.0
2026-03-28,NBL-1090,172.0,243.0,28,210.0
2026-04-04,NBL-1090,119.0,243.0,28,210.0
2026-04-11,NBL-1090,64.0,243.0,28,210.0
2026-04-18,NBL-1090,271.0,0.0,28,210.0
2026-04-25,NBL-1090,229.0,0.0,28,210.0
2026-05-02,NBL-1090,178.0,243.0,28,210.0
2026-05-09,NBL-1090,117.0,243.0,28,210.0
2026-05-16,NBL-1090,308.0,0.0,28,210.0
2026-05-23,NBL-1090,269.0,0.0,28,210.0
2026-05-30,NBL-1090,206.0,243.0,28,210.0
2026-06-06,NBL-1090,160.0,243.0,28,210.0
2026-06-13,NBL-1090,336.0,0.0,28,210.0
2026-06-20,NBL-1090,275.0,0.0,28,210.0
2026-06-27,NBL-1090,229.0,0.0,28,210.0
2026-07-04,NBL-1090,176.0,243.0,28,210.0
2026-07-11,NBL-1090,354.0,0.0,28,210.0
2024-07-13,NBL-1091,1084.0,0.0,21,666.0
2024-07-20,NBL-1091,811.0,0.0,21,666.0
2024-07-27,NBL-1091,569.0,768.0,21,666.0
2024-08-03,NBL-1091,1068.0,0.0,21,666.0
2024-08-10,NBL-1091,818.0,0.0,21,666.0
2024-08-17,NBL-1091,525.0,768.0,21,666.0
2024-08-24,NBL-1091,1011.0,0.0,21,666.0
2024-08-31,NBL-1091,745.0,0.0,21,666.0
2024-09-07,NBL-1091,467.0,768.0,21,666.0
2024-09-14,NBL-1091,992.0,0.0,21,666.0
2024-09-21,NBL-1091,742.0,0.0,21,666.0
2024-09-28,NBL-1091,491.0,768.0,21,666.0
2024-10-05,NBL-1091,983.0,0.0,21,666.0
2024-10-12,NBL-1091,742.0,,21,666.0
2024-10-19,NBL-1091,508.0,768.0,21,666.0
2024-10-26,NBL-1091,987.0,0.0,21,666.0
2024-11-02,NBL-1091,748.0,0.0,21,666.0
2024-11-09,NBL-1091,517.0,768.0,21,666.0
2024-11-16,NBL-1091,1076.0,0.0,21,666.0
2024-11-23,NBL-1091,825.0,0.0,21,666.0
2024-11-30,NBL-1091,578.0,768.0,21,666.0
2024-12-07,NBL-1091,1117.0,0.0,21,666.0
2024-12-14,NBL-1091,902.0,0.0,21,666.0
2024-12-21,NBL-1091,716.0,0.0,21,666.0
2024-12-28,NBL-1091,1296.0,0.0,21,666.0
2025-01-04,NBL-1091,1080.0,0.0,21,666.0
2025-01-11,NBL-1091,862.0,0.0,21,666.0
2025-01-18,NBL-1091,1376.0,0.0,21,666.0
2025-01-25,NBL-1091,1167.0,0.0,21,666.0
2025-02-01,NBL-1091,961.0,0.0,21,666.0
2025-02-08,NBL-1091,737.0,0.0,21,666.0
2025-02-15,NBL-1091,556.0,768.0,21,666.0
2025-02-22,NBL-1091,361.0,768.0,21,666.0
2025-03-01,NBL-1091,971.0,0.0,21,666.0
2025-03-08,NBL-1091,719.0,0.0,21,666.0
2025-03-15,NBL-1091,504.0,768.0,21,666.0
2025-03-22,NBL-1091,1045.0,0.0,21,666.0
2025-03-29,NBL-1091,844.0,0.0,21,666.0
2025-04-05,NBL-1091,616.0,768.0,21,666.0
2025-04-12,NBL-1091,1101.0,0.0,21,666.0
2025-04-19,NBL-1091,877.0,0.0,21,666.0
2025-04-26,NBL-1091,661.0,768.0,21,666.0
2025-05-03,NBL-1091,1188.0,0.0,21,666.0
2025-05-10,NBL-1091,900.0,0.0,21,666.0
2025-05-17,NBL-1091,649.0,768.0,21,666.0
2025-05-24,NBL-1091,1161.0,0.0,21,666.0
2025-05-31,NBL-1091,909.0,0.0,21,666.0
2025-06-07,NBL-1091,633.0,768.0,21,666.0
2025-06-14,NBL-1091,1141.0,0.0,21,666.0
2025-06-21,NBL-1091,881.0,0.0,21,666.0
2025-06-28,NBL-1091,596.0,768.0,21,666.0
2025-07-05,NBL-1091,1154.0,0.0,21,666.0
2025-07-12,NBL-1091,881.0,0.0,21,666.0
2025-07-19,NBL-1091,617.0,768.0,21,666.0
2025-07-26,NBL-1091,1100.0,0.0,21,666.0
2025-08-02,NBL-1091,820.0,0.0,21,666.0
2025-08-09,NBL-1091,541.0,768.0,21,666.0
2025-08-16,NBL-1091,1024.0,0.0,21,666.0
2025-08-23,NBL-1091,776.0,0.0,21,666.0
2025-08-30,NBL-1091,537.0,768.0,21,666.0
2025-09-06,NBL-1091,1052.0,0.0,21,666.0
2025-09-13,NBL-1091,844.0,0.0,21,666.0
2025-09-20,NBL-1091,607.0,768.0,21,666.0
2025-09-27,NBL-1091,1115.0,0.0,21,666.0
2025-10-04,NBL-1091,878.0,0.0,21,666.0
2025-10-11,NBL-1091,668.0,0.0,21,666.0
2025-10-18,NBL-1091,1213.0,0.0,21,666.0
2025-10-25,NBL-1091,1003.0,0.0,21,666.0
2025-11-01,NBL-1091,742.0,0.0,21,666.0
2025-11-08,NBL-1091,1321.0,0.0,21,666.0
2025-11-15,NBL-1091,1073.0,0.0,21,666.0
2025-11-22,NBL-1091,864.0,0.0,21,666.0
2025-11-29,NBL-1091,1431.0,0.0,21,666.0
2025-12-06,NBL-1091,1237.0,0.0,21,666.0
2025-12-13,NBL-1091,1045.0,0.0,21,666.0
2025-12-20,NBL-1091,856.0,0.0,21,666.0
2025-12-27,NBL-1091,676.0,0.0,21,666.0
2026-01-03,NBL-1091,506.0,768.0,21,666.0
2026-01-10,NBL-1091,1082.0,0.0,21,666.0
2026-01-17,NBL-1091,890.0,0.0,21,666.0
2026-01-24,NBL-1091,688.0,0.0,21,666.0
2026-01-31,NBL-1091,1240.0,0.0,21,666.0
2026-02-07,NBL-1091,1048.0,0.0,21,666.0
2026-02-14,NBL-1091,866.0,0.0,21,666.0
2026-02-21,NBL-1091,1401.0,0.0,21,666.0
2026-02-28,NBL-1091,1185.0,0.0,21,666.0
2026-03-07,NBL-1091,965.0,0.0,21,666.0
2026-03-14,NBL-1091,742.0,0.0,21,666.0
2026-03-21,NBL-1091,499.0,768.0,21,666.0
2026-03-28,NBL-1091,252.0,768.0,21,666.0
2026-04-04,NBL-1091,829.0,0.0,21,666.0
2026-04-11,NBL-1091,602.0,768.0,21,666.0
2026-04-18,NBL-1091,376.0,768.0,21,666.0
2026-04-25,NBL-1091,913.0,0.0,21,666.0
2026-05-02,NBL-1091,693.0,0.0,21,666.0
2026-05-09,NBL-1091,462.0,768.0,21,666.0
2026-05-16,NBL-1091,1012.0,0.0,21,666.0
2026-05-23,NBL-1091,762.0,0.0,21,666.0
2026-05-30,NBL-1091,517.0,768.0,21,666.0
2026-06-06,NBL-1091,1050.0,0.0,21,666.0
2026-06-13,NBL-1091,846.0,0.0,21,666.0
2026-06-20,NBL-1091,608.0,768.0,21,666.0
2026-06-27,NBL-1091,1169.0,0.0,21,666.0
2026-07-04,NBL-1091,908.0,0.0,21,666.0
2026-07-11,NBL-1091,647.0,768.0,21,666.0
2024-07-13,NBL-1092,203.0,0.0,14,195.0
2024-07-20,NBL-1092,75.0,225.0,14,195.0
2024-07-27,NBL-1092,225.0,0.0,14,195.0
2024-08-03,NBL-1092,103.0,225.0,14,195.0
2024-08-10,NBL-1092,227.0,0.0,14,195.0
2024-08-17,NBL-1092,121.0,225.0,14,195.0
2024-08-24,NBL-1092,235.0,0.0,14,195.0
2024-08-31,NBL-1092,87.0,225.0,14,195.0
2024-09-07,NBL-1092,225.0,0.0,14,195.0
2024-09-14,NBL-1092,119.0,225.0,14,195.0
2024-09-21,NBL-1092,252.0,0.0,14,195.0
2024-09-28,NBL-1092,133.0,225.0,14,195.0
2024-10-05,NBL-1092,254.0,0.0,14,195.0
2024-10-12,NBL-1092,167.0,225.0,14,195.0
2024-10-19,NBL-1092,293.0,0.0,14,195.0
2024-10-26,NBL-1092,196.0,0.0,14,195.0
2024-11-02,NBL-1092,341.0,0.0,14,195.0
2024-11-09,NBL-1092,245.0,0.0,14,195.0
2024-11-16,NBL-1092,392.0,0.0,14,195.0
2024-11-23,NBL-1092,314.0,0.0,14,195.0
2024-11-30,NBL-1092,219.0,0.0,14,195.0
2024-12-07,NBL-1092,142.0,225.0,14,195.0
2024-12-14,NBL-1092,268.0,0.0,14,195.0
2024-12-21,NBL-1092,187.0,225.0,14,195.0
2024-12-28,NBL-1092,336.0,0.0,14,195.0
2025-01-04,NBL-1092,249.0,0.0,14,195.0
2025-01-11,NBL-1092,387.0,,14,195.0
2025-01-18,NBL-1092,302.0,0.0,14,195.0
2025-01-25,NBL-1092,236.0,0.0,14,195.0
2025-02-01,NBL-1092,159.0,225.0,14,195.0
2025-02-08,NBL-1092,314.0,0.0,14,195.0
2025-02-15,NBL-1092,246.0,0.0,14,195.0
2025-02-22,NBL-1092,377.0,0.0,14,195.0
2025-03-01,NBL-1092,288.0,0.0,14,195.0
2025-03-08,NBL-1092,219.0,0.0,14,195.0
2025-03-15,NBL-1092,127.0,225.0,14,195.0
2025-03-22,NBL-1092,262.0,0.0,14,195.0
2025-03-29,NBL-1092,189.0,225.0,14,195.0
2025-04-05,NBL-1092,336.0,0.0,14,195.0
2025-04-12,NBL-1092,232.0,0.0,14,195.0
2025-04-19,NBL-1092,367.0,0.0,14,195.0
2025-04-26,NBL-1092,280.0,0.0,14,195.0
2025-05-03,NBL-1092,211.0,0.0,14,195.0
2025-05-10,NBL-1092,118.0,225.0,14,195.0
2025-05-17,NBL-1092,243.0,0.0,14,195.0
2025-05-24,NBL-1092,153.0,225.0,14,195.0
2025-05-31,NBL-1092,264.0,0.0,14,195.0
2025-06-07,NBL-1092,127.0,225.0,14,195.0
2025-06-14,NBL-1092,228.0,0.0,14,195.0
2025-06-21,NBL-1092,117.0,225.0,14,195.0
2025-06-28,NBL-1092,225.0,0.0,14,195.0
2025-07-05,NBL-1092,124.0,225.0,14,195.0
2025-07-12,NBL-1092,226.0,0.0,14,195.0
2025-07-19,NBL-1092,116.0,225.0,14,195.0
2025-07-26,NBL-1092,225.0,0.0,14,195.0
2025-08-02,NBL-1092,117.0,225.0,14,195.0
2025-08-09,NBL-1092,230.0,0.0,14,195.0
2025-08-16,NBL-1092,134.0,225.0,14,195.0
2025-08-23,NBL-1092,227.0,0.0,14,195.0
2025-08-30,NBL-1092,119.0,225.0,14,195.0
2025-09-06,NBL-1092,243.0,0.0,14,195.0
2025-09-13,NBL-1092,150.0,225.0,14,195.0
2025-09-20,NBL-1092,273.0,0.0,14,195.0
2025-09-27,NBL-1092,178.0,225.0,14,195.0
2025-10-04,NBL-1092,319.0,0.0,14,195.0
2025-10-11,NBL-1092,250.0,0.0,14,195.0
2025-10-18,NBL-1092,372.0,0.0,14,195.0
2025-10-25,NBL-1092,283.0,0.0,14,195.0
2025-11-01,NBL-1092,418.0,0.0,14,195.0
2025-11-08,NBL-1092,328.0,,14,195.0
2025-11-15,NBL-1092,264.0,0.0,14,195.0
2025-11-22,NBL-1092,193.0,225.0,14,195.0
2025-11-29,NBL-1092,336.0,0.0,14,195.0
2025-12-06,NBL-1092,272.0,0.0,14,195.0
2025-12-13,NBL-1092,204.0,0.0,14,195.0
2025-12-20,NBL-1092,141.0,225.0,14,195.0
2025-12-27,NBL-1092,314.0,0.0,14,195.0
2026-01-03,NBL-1092,252.0,0.0,14,195.0
2026-01-10,NBL-1092,406.0,0.0,14,195.0
2026-01-17,NBL-1092,352.0,0.0,14,195.0
2026-01-24,NBL-1092,294.0,0.0,14,195.0
2026-01-31,NBL-1092,235.0,0.0,14,195.0
2026-02-07,NBL-1092,380.0,0.0,14,195.0
2026-02-14,NBL-1092,318.0,0.0,14,195.0
2026-02-21,NBL-1092,265.0,0.0,14,195.0
2026-02-28,NBL-1092,212.0,0.0,14,195.0
2026-03-07,NBL-1092,371.0,0.0,14,195.0
2026-03-14,NBL-1092,301.0,0.0,14,195.0
2026-03-21,NBL-1092,231.0,0.0,14,195.0
2026-03-28,NBL-1092,164.0,225.0,14,195.0
2026-04-04,NBL-1092,316.0,0.0,14,195.0
2026-04-11,NBL-1092,242.0,0.0,14,195.0
2026-04-18,NBL-1092,402.0,0.0,14,195.0
2026-04-25,NBL-1092,315.0,0.0,14,195.0
2026-05-02,NBL-1092,242.0,0.0,14,195.0
2026-05-09,NBL-1092,175.0,225.0,14,195.0
2026-05-16,NBL-1092,316.0,0.0,14,195.0
2026-05-23,NBL-1092,219.0,0.0,14,195.0
2026-05-30,NBL-1092,347.0,0.0,14,195.0
2026-06-06,NBL-1092,269.0,0.0,14,195.0
2026-06-13,NBL-1092,399.0,0.0,14,195.0
2026-06-20,NBL-1092,317.0,0.0,14,195.0
2026-06-27,NBL-1092,234.0,0.0,14,195.0
2026-07-04,NBL-1092,144.0,225.0,14,195.0
2026-07-11,NBL-1092,265.0,0.0,14,195.0
2024-07-13,NBL-1093,705.0,0.0,14,373.0
2024-07-20,NBL-1093,399.0,0.0,14,373.0
2024-07-27,NBL-1093,549.0,0.0,14,373.0
2024-08-03,NBL-1093,298.0,430.0,14,373.0
2024-08-10,NBL-1093,473.0,0.0,14,373.0
2024-08-17,NBL-1093,199.0,430.0,14,373.0
2024-08-24,NBL-1093,430.0,0.0,14,373.0
2024-08-31,NBL-1093,162.0,430.0,14,373.0
2024-09-07,NBL-1093,430.0,0.0,14,373.0
2024-09-14,NBL-1093,159.0,430.0,14,373.0
2024-09-21,NBL-1093,430.0,0.0,14,373.0
2024-09-28,NBL-1093,193.0,430.0,14,373.0
2024-10-05,NBL-1093,435.0,0.0,14,373.0
2024-10-12,NBL-1093,197.0,430.0,14,373.0
2024-10-19,NBL-1093,430.0,0.0,14,373.0
2024-10-26,NBL-1093,168.0,430.0,14,373.0
2024-11-02,NBL-1093,430.0,0.0,14,373.0
2024-11-09,NBL-1093,228.0,430.0,14,373.0
2024-11-16,NBL-1093,450.0,0.0,14,373.0
2024-11-23,NBL-1093,245.0,430.0,14,373.0
2024-11-30,NBL-1093,463.0,0.0,14,373.0
2024-12-07,NBL-1093,256.0,430.0,14,373.0
2024-12-14,NBL-1093,483.0,0.0,14,373.0
2024-12-21,NBL-1093,284.0,430.0,14,373.0
2024-12-28,NBL-1093,530.0,0.0,14,373.0
2025-01-04,NBL-1093,329.0,430.0,14,373.0
2025-01-11,NBL-1093,597.0,0.0,14,373.0
2025-01-18,NBL-1093,410.0,0.0,14,373.0
2025-01-25,NBL-1093,674.0,0.0,14,373.0
2025-02-01,NBL-1093,465.0,0.0,14,373.0
2025-02-08,NBL-1093,690.0,0.0,14,373.0
2025-02-15,NBL-1093,526.0,0.0,14,373.0
2025-02-22,NBL-1093,756.0,0.0,14,373.0
2025-03-01,NBL-1093,536.0,0.0,14,373.0
2025-03-08,NBL-1093,747.0,0.0,14,373.0
2025-03-15,NBL-1093,537.0,0.0,14,373.0
2025-03-22,NBL-1093,724.0,0.0,14,373.0
2025-03-29,NBL-1093,468.0,0.0,14,373.0
2025-04-05,NBL-1093,669.0,0.0,14,373.0
2025-04-12,NBL-1093,434.0,0.0,14,373.0
2025-04-19,NBL-1093,574.0,0.0,14,373.0
2025-04-26,NBL-1093,350.0,430.0,14,373.0
2025-05-03,NBL-1093,606.0,0.0,14,373.0
2025-05-10,NBL-1093,349.0,430.0,14,373.0
2025-05-17,NBL-1093,522.0,0.0,14,373.0
2025-05-24,NBL-1093,219.0,430.0,14,373.0
2025-05-31,NBL-1093,430.0,0.0,14,373.0
2025-06-07,NBL-1093,187.0,430.0,14,373.0
2025-06-14,NBL-1093,430.0,0.0,14,373.0
2025-06-21,NBL-1093,119.0,430.0,14,373.0
2025-06-28,NBL-1093,430.0,0.0,14,373.0
2025-07-05,NBL-1093,144.0,430.0,14,373.0
2025-07-12,NBL-1093,430.0,0.0,14,373.0
2025-07-19,NBL-1093,110.0,430.0,14,373.0
2025-07-26,NBL-1093,430.0,0.0,14,373.0
2025-08-02,NBL-1093,173.0,430.0,14,373.0
2025-08-09,NBL-1093,430.0,0.0,14,373.0
2025-08-16,NBL-1093,188.0,430.0,14,373.0
2025-08-23,NBL-1093,430.0,0.0,14,373.0
2025-08-30,NBL-1093,117.0,430.0,14,373.0
2025-09-06,NBL-1093,430.0,0.0,14,373.0
2025-09-13,NBL-1093,141.0,430.0,14,373.0
2025-09-20,NBL-1093,430.0,0.0,14,373.0
2025-09-27,NBL-1093,116.0,430.0,14,373.0
2025-10-04,NBL-1093,430.0,0.0,14,373.0
2025-10-11,NBL-1093,113.0,430.0,14,373.0
2025-10-18,NBL-1093,430.0,0.0,14,373.0
2025-10-25,NBL-1093,198.0,430.0,14,373.0
2025-11-01,NBL-1093,430.0,0.0,14,373.0
2025-11-08,NBL-1093,200.0,430.0,14,373.0
2025-11-15,NBL-1093,430.0,0.0,14,373.0
2025-11-22,NBL-1093,205.0,430.0,14,373.0
2025-11-29,NBL-1093,430.0,0.0,14,373.0
2025-12-06,NBL-1093,246.0,430.0,14,373.0
2025-12-13,NBL-1093,458.0,0.0,14,373.0
2025-12-20,NBL-1093,226.0,430.0,14,373.0
2025-12-27,NBL-1093,440.0,0.0,14,373.0
2026-01-03,NBL-1093,198.0,430.0,14,373.0
2026-01-10,NBL-1093,430.0,0.0,14,373.0
2026-01-17,NBL-1093,201.0,430.0,14,373.0
2026-01-24,NBL-1093,430.0,0.0,14,373.0
2026-01-31,NBL-1093,183.0,430.0,14,373.0
2026-02-07,NBL-1093,437.0,0.0,14,373.0
2026-02-14,NBL-1093,188.0,430.0,14,373.0
2026-02-21,NBL-1093,430.0,0.0,14,373.0
2026-02-28,NBL-1093,223.0,430.0,14,373.0
2026-03-07,NBL-1093,430.0,0.0,14,373.0
2026-03-14,NBL-1093,199.0,430.0,14,373.0
2026-03-21,NBL-1093,430.0,0.0,14,373.0
2026-03-28,NBL-1093,134.0,430.0,14,373.0
2026-04-04,NBL-1093,430.0,0.0,14,373.0
2026-04-11,NBL-1093,184.0,430.0,14,373.0
2026-04-18,NBL-1093,430.0,0.0,14,373.0
2026-04-25,NBL-1093,167.0,430.0,14,373.0
2026-05-02,NBL-1093,430.0,0.0,14,373.0
2026-05-09,NBL-1093,123.0,430.0,14,373.0
2026-05-16,NBL-1093,430.0,0.0,14,373.0
2026-05-23,NBL-1093,110.0,430.0,14,373.0
2026-05-30,NBL-1093,430.0,0.0,14,373.0
2026-06-06,NBL-1093,56.0,430.0,14,373.0
2026-06-13,NBL-1093,430.0,0.0,14,373.0
2026-06-20,NBL-1093,134.0,430.0,14,373.0
2026-06-27,NBL-1093,430.0,0.0,14,373.0
2026-07-04,NBL-1093,73.0,430.0,14,373.0
2026-07-11,NBL-1093,430.0,0.0,14,373.0
2024-07-13,NBL-1094,257.0,0.0,28,158.0
2024-07-20,NBL-1094,208.0,0.0,28,158.0
2024-07-27,NBL-1094,158.0,182.0,28,158.0
2024-08-03,NBL-1094,104.0,182.0,28,158.0
2024-08-10,NBL-1094,232.0,0.0,28,158.0
2024-08-17,NBL-1094,179.0,0.0,28,158.0
2024-08-24,NBL-1094,119.0,182.0,28,158.0
2024-08-31,NBL-1094,74.0,182.0,28,158.0
2024-09-07,NBL-1094,182.0,0.0,28,158.0
2024-09-14,NBL-1094,134.0,182.0,28,158.0
2024-09-21,NBL-1094,68.0,182.0,28,158.0
2024-09-28,NBL-1094,26.0,182.0,28,158.0
2024-10-05,NBL-1094,182.0,0.0,28,158.0
2024-10-12,NBL-1094,145.0,182.0,28,158.0
2024-10-19,NBL-1094,99.0,182.0,28,158.0
2024-10-26,NBL-1094,61.0,182.0,28,158.0
2024-11-02,NBL-1094,216.0,0.0,28,158.0
2024-11-09,NBL-1094,183.0,0.0,28,158.0
2024-11-16,NBL-1094,147.0,182.0,28,158.0
2024-11-23,NBL-1094,121.0,182.0,28,158.0
2024-11-30,NBL-1094,268.0,0.0,28,158.0
2024-12-07,NBL-1094,236.0,0.0,28,158.0
2024-12-14,NBL-1094,209.0,0.0,28,158.0
2024-12-21,NBL-1094,169.0,0.0,28,158.0
2024-12-28,NBL-1094,323.0,0.0,28,158.0
2025-01-04,NBL-1094,296.0,0.0,28,158.0
2025-01-11,NBL-1094,260.0,0.0,28,158.0
2025-01-18,NBL-1094,222.0,0.0,28,158.0
2025-01-25,NBL-1094,192.0,0.0,28,158.0
2025-02-01,NBL-1094,173.0,0.0,28,158.0
2025-02-08,NBL-1094,143.0,182.0,28,158.0
2025-02-15,NBL-1094,108.0,182.0,28,158.0
2025-02-22,NBL-1094,252.0,0.0,28,158.0
2025-03-01,NBL-1094,211.0,0.0,28,158.0
2025-03-08,NBL-1094,157.0,182.0,28,158.0
2025-03-15,NBL-1094,127.0,182.0,28,158.0
2025-03-22,NBL-1094,279.0,0.0,28,158.0
2025-03-29,NBL-1094,244.0,0.0,28,158.0
2025-04-05,NBL-1094,210.0,0.0,28,158.0
2025-04-12,NBL-1094,172.0,0.0,28,158.0
2025-04-19,NBL-1094,315.0,0.0,28,158.0
2025-04-26,NBL-1094,269.0,0.0,28,158.0
2025-05-03,NBL-1094,232.0,0.0,28,158.0
2025-05-10,NBL-1094,189.0,0.0,28,158.0
2025-05-17,NBL-1094,328.0,0.0,28,158.0
2025-05-24,NBL-1094,279.0,0.0,28,158.0
2025-05-31,NBL-1094,237.0,0.0,28,158.0
2025-06-07,NBL-1094,194.0,0.0,28,158.0
2025-06-14,NBL-1094,339.0,0.0,28,158.0
2025-06-21,NBL-1094,303.0,0.0,28,158.0
2025-06-28,NBL-1094,233.0,0.0,28,158.0
2025-07-05,NBL-1094,173.0,0.0,28,158.0
2025-07-12,NBL-1094,306.0,0.0,28,158.0
2025-07-19,NBL-1094,261.0,0.0,28,158.0
2025-07-26,NBL-1094,204.0,0.0,28,158.0
2025-08-02,NBL-1094,154.0,182.0,28,158.0
2025-08-09,NBL-1094,280.0,0.0,28,158.0
2025-08-16,NBL-1094,221.0,0.0,28,158.0
2025-08-23,NBL-1094,180.0,0.0,28,158.0
2025-08-30,NBL-1094,134.0,182.0,28,158.0
2025-09-06,NBL-1094,261.0,0.0,28,158.0
2025-09-13,NBL-1094,211.0,0.0,28,158.0
2025-09-20,NBL-1094,160.0,0.0,28,158.0
2025-09-27,NBL-1094,121.0,182.0,28,158.0
2025-10-04,NBL-1094,259.0,0.0,28,158.0
2025-10-11,NBL-1094,226.0,0.0,28,158.0
2025-10-18,NBL-1094,184.0,0.0,28,158.0
2025-10-25,NBL-1094,133.0,182.0,28,158.0
2025-11-01,NBL-1094,265.0,0.0,28,158.0
2025-11-08,NBL-1094,218.0,0.0,28,158.0
2025-11-15,NBL-1094,170.0,0.0,28,158.0
2025-11-22,NBL-1094,138.0,182.0,28,158.0
2025-11-29,NBL-1094,297.0,0.0,28,158.0
2025-12-06,NBL-1094,271.0,0.0,28,158.0
2025-12-13,NBL-1094,236.0,0.0,28,158.0
2025-12-20,NBL-1094,206.0,0.0,28,158.0
2025-12-27,NBL-1094,168.0,,28,158.0
2026-01-03,NBL-1094,137.0,182.0,28,158.0
2026-01-10,NBL-1094,114.0,182.0,28,158.0
2026-01-17,NBL-1094,76.0,182.0,28,158.0
2026-01-24,NBL-1094,229.0,0.0,28,158.0
2026-01-31,NBL-1094,204.0,0.0,28,158.0
2026-02-07,NBL-1094,174.0,0.0,28,158.0
2026-02-14,NBL-1094,150.0,182.0,28,158.0
2026-02-21,NBL-1094,312.0,0.0,28,158.0
2026-02-28,NBL-1094,294.0,0.0,28,158.0
2026-03-07,NBL-1094,262.0,0.0,28,158.0
2026-03-14,NBL-1094,231.0,0.0,28,158.0
2026-03-21,NBL-1094,202.0,0.0,28,158.0
2026-03-28,NBL-1094,177.0,0.0,28,158.0
2026-04-04,NBL-1094,122.0,182.0,28,158.0
2026-04-11,NBL-1094,82.0,182.0,28,158.0
2026-04-18,NBL-1094,221.0,0.0,28,158.0
2026-04-25,NBL-1094,182.0,0.0,28,158.0
2026-05-02,NBL-1094,137.0,182.0,28,158.0
2026-05-09,NBL-1094,85.0,182.0,28,158.0
2026-05-16,NBL-1094,218.0,0.0,28,158.0
2026-05-23,NBL-1094,172.0,0.0,28,158.0
2026-05-30,NBL-1094,122.0,182.0,28,158.0
2026-06-06,NBL-1094,85.0,182.0,28,158.0
2026-06-13,NBL-1094,229.0,0.0,28,158.0
2026-06-20,NBL-1094,171.0,0.0,28,158.0
2026-06-27,NBL-1094,117.0,182.0,28,158.0
2026-07-04,NBL-1094,60.0,182.0,28,158.0
2026-07-11,NBL-1094,188.0,0.0,28,158.0
2024-07-13,NBL-1095,1041.0,0.0,21,732.0
2024-07-20,NBL-1095,722.0,844.0,21,732.0
2024-07-27,NBL-1095,327.0,844.0,21,732.0
2024-08-03,NBL-1095,844.0,0.0,21,732.0
2024-08-10,NBL-1095,493.0,844.0,21,732.0
2024-08-17,NBL-1095,166.0,844.0,21,732.0
2024-08-24,NBL-1095,844.0,0.0,21,732.0
2024-08-31,NBL-1095,517.0,844.0,21,732.0
2024-09-07,NBL-1095,140.0,844.0,21,732.0
2024-09-14,NBL-1095,844.0,0.0,21,732.0
2024-09-21,NBL-1095,480.0,844.0,21,732.0
2024-09-28,NBL-1095,63.0,844.0,21,732.0
2024-10-05,NBL-1095,844.0,0.0,21,732.0
2024-10-12,NBL-1095,454.0,844.0,21,732.0
2024-10-19,NBL-1095,225.0,844.0,21,732.0
2024-10-26,NBL-1095,844.0,0.0,21,732.0
2024-11-02,NBL-1095,537.0,844.0,21,732.0
2024-11-09,NBL-1095,234.0,844.0,21,732.0
2024-11-16,NBL-1095,844.0,0.0,21,732.0
2024-11-23,NBL-1095,547.0,844.0,21,732.0
2024-11-30,NBL-1095,293.0,844.0,21,732.0
2024-12-07,NBL-1095,879.0,0.0,21,732.0
2024-12-14,NBL-1095,621.0,844.0,21,732.0
2024-12-21,NBL-1095,325.0,844.0,21,732.0
2024-12-28,NBL-1095,943.0,0.0,21,732.0
2025-01-04,NBL-1095,689.0,844.0,21,732.0
2025-01-11,NBL-1095,471.0,844.0,21,732.0
2025-01-18,NBL-1095,1126.0,0.0,21,732.0
2025-01-25,NBL-1095,867.0,0.0,21,732.0
2025-02-01,NBL-1095,647.0,844.0,21,732.0
2025-02-08,NBL-1095,1287.0,0.0,21,732.0
2025-02-15,NBL-1095,1008.0,0.0,21,732.0
2025-02-22,NBL-1095,820.0,0.0,21,732.0
2025-03-01,NBL-1095,1368.0,0.0,21,732.0
2025-03-08,NBL-1095,1093.0,0.0,21,732.0
2025-03-15,NBL-1095,788.0,0.0,21,732.0
2025-03-22,NBL-1095,1338.0,0.0,21,732.0
2025-03-29,NBL-1095,1024.0,0.0,21,732.0
2025-04-05,NBL-1095,672.0,844.0,21,732.0
2025-04-12,NBL-1095,1160.0,0.0,21,732.0
2025-04-19,NBL-1095,797.0,0.0,21,732.0
2025-04-26,NBL-1095,473.0,844.0,21,732.0
2025-05-03,NBL-1095,844.0,0.0,21,732.0
2025-05-10,NBL-1095,537.0,844.0,21,732.0
2025-05-17,NBL-1095,75.0,844.0,21,732.0
2025-05-24,NBL-1095,844.0,0.0,21,732.0
2025-05-31,NBL-1095,430.0,844.0,21,732.0
2025-06-07,NBL-1095,8.0,844.0,21,732.0
2025-06-14,NBL-1095,844.0,0.0,21,732.0
2025-06-21,NBL-1095,411.0,844.0,21,732.0
2025-06-28,NBL-1095,0.0,844.0,21,732.0
2025-07-05,NBL-1095,844.0,0.0,21,732.0
2025-07-12,NBL-1095,292.0,844.0,21,732.0
2025-07-19,NBL-1095,0.0,844.0,21,732.0
2025-07-26,NBL-1095,844.0,0.0,21,732.0
2025-08-02,NBL-1095,358.0,844.0,21,732.0
2025-08-09,NBL-1095,0.0,844.0,21,732.0
2025-08-16,NBL-1095,844.0,0.0,21,732.0
2025-08-23,NBL-1095,278.0,844.0,21,732.0
2025-08-30,NBL-1095,0.0,844.0,21,732.0
2025-09-06,NBL-1095,844.0,0.0,21,732.0
2025-09-13,NBL-1095,255.0,844.0,21,732.0
2025-09-20,NBL-1095,0.0,844.0,21,732.0
2025-09-27,NBL-1095,844.0,0.0,21,732.0
2025-10-04,NBL-1095,447.0,844.0,21,732.0
2025-10-11,NBL-1095,28.0,844.0,21,732.0
2025-10-18,NBL-1095,844.0,0.0,21,732.0
2025-10-25,NBL-1095,533.0,844.0,21,732.0
2025-11-01,NBL-1095,94.0,,21,732.0
2025-11-08,NBL-1095,844.0,0.0,21,732.0
2025-11-15,NBL-1095,446.0,844.0,21,732.0
2025-11-22,NBL-1095,54.0,844.0,21,732.0
2025-11-29,NBL-1095,844.0,0.0,21,732.0
2025-12-06,NBL-1095,525.0,844.0,21,732.0
2025-12-13,NBL-1095,296.0,844.0,21,732.0
2025-12-20,NBL-1095,844.0,0.0,21,732.0
2025-12-27,NBL-1095,575.0,844.0,21,732.0
2026-01-03,NBL-1095,267.0,844.0,21,732.0
2026-01-10,NBL-1095,844.0,0.0,21,732.0
2026-01-17,NBL-1095,525.0,844.0,21,732.0
2026-01-24,NBL-1095,252.0,844.0,21,732.0
2026-01-31,NBL-1095,844.0,0.0,21,732.0
2026-02-07,NBL-1095,456.0,844.0,21,732.0
2026-02-14,NBL-1095,134.0,844.0,21,732.0
2026-02-21,NBL-1095,844.0,0.0,21,732.0
2026-02-28,NBL-1095,473.0,844.0,21,732.0
2026-03-07,NBL-1095,125.0,844.0,21,732.0
2026-03-14,NBL-1095,844.0,0.0,21,732.0
2026-03-21,NBL-1095,476.0,844.0,21,732.0
2026-03-28,NBL-1095,152.0,844.0,21,732.0
2026-04-04,NBL-1095,844.0,0.0,21,732.0
2026-04-11,NBL-1095,485.0,844.0,21,732.0
2026-04-18,NBL-1095,112.0,844.0,21,732.0
2026-04-25,NBL-1095,844.0,0.0,21,732.0
2026-05-02,NBL-1095,289.0,844.0,21,732.0
2026-05-09,NBL-1095,0.0,844.0,21,732.0
2026-05-16,NBL-1095,844.0,0.0,21,732.0
2026-05-23,NBL-1095,339.0,844.0,21,732.0
2026-05-30,NBL-1095,0.0,844.0,21,732.0
2026-06-06,NBL-1095,844.0,0.0,21,732.0
2026-06-13,NBL-1095,213.0,844.0,21,732.0
2026-06-20,NBL-1095,0.0,844.0,21,732.0
2026-06-27,NBL-1095,844.0,0.0,21,732.0
2026-07-04,NBL-1095,164.0,844.0,21,732.0
2026-07-11,NBL-1095,0.0,844.0,21,732.0
2024-07-13,NBL-1096,1118.0,0.0,14,710.0
2024-07-20,NBL-1096,633.0,819.0,14,710.0
2024-07-27,NBL-1096,918.0,0.0,14,710.0
2024-08-03,NBL-1096,330.0,819.0,14,710.0
2024-08-10,NBL-1096,819.0,0.0,14,710.0
2024-08-17,NBL-1096,422.0,819.0,14,710.0
2024-08-24,NBL-1096,819.0,0.0,14,710.0
2024-08-31,NBL-1096,452.0,819.0,14,710.0
2024-09-07,NBL-1096,819.0,0.0,14,710.0
2024-09-14,NBL-1096,341.0,819.0,14,710.0
2024-09-21,NBL-1096,819.0,0.0,14,710.0
2024-09-28,NBL-1096,330.0,819.0,14,710.0
2024-10-05,NBL-1096,819.0,0.0,14,710.0
2024-10-12,NBL-1096,370.0,819.0,14,710.0
2024-10-19,NBL-1096,819.0,0.0,14,710.0
2024-10-26,NBL-1096,421.0,819.0,14,710.0
2024-11-02,NBL-1096,927.0,0.0,14,710.0
2024-11-09,NBL-1096,527.0,819.0,14,710.0
2024-11-16,NBL-1096,1114.0,0.0,14,710.0
2024-11-23,NBL-1096,683.0,819.0,14,710.0
2024-11-30,NBL-1096,1120.0,0.0,14,710.0
2024-12-07,NBL-1096,779.0,0.0,14,710.0
2024-12-14,NBL-1096,1262.0,0.0,14,710.0
2024-12-21,NBL-1096,929.0,0.0,14,710.0
2024-12-28,NBL-1096,1411.0,,14,710.0
2025-01-04,NBL-1096,1114.0,0.0,14,710.0
2025-01-11,NBL-1096,809.0,0.0,14,710.0
2025-01-18,NBL-1096,545.0,819.0,14,710.0
2025-01-25,NBL-1096,1019.0,0.0,14,710.0
2025-02-01,NBL-1096,712.0,0.0,14,710.0
2025-02-08,NBL-1096,1174.0,0.0,14,710.0
2025-02-15,NBL-1096,866.0,0.0,14,710.0
2025-02-22,NBL-1096,1422.0,0.0,14,710.0
2025-03-01,NBL-1096,1054.0,0.0,14,710.0
2025-03-08,NBL-1096,1528.0,0.0,14,710.0
2025-03-15,NBL-1096,1228.0,0.0,14,710.0
2025-03-22,NBL-1096,811.0,0.0,14,710.0
2025-03-29,NBL-1096,410.0,819.0,14,710.0
2025-04-05,NBL-1096,851.0,0.0,14,710.0
2025-04-12,NBL-1096,377.0,819.0,14,710.0
2025-04-19,NBL-1096,819.0,0.0,14,710.0
2025-04-26,NBL-1096,327.0,819.0,14,710.0
2025-05-03,NBL-1096,819.0,0.0,14,710.0
2025-05-10,NBL-1096,457.0,819.0,14,710.0
2025-05-17,NBL-1096,841.0,0.0,14,710.0
2025-05-24,NBL-1096,294.0,819.0,14,710.0
2025-05-31,NBL-1096,819.0,0.0,14,710.0
2025-06-07,NBL-1096,311.0,819.0,14,710.0
2025-06-14,NBL-1096,819.0,,14,710.0
2025-06-21,NBL-1096,206.0,,14,710.0
2025-06-28,NBL-1096,819.0,0.0,14,710.0
2025-07-05,NBL-1096,291.0,819.0,14,710.0
2025-07-12,NBL-1096,819.0,0.0,14,710.0
2025-07-19,NBL-1096,276.0,819.0,14,710.0
2025-07-26,NBL-1096,819.0,0.0,14,710.0
2025-08-02,NBL-1096,204.0,819.0,14,710.0
2025-08-09,NBL-1096,819.0,0.0,14,710.0
2025-08-16,NBL-1096,309.0,819.0,14,710.0
2025-08-23,NBL-1096,819.0,0.0,14,710.0
2025-08-30,NBL-1096,328.0,819.0,14,710.0
2025-09-06,NBL-1096,819.0,0.0,14,710.0
2025-09-13,NBL-1096,315.0,819.0,14,710.0
2025-09-20,NBL-1096,819.0,0.0,14,710.0
2025-09-27,NBL-1096,345.0,819.0,14,710.0
2025-10-04,NBL-1096,819.0,0.0,14,710.0
2025-10-11,NBL-1096,390.0,819.0,14,710.0
2025-10-18,NBL-1096,819.0,0.0,14,710.0
2025-10-25,NBL-1096,408.0,819.0,14,710.0
2025-11-01,NBL-1096,851.0,0.0,14,710.0
2025-11-08,NBL-1096,492.0,819.0,14,710.0
2025-11-15,NBL-1096,981.0,0.0,14,710.0
2025-11-22,NBL-1096,555.0,819.0,14,710.0
2025-11-29,NBL-1096,1003.0,0.0,14,710.0
2025-12-06,NBL-1096,646.0,819.0,14,710.0
2025-12-13,NBL-1096,1181.0,0.0,14,710.0
2025-12-20,NBL-1096,869.0,0.0,14,710.0
2025-12-27,NBL-1096,1356.0,0.0,14,710.0
2026-01-03,NBL-1096,1042.0,0.0,14,710.0
2026-01-10,NBL-1096,752.0,,14,710.0
2026-01-17,NBL-1096,486.0,819.0,14,710.0
2026-01-24,NBL-1096,970.0,0.0,14,710.0
2026-01-31,NBL-1096,687.0,819.0,14,710.0
2026-02-07,NBL-1096,1140.0,0.0,14,710.0
2026-02-14,NBL-1096,814.0,0.0,14,710.0
2026-02-21,NBL-1096,1292.0,0.0,14,710.0
2026-02-28,NBL-1096,979.0,0.0,14,710.0
2026-03-07,NBL-1096,1455.0,0.0,14,710.0
2026-03-14,NBL-1096,1058.0,0.0,14,710.0
2026-03-21,NBL-1096,1465.0,0.0,14,710.0
2026-03-28,NBL-1096,1061.0,0.0,14,710.0
2026-04-04,NBL-1096,1395.0,0.0,14,710.0
2026-04-11,NBL-1096,953.0,0.0,14,710.0
2026-04-18,NBL-1096,1301.0,0.0,14,710.0
2026-04-25,NBL-1096,813.0,0.0,14,710.0
2026-05-02,NBL-1096,1247.0,0.0,14,710.0
2026-05-09,NBL-1096,718.0,0.0,14,710.0
2026-05-16,NBL-1096,1146.0,0.0,14,710.0
2026-05-23,NBL-1096,571.0,819.0,14,710.0
2026-05-30,NBL-1096,854.0,0.0,14,710.0
2026-06-06,NBL-1096,457.0,819.0,14,710.0
2026-06-13,NBL-1096,819.0,0.0,14,710.0
2026-06-20,NBL-1096,275.0,819.0,14,710.0
2026-06-27,NBL-1096,819.0,0.0,14,710.0
2026-07-04,NBL-1096,264.0,819.0,14,710.0
2026-07-11,NBL-1096,819.0,0.0,14,710.0
2024-07-13,NBL-1097,346.0,0.0,7,249.0
2024-07-20,NBL-1097,306.0,0.0,7,249.0
2024-07-27,NBL-1097,291.0,0.0,7,249.0
2024-08-03,NBL-1097,287.0,0.0,7,249.0
2024-08-10,NBL-1097,287.0,0.0,7,249.0
2024-08-17,NBL-1097,287.0,0.0,7,249.0
2024-08-24,NBL-1097,287.0,0.0,7,249.0
2024-08-31,NBL-1097,287.0,0.0,7,249.0
2024-09-07,NBL-1097,287.0,0.0,7,249.0
2024-09-14,NBL-1097,289.0,,7,249.0
2024-09-21,NBL-1097,287.0,0.0,7,249.0
2024-09-28,NBL-1097,287.0,0.0,7,249.0
2024-10-05,NBL-1097,287.0,0.0,7,249.0
2024-10-12,NBL-1097,287.0,0.0,7,249.0
2024-10-19,NBL-1097,287.0,0.0,7,249.0
2024-10-26,NBL-1097,287.0,0.0,7,249.0
2024-11-02,NBL-1097,287.0,0.0,7,249.0
2024-11-09,NBL-1097,287.0,0.0,7,249.0
2024-11-16,NBL-1097,287.0,0.0,7,249.0
2024-11-23,NBL-1097,287.0,0.0,7,249.0
2024-11-30,NBL-1097,294.0,0.0,7,249.0
2024-12-07,NBL-1097,314.0,0.0,7,249.0
2024-12-14,NBL-1097,287.0,0.0,7,249.0
2024-12-21,NBL-1097,291.0,0.0,7,249.0
2024-12-28,NBL-1097,302.0,0.0,7,249.0
2025-01-04,NBL-1097,312.0,0.0,7,249.0
2025-01-11,NBL-1097,361.0,0.0,7,249.0
2025-01-18,NBL-1097,348.0,0.0,7,249.0
2025-01-25,NBL-1097,358.0,0.0,7,249.0
2025-02-01,NBL-1097,371.0,0.0,7,249.0
2025-02-08,NBL-1097,305.0,0.0,7,249.0
2025-02-15,NBL-1097,287.0,0.0,7,249.0
2025-02-22,NBL-1097,287.0,0.0,7,249.0
2025-03-01,NBL-1097,308.0,0.0,7,249.0
2025-03-08,NBL-1097,287.0,0.0,7,249.0
2025-03-15,NBL-1097,287.0,0.0,7,249.0
2025-03-22,NBL-1097,297.0,0.0,7,249.0
2025-03-29,NBL-1097,287.0,0.0,7,249.0
2025-04-05,NBL-1097,287.0,0.0,7,249.0
2025-04-12,NBL-1097,287.0,0.0,7,249.0
2025-04-19,NBL-1097,287.0,0.0,7,249.0
2025-04-26,NBL-1097,287.0,0.0,7,249.0
2025-05-03,NBL-1097,287.0,0.0,7,249.0
2025-05-10,NBL-1097,287.0,0.0,7,249.0
2025-05-17,NBL-1097,287.0,0.0,7,249.0
2025-05-24,NBL-1097,287.0,0.0,7,249.0
2025-05-31,NBL-1097,287.0,0.0,7,249.0
2025-06-07,NBL-1097,287.0,0.0,7,249.0
2025-06-14,NBL-1097,287.0,0.0,7,249.0
2025-06-21,NBL-1097,287.0,0.0,7,249.0
2025-06-28,NBL-1097,287.0,0.0,7,249.0
2025-07-05,NBL-1097,287.0,0.0,7,249.0
2025-07-12,NBL-1097,287.0,0.0,7,249.0
2025-07-19,NBL-1097,287.0,0.0,7,249.0
2025-07-26,NBL-1097,287.0,0.0,7,249.0
2025-08-02,NBL-1097,287.0,0.0,7,249.0
2025-08-09,NBL-1097,287.0,0.0,7,249.0
2025-08-16,NBL-1097,287.0,0.0,7,249.0
2025-08-23,NBL-1097,287.0,0.0,7,249.0
2025-08-30,NBL-1097,287.0,0.0,7,249.0
2025-09-06,NBL-1097,287.0,0.0,7,249.0
2025-09-13,NBL-1097,287.0,0.0,7,249.0
2025-09-20,NBL-1097,287.0,,7,249.0
2025-09-27,NBL-1097,287.0,0.0,7,249.0
2025-10-04,NBL-1097,287.0,0.0,7,249.0
2025-10-11,NBL-1097,287.0,0.0,7,249.0
2025-10-18,NBL-1097,287.0,0.0,7,249.0
2025-10-25,NBL-1097,287.0,0.0,7,249.0
2025-11-01,NBL-1097,287.0,0.0,7,249.0
2025-11-08,NBL-1097,287.0,0.0,7,249.0
2025-11-15,NBL-1097,287.0,0.0,7,249.0
2025-11-22,NBL-1097,287.0,0.0,7,249.0
2025-11-29,NBL-1097,287.0,0.0,7,249.0
2025-12-06,NBL-1097,287.0,0.0,7,249.0
2025-12-13,NBL-1097,287.0,0.0,7,249.0
2025-12-20,NBL-1097,287.0,0.0,7,249.0
2025-12-27,NBL-1097,287.0,0.0,7,249.0
2026-01-03,NBL-1097,287.0,0.0,7,249.0
2026-01-10,NBL-1097,287.0,0.0,7,249.0
2026-01-17,NBL-1097,287.0,0.0,7,249.0
2026-01-24,NBL-1097,287.0,0.0,7,249.0
2026-01-31,NBL-1097,287.0,0.0,7,249.0
2026-02-07,NBL-1097,287.0,0.0,7,249.0
2026-02-14,NBL-1097,287.0,0.0,7,249.0
2026-02-21,NBL-1097,287.0,0.0,7,249.0
2026-02-28,NBL-1097,287.0,0.0,7,249.0
2026-03-07,NBL-1097,287.0,0.0,7,249.0
2026-03-14,NBL-1097,287.0,0.0,7,249.0
2026-03-21,NBL-1097,287.0,0.0,7,249.0
2026-03-28,NBL-1097,287.0,0.0,7,249.0
2026-04-04,NBL-1097,287.0,0.0,7,249.0
2026-04-11,NBL-1097,287.0,0.0,7,249.0
2026-04-18,NBL-1097,287.0,0.0,7,249.0
2026-04-25,NBL-1097,287.0,0.0,7,249.0
2026-05-02,NBL-1097,287.0,0.0,7,249.0
2026-05-09,NBL-1097,287.0,0.0,7,249.0
2026-05-16,NBL-1097,287.0,0.0,7,249.0
2026-05-23,NBL-1097,287.0,0.0,7,249.0
2026-05-30,NBL-1097,287.0,0.0,7,249.0
2026-06-06,NBL-1097,287.0,0.0,7,249.0
2026-06-13,NBL-1097,287.0,0.0,7,249.0
2026-06-20,NBL-1097,287.0,0.0,7,249.0
2026-06-27,NBL-1097,287.0,0.0,7,249.0
2026-07-04,NBL-1097,287.0,0.0,7,249.0
2026-07-11,NBL-1097,287.0,0.0,7,249.0
2024-07-13,NBL-1098,364.0,0.0,14,281.0
2024-07-20,NBL-1098,146.0,324.0,14,281.0
2024-07-27,NBL-1098,324.0,0.0,14,281.0
2024-08-03,NBL-1098,125.0,324.0,14,281.0
2024-08-10,NBL-1098,324.0,0.0,14,281.0
2024-08-17,NBL-1098,170.0,324.0,14,281.0
2024-08-24,NBL-1098,325.0,0.0,14,281.0
2024-08-31,NBL-1098,117.0,324.0,14,281.0
2024-09-07,NBL-1098,324.0,0.0,14,281.0
2024-09-14,NBL-1098,157.0,324.0,14,281.0
2024-09-21,NBL-1098,324.0,0.0,14,281.0
2024-09-28,NBL-1098,158.0,324.0,14,281.0
2024-10-05,NBL-1098,324.0,0.0,14,281.0
2024-10-12,NBL-1098,196.0,324.0,14,281.0
2024-10-19,NBL-1098,369.0,0.0,14,281.0
2024-10-26,NBL-1098,182.0,324.0,14,281.0
2024-11-02,NBL-1098,324.0,0.0,14,281.0
2024-11-09,NBL-1098,171.0,324.0,14,281.0
2024-11-16,NBL-1098,370.0,0.0,14,281.0
2024-11-23,NBL-1098,232.0,324.0,14,281.0
2024-11-30,NBL-1098,411.0,0.0,14,281.0
2024-12-07,NBL-1098,250.0,324.0,14,281.0
2024-12-14,NBL-1098,423.0,0.0,14,281.0
2024-12-21,NBL-1098,269.0,324.0,14,281.0
2024-12-28,NBL-1098,474.0,0.0,14,281.0
2025-01-04,NBL-1098,353.0,0.0,14,281.0
2025-01-11,NBL-1098,508.0,0.0,14,281.0
2025-01-18,NBL-1098,370.0,0.0,14,281.0
2025-01-25,NBL-1098,567.0,0.0,14,281.0
2025-02-01,NBL-1098,424.0,0.0,14,281.0
2025-02-08,NBL-1098,288.0,0.0,14,281.0
2025-02-15,NBL-1098,168.0,324.0,14,281.0
2025-02-22,NBL-1098,342.0,0.0,14,281.0
2025-03-01,NBL-1098,165.0,324.0,14,281.0
2025-03-08,NBL-1098,358.0,0.0,14,281.0
2025-03-15,NBL-1098,204.0,324.0,14,281.0
2025-03-22,NBL-1098,371.0,0.0,14,281.0
2025-03-29,NBL-1098,200.0,324.0,14,281.0
2025-04-05,NBL-1098,388.0,0.0,14,281.0
2025-04-12,NBL-1098,210.0,324.0,14,281.0
2025-04-19,NBL-1098,359.0,0.0,14,281.0
2025-04-26,NBL-1098,220.0,324.0,14,281.0
2025-05-03,NBL-1098,335.0,0.0,14,281.0
2025-05-10,NBL-1098,162.0,324.0,14,281.0
2025-05-17,NBL-1098,324.0,0.0,14,281.0
2025-05-24,NBL-1098,158.0,324.0,14,281.0
2025-05-31,NBL-1098,324.0,0.0,14,281.0
2025-06-07,NBL-1098,109.0,324.0,14,281.0
2025-06-14,NBL-1098,324.0,0.0,14,281.0
2025-06-21,NBL-1098,117.0,324.0,14,281.0
2025-06-28,NBL-1098,324.0,0.0,14,281.0
2025-07-05,NBL-1098,115.0,324.0,14,281.0
2025-07-12,NBL-1098,324.0,0.0,14,281.0
2025-07-19,NBL-1098,124.0,324.0,14,281.0
2025-07-26,NBL-1098,324.0,0.0,14,281.0
2025-08-02,NBL-1098,110.0,324.0,14,281.0
2025-08-09,NBL-1098,324.0,0.0,14,281.0
2025-08-16,NBL-1098,110.0,324.0,14,281.0
2025-08-23,NBL-1098,324.0,0.0,14,281.0
2025-08-30,NBL-1098,141.0,324.0,14,281.0
2025-09-06,NBL-1098,324.0,0.0,14,281.0
2025-09-13,NBL-1098,127.0,324.0,14,281.0
2025-09-20,NBL-1098,324.0,0.0,14,281.0
2025-09-27,NBL-1098,118.0,324.0,14,281.0
2025-10-04,NBL-1098,324.0,0.0,14,281.0
2025-10-11,NBL-1098,155.0,324.0,14,281.0
2025-10-18,NBL-1098,324.0,0.0,14,281.0
2025-10-25,NBL-1098,138.0,324.0,14,281.0
2025-11-01,NBL-1098,324.0,0.0,14,281.0
2025-11-08,NBL-1098,126.0,324.0,14,281.0
2025-11-15,NBL-1098,324.0,0.0,14,281.0
2025-11-22,NBL-1098,164.0,324.0,14,281.0
2025-11-29,NBL-1098,324.0,0.0,14,281.0
2025-12-06,NBL-1098,124.0,324.0,14,281.0
2025-12-13,NBL-1098,324.0,0.0,14,281.0
2025-12-20,NBL-1098,175.0,324.0,14,281.0
2025-12-27,NBL-1098,351.0,0.0,14,281.0
2026-01-03,NBL-1098,198.0,324.0,14,281.0
2026-01-10,NBL-1098,383.0,0.0,14,281.0
2026-01-17,NBL-1098,235.0,324.0,14,281.0
2026-01-24,NBL-1098,412.0,0.0,14,281.0
2026-01-31,NBL-1098,249.0,324.0,14,281.0
2026-02-07,NBL-1098,456.0,0.0,14,281.0
2026-02-14,NBL-1098,270.0,324.0,14,281.0
2026-02-21,NBL-1098,405.0,0.0,14,281.0
2026-02-28,NBL-1098,237.0,324.0,14,281.0
2026-03-07,NBL-1098,378.0,0.0,14,281.0
2026-03-14,NBL-1098,188.0,324.0,14,281.0
2026-03-21,NBL-1098,327.0,0.0,14,281.0
2026-03-28,NBL-1098,145.0,324.0,14,281.0
2026-04-04,NBL-1098,324.0,0.0,14,281.0
2026-04-11,NBL-1098,158.0,324.0,14,281.0
2026-04-18,NBL-1098,324.0,0.0,14,281.0
2026-04-25,NBL-1098,118.0,324.0,14,281.0
2026-05-02,NBL-1098,324.0,0.0,14,281.0
2026-05-09,NBL-1098,130.0,324.0,14,281.0
2026-05-16,NBL-1098,324.0,0.0,14,281.0
2026-05-23,NBL-1098,112.0,324.0,14,281.0
2026-05-30,NBL-1098,324.0,0.0,14,281.0
2026-06-06,NBL-1098,73.0,324.0,14,281.0
2026-06-13,NBL-1098,324.0,0.0,14,281.0
2026-06-20,NBL-1098,122.0,324.0,14,281.0
2026-06-27,NBL-1098,324.0,0.0,14,281.0
2026-07-04,NBL-1098,127.0,324.0,14,281.0
2026-07-11,NBL-1098,324.0,0.0,14,281.0
2024-07-13,NBL-1099,514.0,0.0,10,240.0
2024-07-20,NBL-1099,483.0,0.0,10,240.0
2024-07-27,NBL-1099,450.0,0.0,10,240.0
2024-08-03,NBL-1099,418.0,0.0,10,240.0
2024-08-10,NBL-1099,395.0,0.0,10,240.0
2024-08-17,NBL-1099,366.0,0.0,10,240.0
2024-08-24,NBL-1099,346.0,0.0,10,240.0
2024-08-31,NBL-1099,324.0,0.0,10,240.0
2024-09-07,NBL-1099,309.0,0.0,10,240.0
2024-09-14,NBL-1099,284.0,0.0,10,240.0
2024-09-21,NBL-1099,256.0,0.0,10,240.0
2024-09-28,NBL-1099,231.0,277.0,10,240.0
2024-10-05,NBL-1099,487.0,0.0,10,240.0
2024-10-12,NBL-1099,462.0,0.0,10,240.0
2024-10-19,NBL-1099,434.0,0.0,10,240.0
2024-10-26,NBL-1099,413.0,0.0,10,240.0
2024-11-02,NBL-1099,381.0,0.0,10,240.0
2024-11-09,NBL-1099,354.0,0.0,10,240.0
2024-11-16,NBL-1099,325.0,0.0,10,240.0
2024-11-23,NBL-1099,291.0,0.0,10,240.0
2024-11-30,NBL-1099,273.0,0.0,10,240.0
2024-12-07,NBL-1099,250.0,0.0,10,240.0
2024-12-14,NBL-1099,225.0,277.0,10,240.0
2024-12-21,NBL-1099,469.0,0.0,10,240.0
2024-12-28,NBL-1099,452.0,0.0,10,240.0
2025-01-04,NBL-1099,416.0,0.0,10,240.0
2025-01-11,NBL-1099,396.0,0.0,10,240.0
2025-01-18,NBL-1099,366.0,0.0,10,240.0
2025-01-25,NBL-1099,337.0,0.0,10,240.0
2025-02-01,NBL-1099,312.0,0.0,10,240.0
2025-02-08,NBL-1099,291.0,0.0,10,240.0
2025-02-15,NBL-1099,263.0,0.0,10,240.0
2025-02-22,NBL-1099,239.0,277.0,10,240.0
2025-03-01,NBL-1099,475.0,0.0,10,240.0
2025-03-08,NBL-1099,453.0,0.0,10,240.0
2025-03-15,NBL-1099,420.0,0.0,10,240.0
2025-03-22,NBL-1099,391.0,0.0,10,240.0
2025-03-29,NBL-1099,363.0,0.0,10,240.0
2025-04-05,NBL-1099,334.0,0.0,10,240.0
2025-04-12,NBL-1099,297.0,0.0,10,240.0
2025-04-19,NBL-1099,269.0,0.0,10,240.0
2025-04-26,NBL-1099,244.0,0.0,10,240.0
2025-05-03,NBL-1099,478.0,0.0,10,240.0
2025-05-10,NBL-1099,442.0,0.0,10,240.0
2025-05-17,NBL-1099,412.0,0.0,10,240.0
2025-05-24,NBL-1099,362.0,0.0,10,240.0
2025-05-31,NBL-1099,327.0,0.0,10,240.0
2025-06-07,NBL-1099,300.0,0.0,10,240.0
2025-06-14,NBL-1099,270.0,0.0,10,240.0
2025-06-21,NBL-1099,242.0,0.0,10,240.0
2025-06-28,NBL-1099,484.0,0.0,10,240.0
2025-07-05,NBL-1099,465.0,0.0,10,240.0
2025-07-12,NBL-1099,434.0,0.0,10,240.0
2025-07-19,NBL-1099,384.0,0.0,10,240.0
2025-07-26,NBL-1099,342.0,0.0,10,240.0
2025-08-02,NBL-1099,297.0,0.0,10,240.0
2025-08-09,NBL-1099,258.0,0.0,10,240.0
2025-08-16,NBL-1099,213.0,277.0,10,240.0
2025-08-23,NBL-1099,457.0,0.0,10,240.0
2025-08-30,NBL-1099,431.0,0.0,10,240.0
2025-09-06,NBL-1099,383.0,0.0,10,240.0
2025-09-13,NBL-1099,337.0,0.0,10,240.0
2025-09-20,NBL-1099,305.0,0.0,10,240.0
2025-09-27,NBL-1099,269.0,0.0,10,240.0
2025-10-04,NBL-1099,233.0,277.0,10,240.0
2025-10-11,NBL-1099,486.0,0.0,10,240.0
2025-10-18,NBL-1099,453.0,0.0,10,240.0
2025-10-25,NBL-1099,403.0,0.0,10,240.0
2025-11-01,NBL-1099,375.0,0.0,10,240.0
2025-11-08,NBL-1099,340.0,0.0,10,240.0
2025-11-15,NBL-1099,308.0,0.0,10,240.0
2025-11-22,NBL-1099,274.0,0.0,10,240.0
2025-11-29,NBL-1099,238.0,277.0,10,240.0
2025-12-06,NBL-1099,474.0,0.0,10,240.0
2025-12-13,NBL-1099,437.0,0.0,10,240.0
2025-12-20,NBL-1099,407.0,0.0,10,240.0
2025-12-27,NBL-1099,380.0,0.0,10,240.0
2026-01-03,NBL-1099,340.0,0.0,10,240.0
2026-01-10,NBL-1099,306.0,0.0,10,240.0
2026-01-17,NBL-1099,276.0,0.0,10,240.0
2026-01-24,NBL-1099,511.0,0.0,10,240.0
2026-01-31,NBL-1099,476.0,0.0,10,240.0
2026-02-07,NBL-1099,444.0,0.0,10,240.0
2026-02-14,NBL-1099,401.0,0.0,10,240.0
2026-02-21,NBL-1099,375.0,0.0,10,240.0
2026-02-28,NBL-1099,342.0,0.0,10,240.0
2026-03-07,NBL-1099,305.0,0.0,10,240.0
2026-03-14,NBL-1099,276.0,0.0,10,240.0
2026-03-21,NBL-1099,236.0,277.0,10,240.0
2026-03-28,NBL-1099,464.0,0.0,10,240.0
2026-04-04,NBL-1099,435.0,,10,240.0
2026-04-11,NBL-1099,400.0,0.0,10,240.0
2026-04-18,NBL-1099,361.0,0.0,10,240.0
2026-04-25,NBL-1099,338.0,0.0,10,240.0
2026-05-02,NBL-1099,294.0,0.0,10,240.0
2026-05-09,NBL-1099,261.0,0.0,10,240.0
2026-05-16,NBL-1099,489.0,0.0,10,240.0
2026-05-23,NBL-1099,429.0,0.0,10,240.0
2026-05-30,NBL-1099,372.0,0.0,10,240.0
2026-06-06,NBL-1099,329.0,0.0,10,240.0
2026-06-13,NBL-1099,287.0,0.0,10,240.0
2026-06-20,NBL-1099,242.0,0.0,10,240.0
2026-06-27,NBL-1099,485.0,0.0,10,240.0
2026-07-04,NBL-1099,448.0,0.0,10,240.0
2026-07-11,NBL-1099,415.0,0.0,10,240.0
2024-07-13,NBL-1100,353.0,0.0,7,129.0
2024-07-20,NBL-1100,190.0,0.0,7,129.0
2024-07-27,NBL-1100,175.0,0.0,7,129.0
2024-08-03,NBL-1100,170.0,0.0,7,129.0
2024-08-10,NBL-1100,175.0,0.0,7,129.0
2024-08-17,NBL-1100,182.0,0.0,7,129.0
2024-08-24,NBL-1100,163.0,0.0,7,129.0
2024-08-31,NBL-1100,151.0,0.0,7,129.0
2024-09-07,NBL-1100,149.0,0.0,7,129.0
2024-09-14,NBL-1100,149.0,0.0,7,129.0
2024-09-21,NBL-1100,157.0,0.0,7,129.0
2024-09-28,NBL-1100,149.0,0.0,7,129.0
2024-10-05,NBL-1100,149.0,0.0,7,129.0
2024-10-12,NBL-1100,149.0,0.0,7,129.0
2024-10-19,NBL-1100,174.0,0.0,7,129.0
2024-10-26,NBL-1100,203.0,0.0,7,129.0
2024-11-02,NBL-1100,202.0,0.0,7,129.0
2024-11-09,NBL-1100,213.0,0.0,7,129.0
2024-11-16,NBL-1100,248.0,0.0,7,129.0
2024-11-23,NBL-1100,263.0,0.0,7,129.0
2024-11-30,NBL-1100,133.0,0.0,7,129.0
2024-12-07,NBL-1100,162.0,,7,129.0
2024-12-14,NBL-1100,169.0,0.0,7,129.0
2024-12-21,NBL-1100,194.0,0.0,7,129.0
2024-12-28,NBL-1100,226.0,0.0,7,129.0
2025-01-04,NBL-1100,250.0,0.0,7,129.0
2025-01-11,NBL-1100,257.0,0.0,7,129.0
2025-01-18,NBL-1100,267.0,0.0,7,129.0
2025-01-25,NBL-1100,139.0,0.0,7,129.0
2025-02-01,NBL-1100,170.0,0.0,7,129.0
2025-02-08,NBL-1100,160.0,0.0,7,129.0
2025-02-15,NBL-1100,173.0,0.0,7,129.0
2025-02-22,NBL-1100,192.0,0.0,7,129.0
2025-03-01,NBL-1100,192.0,0.0,7,129.0
2025-03-08,NBL-1100,222.0,0.0,7,129.0
2025-03-15,NBL-1100,230.0,0.0,7,129.0
2025-03-22,NBL-1100,231.0,0.0,7,129.0
2025-03-29,NBL-1100,206.0,0.0,7,129.0
2025-04-05,NBL-1100,200.0,0.0,7,129.0
2025-04-12,NBL-1100,180.0,0.0,7,129.0
2025-04-19,NBL-1100,216.0,0.0,7,129.0
2025-04-26,NBL-1100,199.0,0.0,7,129.0
2025-05-03,NBL-1100,184.0,0.0,7,129.0
2025-05-10,NBL-1100,202.0,0.0,7,129.0
2025-05-17,NBL-1100,203.0,0.0,7,129.0
2025-05-24,NBL-1100,202.0,0.0,7,129.0
2025-05-31,NBL-1100,149.0,0.0,7,129.0
2025-06-07,NBL-1100,149.0,0.0,7,129.0
2025-06-14,NBL-1100,150.0,0.0,7,129.0
2025-06-21,NBL-1100,149.0,0.0,7,129.0
2025-06-28,NBL-1100,149.0,0.0,7,129.0
2025-07-05,NBL-1100,149.0,0.0,7,129.0
2025-07-12,NBL-1100,149.0,0.0,7,129.0
2025-07-19,NBL-1100,149.0,0.0,7,129.0
2025-07-26,NBL-1100,149.0,0.0,7,129.0
2025-08-02,NBL-1100,149.0,0.0,7,129.0
2025-08-09,NBL-1100,149.0,0.0,7,129.0
2025-08-16,NBL-1100,155.0,0.0,7,129.0
2025-08-23,NBL-1100,151.0,0.0,7,129.0
2025-08-30,NBL-1100,149.0,0.0,7,129.0
2025-09-06,NBL-1100,149.0,0.0,7,129.0
2025-09-13,NBL-1100,149.0,0.0,7,129.0
2025-09-20,NBL-1100,149.0,0.0,7,129.0
2025-09-27,NBL-1100,149.0,0.0,7,129.0
2025-10-04,NBL-1100,156.0,0.0,7,129.0
2025-10-11,NBL-1100,149.0,0.0,7,129.0
2025-10-18,NBL-1100,163.0,0.0,7,129.0
2025-10-25,NBL-1100,157.0,0.0,7,129.0
2025-11-01,NBL-1100,149.0,0.0,7,129.0
2025-11-08,NBL-1100,149.0,0.0,7,129.0
2025-11-15,NBL-1100,162.0,0.0,7,129.0
2025-11-22,NBL-1100,173.0,0.0,7,129.0
2025-11-29,NBL-1100,179.0,0.0,7,129.0
2025-12-06,NBL-1100,216.0,0.0,7,129.0
2025-12-13,NBL-1100,222.0,0.0,7,129.0
2025-12-20,NBL-1100,236.0,0.0,7,129.0
2025-12-27,NBL-1100,245.0,0.0,7,129.0
2026-01-03,NBL-1100,247.0,0.0,7,129.0
2026-01-10,NBL-1100,261.0,0.0,7,129.0
2026-01-17,NBL-1100,276.0,0.0,7,129.0
2026-01-24,NBL-1100,139.0,0.0,7,129.0
2026-01-31,NBL-1100,171.0,0.0,7,129.0
2026-02-07,NBL-1100,221.0,0.0,7,129.0
2026-02-14,NBL-1100,223.0,0.0,7,129.0
2026-02-21,NBL-1100,252.0,0.0,7,129.0
2026-02-28,NBL-1100,250.0,0.0,7,129.0
2026-03-07,NBL-1100,258.0,0.0,7,129.0
2026-03-14,NBL-1100,271.0,0.0,7,129.0
2026-03-21,NBL-1100,136.0,0.0,7,129.0
2026-03-28,NBL-1100,149.0,0.0,7,129.0
2026-04-04,NBL-1100,149.0,0.0,7,129.0
2026-04-11,NBL-1100,149.0,0.0,7,129.0
2026-04-18,NBL-1100,149.0,0.0,7,129.0
2026-04-25,NBL-1100,149.0,0.0,7,129.0
2026-05-02,NBL-1100,168.0,0.0,7,129.0
2026-05-09,NBL-1100,153.0,0.0,7,129.0
2026-05-16,NBL-1100,153.0,,7,129.0
2026-05-23,NBL-1100,149.0,0.0,7,129.0
2026-05-30,NBL-1100,149.0,0.0,7,129.0
2026-06-06,NBL-1100,149.0,0.0,7,129.0
2026-06-13,NBL-1100,149.0,0.0,7,129.0
2026-06-20,NBL-1100,149.0,0.0,7,129.0
2026-06-27,NBL-1100,149.0,,7,129.0
2026-07-04,NBL-1100,149.0,0.0,7,129.0
2026-07-11,NBL-1100,149.0,0.0,7,129.0
2024-07-13,NBL-1101,175.0,0.0,10,139.0
2024-07-20,NBL-1101,64.0,160.0,10,139.0
2024-07-27,NBL-1101,98.0,160.0,10,139.0
2024-08-03,NBL-1101,147.0,0.0,10,139.0
2024-08-10,NBL-1101,23.0,160.0,10,139.0
2024-08-17,NBL-1101,55.0,160.0,10,139.0
2024-08-24,NBL-1101,129.0,160.0,10,139.0
2024-08-31,NBL-1101,14.0,160.0,10,139.0
2024-09-07,NBL-1101,59.0,160.0,10,139.0
2024-09-14,NBL-1101,120.0,160.0,10,139.0
2024-09-21,NBL-1101,170.0,0.0,10,139.0
2024-09-28,NBL-1101,42.0,,10,139.0
2024-10-05,NBL-1101,84.0,160.0,10,139.0
2024-10-12,NBL-1101,152.0,0.0,10,139.0
2024-10-19,NBL-1101,38.0,160.0,10,139.0
2024-10-26,NBL-1101,90.0,160.0,10,139.0
2024-11-02,NBL-1101,142.0,0.0,10,139.0
2024-11-09,NBL-1101,2.0,160.0,10,139.0
2024-11-16,NBL-1101,50.0,160.0,10,139.0
2024-11-23,NBL-1101,119.0,160.0,10,139.0
2024-11-30,NBL-1101,166.0,0.0,10,139.0
2024-12-07,NBL-1101,61.0,160.0,10,139.0
2024-12-14,NBL-1101,110.0,160.0,10,139.0
2024-12-21,NBL-1101,175.0,0.0,10,139.0
2024-12-28,NBL-1101,71.0,160.0,10,139.0
2025-01-04,NBL-1101,121.0,160.0,10,139.0
2025-01-11,NBL-1101,163.0,0.0,10,139.0
2025-01-18,NBL-1101,59.0,160.0,10,139.0
2025-01-25,NBL-1101,132.0,160.0,10,139.0
2025-02-01,NBL-1101,191.0,0.0,10,139.0
2025-02-08,NBL-1101,234.0,0.0,10,139.0
2025-02-15,NBL-1101,103.0,160.0,10,139.0
2025-02-22,NBL-1101,138.0,160.0,10,139.0
2025-03-01,NBL-1101,188.0,0.0,10,139.0
2025-03-08,NBL-1101,49.0,160.0,10,139.0
2025-03-15,NBL-1101,83.0,160.0,10,139.0
2025-03-22,NBL-1101,122.0,160.0,10,139.0
2025-03-29,NBL-1101,0.0,160.0,10,139.0
2025-04-05,NBL-1101,45.0,160.0,10,139.0
2025-04-12,NBL-1101,113.0,160.0,10,139.0
2025-04-19,NBL-1101,160.0,0.0,10,139.0
2025-04-26,NBL-1101,22.0,160.0,10,139.0
2025-05-03,NBL-1101,87.0,160.0,10,139.0
2025-05-10,NBL-1101,149.0,0.0,10,139.0
2025-05-17,NBL-1101,15.0,160.0,10,139.0
2025-05-24,NBL-1101,68.0,160.0,10,139.0
2025-05-31,NBL-1101,134.0,160.0,10,139.0
2025-06-07,NBL-1101,0.0,160.0,10,139.0
2025-06-14,NBL-1101,28.0,160.0,10,139.0
2025-06-21,NBL-1101,109.0,160.0,10,139.0
2025-06-28,NBL-1101,160.0,0.0,10,139.0
2025-07-05,NBL-1101,2.0,160.0,10,139.0
2025-07-12,NBL-1101,71.0,160.0,10,139.0
2025-07-19,NBL-1101,138.0,160.0,10,139.0
2025-07-26,NBL-1101,0.0,160.0,10,139.0
2025-08-02,NBL-1101,15.0,160.0,10,139.0
2025-08-09,NBL-1101,124.0,160.0,10,139.0
2025-08-16,NBL-1101,0.0,160.0,10,139.0
2025-08-23,NBL-1101,12.0,160.0,10,139.0
2025-08-30,NBL-1101,102.0,160.0,10,139.0
2025-09-06,NBL-1101,160.0,0.0,10,139.0
2025-09-13,NBL-1101,14.0,160.0,10,139.0
2025-09-20,NBL-1101,61.0,160.0,10,139.0
2025-09-27,NBL-1101,146.0,0.0,10,139.0
2025-10-04,NBL-1101,6.0,160.0,10,139.0
2025-10-11,NBL-1101,61.0,160.0,10,139.0
2025-10-18,NBL-1101,122.0,160.0,10,139.0
2025-10-25,NBL-1101,0.0,160.0,10,139.0
2025-11-01,NBL-1101,46.0,160.0,10,139.0
2025-11-08,NBL-1101,107.0,160.0,10,139.0
2025-11-15,NBL-1101,160.0,0.0,10,139.0
2025-11-22,NBL-1101,20.0,160.0,10,139.0
2025-11-29,NBL-1101,79.0,160.0,10,139.0
2025-12-06,NBL-1101,148.0,0.0,10,139.0
2025-12-13,NBL-1101,0.0,160.0,10,139.0
2025-12-20,NBL-1101,57.0,160.0,10,139.0
2025-12-27,NBL-1101,142.0,0.0,10,139.0
2026-01-03,NBL-1101,17.0,160.0,10,139.0
2026-01-10,NBL-1101,76.0,160.0,10,139.0
2026-01-17,NBL-1101,97.0,160.0,10,139.0
2026-01-24,NBL-1101,160.0,0.0,10,139.0
2026-01-31,NBL-1101,2.0,160.0,10,139.0
2026-02-07,NBL-1101,89.0,160.0,10,139.0
2026-02-14,NBL-1101,146.0,0.0,10,139.0
2026-02-21,NBL-1101,0.0,160.0,10,139.0
2026-02-28,NBL-1101,45.0,160.0,10,139.0
2026-03-07,NBL-1101,114.0,160.0,10,139.0
2026-03-14,NBL-1101,0.0,160.0,10,139.0
2026-03-21,NBL-1101,7.0,160.0,10,139.0
2026-03-28,NBL-1101,114.0,160.0,10,139.0
2026-04-04,NBL-1101,160.0,0.0,10,139.0
2026-04-11,NBL-1101,1.0,160.0,10,139.0
2026-04-18,NBL-1101,86.0,160.0,10,139.0
2026-04-25,NBL-1101,142.0,0.0,10,139.0
2026-05-02,NBL-1101,0.0,160.0,10,139.0
2026-05-09,NBL-1101,32.0,160.0,10,139.0
2026-05-16,NBL-1101,118.0,160.0,10,139.0
2026-05-23,NBL-1101,0.0,160.0,10,139.0
2026-05-30,NBL-1101,0.0,160.0,10,139.0
2026-06-06,NBL-1101,82.0,160.0,10,139.0
2026-06-13,NBL-1101,160.0,0.0,10,139.0
2026-06-20,NBL-1101,0.0,160.0,10,139.0
2026-06-27,NBL-1101,64.0,160.0,10,139.0
2026-07-04,NBL-1101,139.0,0.0,10,139.0
2026-07-11,NBL-1101,0.0,160.0,10,139.0
2024-07-13,NBL-1102,599.0,0.0,7,357.0
2024-07-20,NBL-1102,581.0,0.0,7,357.0
2024-07-27,NBL-1102,529.0,0.0,7,357.0
2024-08-03,NBL-1102,464.0,0.0,7,357.0
2024-08-10,NBL-1102,411.0,0.0,7,357.0
2024-08-17,NBL-1102,411.0,0.0,7,357.0
2024-08-24,NBL-1102,411.0,0.0,7,357.0
2024-08-31,NBL-1102,411.0,0.0,7,357.0
2024-09-07,NBL-1102,411.0,0.0,7,357.0
2024-09-14,NBL-1102,411.0,0.0,7,357.0
2024-09-21,NBL-1102,411.0,0.0,7,357.0
2024-09-28,NBL-1102,436.0,0.0,7,357.0
2024-10-05,NBL-1102,411.0,0.0,7,357.0
2024-10-12,NBL-1102,411.0,0.0,7,357.0
2024-10-19,NBL-1102,433.0,0.0,7,357.0
2024-10-26,NBL-1102,493.0,0.0,7,357.0
2024-11-02,NBL-1102,570.0,0.0,7,357.0
2024-11-09,NBL-1102,619.0,0.0,7,357.0
2024-11-16,NBL-1102,599.0,0.0,7,357.0
2024-11-23,NBL-1102,638.0,0.0,7,357.0
2024-11-30,NBL-1102,726.0,0.0,7,357.0
2024-12-07,NBL-1102,396.0,0.0,7,357.0
2024-12-14,NBL-1102,486.0,0.0,7,357.0
2024-12-21,NBL-1102,536.0,0.0,7,357.0
2024-12-28,NBL-1102,570.0,0.0,7,357.0
2025-01-04,NBL-1102,660.0,0.0,7,357.0
2025-01-11,NBL-1102,369.0,0.0,7,357.0
2025-01-18,NBL-1102,411.0,0.0,7,357.0
2025-01-25,NBL-1102,495.0,0.0,7,357.0
2025-02-01,NBL-1102,510.0,0.0,7,357.0
2025-02-08,NBL-1102,644.0,0.0,7,357.0
2025-02-15,NBL-1102,705.0,0.0,7,357.0
2025-02-22,NBL-1102,754.0,0.0,7,357.0
2025-03-01,NBL-1102,741.0,0.0,7,357.0
2025-03-08,NBL-1102,767.0,0.0,7,357.0
2025-03-15,NBL-1102,705.0,0.0,7,357.0
2025-03-22,NBL-1102,436.0,0.0,7,357.0
2025-03-29,NBL-1102,418.0,0.0,7,357.0
2025-04-05,NBL-1102,411.0,,7,357.0
2025-04-12,NBL-1102,411.0,0.0,7,357.0
2025-04-19,NBL-1102,411.0,0.0,7,357.0
2025-04-26,NBL-1102,425.0,0.0,7,357.0
2025-05-03,NBL-1102,411.0,0.0,7,357.0
2025-05-10,NBL-1102,411.0,0.0,7,357.0
2025-05-17,NBL-1102,411.0,0.0,7,357.0
2025-05-24,NBL-1102,411.0,0.0,7,357.0
2025-05-31,NBL-1102,411.0,0.0,7,357.0
2025-06-07,NBL-1102,411.0,0.0,7,357.0
2025-06-14,NBL-1102,411.0,0.0,7,357.0
2025-06-21,NBL-1102,411.0,0.0,7,357.0
2025-06-28,NBL-1102,411.0,0.0,7,357.0
2025-07-05,NBL-1102,411.0,0.0,7,357.0
2025-07-12,NBL-1102,411.0,0.0,7,357.0
2025-07-19,NBL-1102,411.0,0.0,7,357.0
2025-07-26,NBL-1102,411.0,0.0,7,357.0
2025-08-02,NBL-1102,411.0,0.0,7,357.0
2025-08-09,NBL-1102,411.0,0.0,7,357.0
2025-08-16,NBL-1102,411.0,0.0,7,357.0
2025-08-23,NBL-1102,411.0,0.0,7,357.0
2025-08-30,NBL-1102,411.0,0.0,7,357.0
2025-09-06,NBL-1102,411.0,0.0,7,357.0
2025-09-13,NBL-1102,411.0,0.0,7,357.0
2025-09-20,NBL-1102,411.0,0.0,7,357.0
2025-09-27,NBL-1102,411.0,0.0,7,357.0
2025-10-04,NBL-1102,411.0,0.0,7,357.0
2025-10-11,NBL-1102,411.0,0.0,7,357.0
2025-10-18,NBL-1102,426.0,0.0,7,357.0
2025-10-25,NBL-1102,411.0,0.0,7,357.0
2025-11-01,NBL-1102,411.0,0.0,7,357.0
2025-11-08,NBL-1102,411.0,0.0,7,357.0
2025-11-15,NBL-1102,411.0,0.0,7,357.0
2025-11-22,NBL-1102,411.0,0.0,7,357.0
2025-11-29,NBL-1102,411.0,0.0,7,357.0
2025-12-06,NBL-1102,411.0,0.0,7,357.0
2025-12-13,NBL-1102,458.0,0.0,7,357.0
2025-12-20,NBL-1102,519.0,0.0,7,357.0
2025-12-27,NBL-1102,558.0,0.0,7,357.0
2026-01-03,NBL-1102,604.0,0.0,7,357.0
2026-01-10,NBL-1102,597.0,0.0,7,357.0
2026-01-17,NBL-1102,568.0,0.0,7,357.0
2026-01-24,NBL-1102,472.0,0.0,7,357.0
2026-01-31,NBL-1102,504.0,0.0,7,357.0
2026-02-07,NBL-1102,473.0,0.0,7,357.0
2026-02-14,NBL-1102,468.0,0.0,7,357.0
2026-02-21,NBL-1102,529.0,0.0,7,357.0
2026-02-28,NBL-1102,446.0,0.0,7,357.0
2026-03-07,NBL-1102,411.0,0.0,7,357.0
2026-03-14,NBL-1102,411.0,0.0,7,357.0
2026-03-21,NBL-1102,411.0,0.0,7,357.0
2026-03-28,NBL-1102,411.0,0.0,7,357.0
2026-04-04,NBL-1102,411.0,0.0,7,357.0
2026-04-11,NBL-1102,411.0,0.0,7,357.0
2026-04-18,NBL-1102,411.0,0.0,7,357.0
2026-04-25,NBL-1102,411.0,0.0,7,357.0
2026-05-02,NBL-1102,411.0,0.0,7,357.0
2026-05-09,NBL-1102,411.0,0.0,7,357.0
2026-05-16,NBL-1102,411.0,0.0,7,357.0
2026-05-23,NBL-1102,411.0,0.0,7,357.0
2026-05-30,NBL-1102,411.0,0.0,7,357.0
2026-06-06,NBL-1102,411.0,0.0,7,357.0
2026-06-13,NBL-1102,411.0,0.0,7,357.0
2026-06-20,NBL-1102,411.0,0.0,7,357.0
2026-06-27,NBL-1102,411.0,0.0,7,357.0
2026-07-04,NBL-1102,411.0,0.0,7,357.0
2026-07-11,NBL-1102,411.0,0.0,7,357.0
2024-07-13,NBL-1103,256.0,0.0,10,146.0
2024-07-20,NBL-1103,144.0,169.0,10,146.0
2024-07-27,NBL-1103,179.0,0.0,10,146.0
2024-08-03,NBL-1103,222.0,0.0,10,146.0
2024-08-10,NBL-1103,83.0,169.0,10,146.0
2024-08-17,NBL-1103,126.0,169.0,10,146.0
2024-08-24,NBL-1103,151.0,0.0,10,146.0
2024-08-31,NBL-1103,6.0,,10,146.0
2024-09-07,NBL-1103,53.0,169.0,10,146.0
2024-09-14,NBL-1103,120.0,169.0,10,146.0
2024-09-21,NBL-1103,169.0,0.0,10,146.0
2024-09-28,NBL-1103,45.0,169.0,10,146.0
2024-10-05,NBL-1103,85.0,169.0,10,146.0
2024-10-12,NBL-1103,155.0,0.0,10,146.0
2024-10-19,NBL-1103,9.0,169.0,10,146.0
2024-10-26,NBL-1103,91.0,169.0,10,146.0
2024-11-02,NBL-1103,156.0,0.0,10,146.0
2024-11-09,NBL-1103,25.0,169.0,10,146.0
2024-11-16,NBL-1103,64.0,169.0,10,146.0
2024-11-23,NBL-1103,139.0,169.0,10,146.0
2024-11-30,NBL-1103,204.0,0.0,10,146.0
2024-12-07,NBL-1103,113.0,169.0,10,146.0
2024-12-14,NBL-1103,182.0,0.0,10,146.0
2024-12-21,NBL-1103,243.0,0.0,10,146.0
2024-12-28,NBL-1103,153.0,0.0,10,146.0
2025-01-04,NBL-1103,212.0,0.0,10,146.0
2025-01-11,NBL-1103,286.0,0.0,10,146.0
2025-01-18,NBL-1103,192.0,0.0,10,146.0
2025-01-25,NBL-1103,87.0,169.0,10,146.0
2025-02-01,NBL-1103,164.0,0.0,10,146.0
2025-02-08,NBL-1103,247.0,0.0,10,146.0
2025-02-15,NBL-1103,154.0,0.0,10,146.0
2025-02-22,NBL-1103,207.0,0.0,10,146.0
2025-03-01,NBL-1103,276.0,0.0,10,146.0
2025-03-08,NBL-1103,172.0,0.0,10,146.0
2025-03-15,NBL-1103,68.0,169.0,10,146.0
2025-03-22,NBL-1103,155.0,0.0,10,146.0
2025-03-29,NBL-1103,60.0,169.0,10,146.0
2025-04-05,NBL-1103,97.0,169.0,10,146.0
2025-04-12,NBL-1103,143.0,169.0,10,146.0
2025-04-19,NBL-1103,169.0,0.0,10,146.0
2025-04-26,NBL-1103,36.0,169.0,10,146.0
2025-05-03,NBL-1103,95.0,169.0,10,146.0
2025-05-10,NBL-1103,165.0,0.0,10,146.0
2025-05-17,NBL-1103,3.0,169.0,10,146.0
2025-05-24,NBL-1103,74.0,169.0,10,146.0
2025-05-31,NBL-1103,149.0,0.0,10,146.0
2025-06-07,NBL-1103,19.0,169.0,10,146.0
2025-06-14,NBL-1103,39.0,169.0,10,146.0
2025-06-21,NBL-1103,121.0,169.0,10,146.0
2025-06-28,NBL-1103,169.0,0.0,10,146.0
2025-07-05,NBL-1103,18.0,169.0,10,146.0
2025-07-12,NBL-1103,65.0,169.0,10,146.0
2025-07-19,NBL-1103,158.0,0.0,10,146.0
2025-07-26,NBL-1103,0.0,169.0,10,146.0
2025-08-02,NBL-1103,42.0,169.0,10,146.0
2025-08-09,NBL-1103,135.0,169.0,10,146.0
2025-08-16,NBL-1103,0.0,169.0,10,146.0
2025-08-23,NBL-1103,11.0,169.0,10,146.0
2025-08-30,NBL-1103,121.0,169.0,10,146.0
2025-09-06,NBL-1103,169.0,0.0,10,146.0
2025-09-13,NBL-1103,46.0,169.0,10,146.0
2025-09-20,NBL-1103,95.0,169.0,10,146.0
2025-09-27,NBL-1103,160.0,0.0,10,146.0
2025-10-04,NBL-1103,51.0,169.0,10,146.0
2025-10-11,NBL-1103,37.0,169.0,10,146.0
2025-10-18,NBL-1103,142.0,169.0,10,146.0
2025-10-25,NBL-1103,2.0,169.0,10,146.0
2025-11-01,NBL-1103,77.0,169.0,10,146.0
2025-11-08,NBL-1103,135.0,169.0,10,146.0
2025-11-15,NBL-1103,169.0,0.0,10,146.0
2025-11-22,NBL-1103,62.0,169.0,10,146.0
2025-11-29,NBL-1103,109.0,169.0,10,146.0
2025-12-06,NBL-1103,173.0,0.0,10,146.0
2025-12-13,NBL-1103,79.0,169.0,10,146.0
2025-12-20,NBL-1103,145.0,169.0,10,146.0
2025-12-27,NBL-1103,185.0,0.0,10,146.0
2026-01-03,NBL-1103,78.0,169.0,10,146.0
2026-01-10,NBL-1103,126.0,169.0,10,146.0
2026-01-17,NBL-1103,167.0,0.0,10,146.0
2026-01-24,NBL-1103,241.0,0.0,10,146.0
2026-01-31,NBL-1103,126.0,169.0,10,146.0
2026-02-07,NBL-1103,167.0,0.0,10,146.0
2026-02-14,NBL-1103,238.0,0.0,10,146.0
2026-02-21,NBL-1103,135.0,169.0,10,146.0
2026-02-28,NBL-1103,192.0,0.0,10,146.0
2026-03-07,NBL-1103,240.0,0.0,10,146.0
2026-03-14,NBL-1103,136.0,169.0,10,146.0
2026-03-21,NBL-1103,172.0,0.0,10,146.0
2026-03-28,NBL-1103,210.0,0.0,10,146.0
2026-04-04,NBL-1103,211.0,0.0,10,146.0
2026-04-11,NBL-1103,81.0,169.0,10,146.0
2026-04-18,NBL-1103,145.0,169.0,10,146.0
2026-04-25,NBL-1103,161.0,0.0,10,146.0
2026-05-02,NBL-1103,0.0,169.0,10,146.0
2026-05-09,NBL-1103,46.0,169.0,10,146.0
2026-05-16,NBL-1103,146.0,169.0,10,146.0
2026-05-23,NBL-1103,1.0,169.0,10,146.0
2026-05-30,NBL-1103,25.0,169.0,10,146.0
2026-06-06,NBL-1103,111.0,169.0,10,146.0
2026-06-13,NBL-1103,169.0,0.0,10,146.0
2026-06-20,NBL-1103,15.0,169.0,10,146.0
2026-06-27,NBL-1103,81.0,169.0,10,146.0
2026-07-04,NBL-1103,151.0,0.0,10,146.0
2026-07-11,NBL-1103,0.0,,10,146.0
2024-07-13,NBL-1104,627.0,0.0,10,303.0
2024-07-20,NBL-1104,587.0,0.0,10,303.0
2024-07-27,NBL-1104,542.0,0.0,10,303.0
2024-08-03,NBL-1104,502.0,0.0,10,303.0
2024-08-10,NBL-1104,459.0,0.0,10,303.0
2024-08-17,NBL-1104,429.0,0.0,10,303.0
2024-08-24,NBL-1104,390.0,0.0,10,303.0
2024-08-31,NBL-1104,361.0,0.0,10,303.0
2024-09-07,NBL-1104,314.0,0.0,10,303.0
2024-09-14,NBL-1104,630.0,0.0,10,303.0
2024-09-21,NBL-1104,604.0,0.0,10,303.0
2024-09-28,NBL-1104,562.0,0.0,10,303.0
2024-10-05,NBL-1104,521.0,0.0,10,303.0
2024-10-12,NBL-1104,486.0,0.0,10,303.0
2024-10-19,NBL-1104,446.0,0.0,10,303.0
2024-10-26,NBL-1104,422.0,0.0,10,303.0
2024-11-02,NBL-1104,382.0,0.0,10,303.0
2024-11-09,NBL-1104,342.0,0.0,10,303.0
2024-11-16,NBL-1104,297.0,350.0,10,303.0
2024-11-23,NBL-1104,615.0,0.0,10,303.0
2024-11-30,NBL-1104,576.0,0.0,10,303.0
2024-12-07,NBL-1104,550.0,0.0,10,303.0
2024-12-14,NBL-1104,522.0,0.0,10,303.0
2024-12-21,NBL-1104,494.0,0.0,10,303.0
2024-12-28,NBL-1104,471.0,0.0,10,303.0
2025-01-04,NBL-1104,446.0,0.0,10,303.0
2025-01-11,NBL-1104,411.0,0.0,10,303.0
2025-01-18,NBL-1104,387.0,0.0,10,303.0
2025-01-25,NBL-1104,367.0,0.0,10,303.0
2025-02-01,NBL-1104,342.0,0.0,10,303.0
2025-02-08,NBL-1104,312.0,0.0,10,303.0
2025-02-15,NBL-1104,284.0,350.0,10,303.0
2025-02-22,NBL-1104,599.0,0.0,10,303.0
2025-03-01,NBL-1104,580.0,0.0,10,303.0
2025-03-08,NBL-1104,547.0,0.0,10,303.0
2025-03-15,NBL-1104,510.0,0.0,10,303.0
2025-03-22,NBL-1104,465.0,0.0,10,303.0
2025-03-29,NBL-1104,431.0,0.0,10,303.0
2025-04-05,NBL-1104,397.0,0.0,10,303.0
2025-04-12,NBL-1104,357.0,0.0,10,303.0
2025-04-19,NBL-1104,315.0,0.0,10,303.0
2025-04-26,NBL-1104,290.0,350.0,10,303.0
2025-05-03,NBL-1104,601.0,0.0,10,303.0
2025-05-10,NBL-1104,554.0,0.0,10,303.0
2025-05-17,NBL-1104,522.0,0.0,10,303.0
2025-05-24,NBL-1104,454.0,0.0,10,303.0
2025-05-31,NBL-1104,410.0,0.0,10,303.0
2025-06-07,NBL-1104,350.0,0.0,10,303.0
2025-06-14,NBL-1104,321.0,0.0,10,303.0
2025-06-21,NBL-1104,600.0,0.0,10,303.0
2025-06-28,NBL-1104,537.0,0.0,10,303.0
2025-07-05,NBL-1104,485.0,0.0,10,303.0
2025-07-12,NBL-1104,432.0,0.0,10,303.0
2025-07-19,NBL-1104,371.0,0.0,10,303.0
2025-07-26,NBL-1104,323.0,0.0,10,303.0
2025-08-02,NBL-1104,257.0,350.0,10,303.0
2025-08-09,NBL-1104,570.0,0.0,10,303.0
2025-08-16,NBL-1104,493.0,0.0,10,303.0
2025-08-23,NBL-1104,437.0,0.0,10,303.0
2025-08-30,NBL-1104,378.0,0.0,10,303.0
2025-09-06,NBL-1104,319.0,0.0,10,303.0
2025-09-13,NBL-1104,253.0,350.0,10,303.0
2025-09-20,NBL-1104,542.0,0.0,10,303.0
2025-09-27,NBL-1104,500.0,0.0,10,303.0
2025-10-04,NBL-1104,445.0,0.0,10,303.0
2025-10-11,NBL-1104,395.0,0.0,10,303.0
2025-10-18,NBL-1104,353.0,0.0,10,303.0
2025-10-25,NBL-1104,306.0,0.0,10,303.0
2025-11-01,NBL-1104,611.0,0.0,10,303.0
2025-11-08,NBL-1104,562.0,0.0,10,303.0
2025-11-15,NBL-1104,524.0,0.0,10,303.0
2025-11-22,NBL-1104,493.0,0.0,10,303.0
2025-11-29,NBL-1104,450.0,0.0,10,303.0
2025-12-06,NBL-1104,401.0,0.0,10,303.0
2025-12-13,NBL-1104,364.0,0.0,10,303.0
2025-12-20,NBL-1104,316.0,0.0,10,303.0
2025-12-27,NBL-1104,630.0,0.0,10,303.0
2026-01-03,NBL-1104,600.0,0.0,10,303.0
2026-01-10,NBL-1104,569.0,0.0,10,303.0
2026-01-17,NBL-1104,542.0,0.0,10,303.0
2026-01-24,NBL-1104,500.0,0.0,10,303.0
2026-01-31,NBL-1104,456.0,0.0,10,303.0
2026-02-07,NBL-1104,420.0,0.0,10,303.0
2026-02-14,NBL-1104,384.0,0.0,10,303.0
2026-02-21,NBL-1104,344.0,0.0,10,303.0
2026-02-28,NBL-1104,301.0,350.0,10,303.0
2026-03-07,NBL-1104,622.0,0.0,10,303.0
2026-03-14,NBL-1104,579.0,0.0,10,303.0
2026-03-21,NBL-1104,520.0,0.0,10,303.0
2026-03-28,NBL-1104,450.0,0.0,10,303.0
2026-04-04,NBL-1104,393.0,0.0,10,303.0
2026-04-11,NBL-1104,347.0,0.0,10,303.0
2026-04-18,NBL-1104,297.0,350.0,10,303.0
2026-04-25,NBL-1104,584.0,0.0,10,303.0
2026-05-02,NBL-1104,523.0,0.0,10,303.0
2026-05-09,NBL-1104,479.0,0.0,10,303.0
2026-05-16,NBL-1104,426.0,0.0,10,303.0
2026-05-23,NBL-1104,373.0,0.0,10,303.0
2026-05-30,NBL-1104,310.0,0.0,10,303.0
2026-06-06,NBL-1104,605.0,0.0,10,303.0
2026-06-13,NBL-1104,537.0,0.0,10,303.0
2026-06-20,NBL-1104,480.0,0.0,10,303.0
2026-06-27,NBL-1104,404.0,0.0,10,303.0
2026-07-04,NBL-1104,331.0,0.0,10,303.0
2026-07-11,NBL-1104,281.0,350.0,10,303.0
2024-07-13,NBL-1105,1266.0,0.0,28,855.0
2024-07-20,NBL-1105,1022.0,0.0,28,855.0
2024-07-27,NBL-1105,747.0,,28,855.0
2024-08-03,NBL-1105,483.0,987.0,28,855.0
2024-08-10,NBL-1105,1153.0,0.0,28,855.0
2024-08-17,NBL-1105,904.0,0.0,28,855.0
2024-08-24,NBL-1105,664.0,987.0,28,855.0
2024-08-31,NBL-1105,402.0,987.0,28,855.0
2024-09-07,NBL-1105,1101.0,0.0,28,855.0
2024-09-14,NBL-1105,815.0,987.0,28,855.0
2024-09-21,NBL-1105,574.0,987.0,28,855.0
2024-09-28,NBL-1105,309.0,987.0,28,855.0
2024-10-05,NBL-1105,1032.0,0.0,28,855.0
2024-10-12,NBL-1105,736.0,987.0,28,855.0
2024-10-19,NBL-1105,510.0,987.0,28,855.0
2024-10-26,NBL-1105,223.0,987.0,28,855.0
2024-11-02,NBL-1105,987.0,0.0,28,855.0
2024-11-09,NBL-1105,723.0,987.0,28,855.0
2024-11-16,NBL-1105,476.0,987.0,28,855.0
2024-11-23,NBL-1105,233.0,987.0,28,855.0
2024-11-30,NBL-1105,987.0,0.0,28,855.0
2024-12-07,NBL-1105,758.0,987.0,28,855.0
2024-12-14,NBL-1105,516.0,987.0,28,855.0
2024-12-21,NBL-1105,264.0,987.0,28,855.0
2024-12-28,NBL-1105,1022.0,0.0,28,855.0
2025-01-04,NBL-1105,777.0,987.0,28,855.0
2025-01-11,NBL-1105,497.0,987.0,28,855.0
2025-01-18,NBL-1105,243.0,987.0,28,855.0
2025-01-25,NBL-1105,987.0,0.0,28,855.0
2025-02-01,NBL-1105,762.0,987.0,28,855.0
2025-02-08,NBL-1105,499.0,987.0,28,855.0
2025-02-15,NBL-1105,202.0,987.0,28,855.0
2025-02-22,NBL-1105,987.0,0.0,28,855.0
2025-03-01,NBL-1105,744.0,987.0,28,855.0
2025-03-08,NBL-1105,427.0,987.0,28,855.0
2025-03-15,NBL-1105,212.0,987.0,28,855.0
2025-03-22,NBL-1105,987.0,0.0,28,855.0
2025-03-29,NBL-1105,703.0,987.0,28,855.0
2025-04-05,NBL-1105,403.0,987.0,28,855.0
2025-04-12,NBL-1105,153.0,987.0,28,855.0
2025-04-19,NBL-1105,987.0,0.0,28,855.0
2025-04-26,NBL-1105,721.0,987.0,28,855.0
2025-05-03,NBL-1105,473.0,987.0,28,855.0
2025-05-10,NBL-1105,142.0,987.0,28,855.0
2025-05-17,NBL-1105,987.0,0.0,28,855.0
2025-05-24,NBL-1105,720.0,987.0,28,855.0
2025-05-31,NBL-1105,390.0,987.0,28,855.0
2025-06-07,NBL-1105,67.0,987.0,28,855.0
2025-06-14,NBL-1105,987.0,0.0,28,855.0
2025-06-21,NBL-1105,673.0,987.0,28,855.0
2025-06-28,NBL-1105,374.0,987.0,28,855.0
2025-07-05,NBL-1105,44.0,987.0,28,855.0
2025-07-12,NBL-1105,987.0,0.0,28,855.0
2025-07-19,NBL-1105,705.0,987.0,28,855.0
2025-07-26,NBL-1105,372.0,987.0,28,855.0
2025-08-02,NBL-1105,45.0,987.0,28,855.0
2025-08-09,NBL-1105,987.0,0.0,28,855.0
2025-08-16,NBL-1105,700.0,987.0,28,855.0
2025-08-23,NBL-1105,408.0,987.0,28,855.0
2025-08-30,NBL-1105,127.0,987.0,28,855.0
2025-09-06,NBL-1105,987.0,0.0,28,855.0
2025-09-13,NBL-1105,627.0,987.0,28,855.0
2025-09-20,NBL-1105,331.0,987.0,28,855.0
2025-09-27,NBL-1105,47.0,987.0,28,855.0
2025-10-04,NBL-1105,987.0,0.0,28,855.0
2025-10-11,NBL-1105,728.0,987.0,28,855.0
2025-10-18,NBL-1105,421.0,987.0,28,855.0
2025-10-25,NBL-1105,136.0,987.0,28,855.0
2025-11-01,NBL-1105,987.0,0.0,28,855.0
2025-11-08,NBL-1105,675.0,987.0,28,855.0
2025-11-15,NBL-1105,351.0,987.0,28,855.0
2025-11-22,NBL-1105,58.0,987.0,28,855.0
2025-11-29,NBL-1105,987.0,0.0,28,855.0
2025-12-06,NBL-1105,676.0,987.0,28,855.0
2025-12-13,NBL-1105,380.0,987.0,28,855.0
2025-12-20,NBL-1105,89.0,987.0,28,855.0
2025-12-27,NBL-1105,987.0,0.0,28,855.0
2026-01-03,NBL-1105,710.0,987.0,28,855.0
2026-01-10,NBL-1105,413.0,987.0,28,855.0
2026-01-17,NBL-1105,96.0,987.0,28,855.0
2026-01-24,NBL-1105,987.0,0.0,28,855.0
2026-01-31,NBL-1105,709.0,987.0,28,855.0
2026-02-07,NBL-1105,372.0,987.0,28,855.0
2026-02-14,NBL-1105,32.0,987.0,28,855.0
2026-02-21,NBL-1105,987.0,0.0,28,855.0
2026-02-28,NBL-1105,666.0,987.0,28,855.0
2026-03-07,NBL-1105,352.0,987.0,28,855.0
2026-03-14,NBL-1105,26.0,987.0,28,855.0
2026-03-21,NBL-1105,987.0,0.0,28,855.0
2026-03-28,NBL-1105,674.0,987.0,28,855.0
2026-04-04,NBL-1105,396.0,987.0,28,855.0
2026-04-11,NBL-1105,58.0,987.0,28,855.0
2026-04-18,NBL-1105,987.0,0.0,28,855.0
2026-04-25,NBL-1105,635.0,987.0,28,855.0
2026-05-02,NBL-1105,302.0,987.0,28,855.0
2026-05-09,NBL-1105,0.0,987.0,28,855.0
2026-05-16,NBL-1105,987.0,0.0,28,855.0
2026-05-23,NBL-1105,617.0,987.0,28,855.0
2026-05-30,NBL-1105,305.0,987.0,28,855.0
2026-06-06,NBL-1105,0.0,987.0,28,855.0
2026-06-13,NBL-1105,987.0,0.0,28,855.0
2026-06-20,NBL-1105,674.0,,28,855.0
2026-06-27,NBL-1105,270.0,987.0,28,855.0
2026-07-04,NBL-1105,0.0,987.0,28,855.0
2026-07-11,NBL-1105,987.0,0.0,28,855.0
2024-07-13,NBL-1106,241.0,0.0,7,123.0
2024-07-20,NBL-1106,213.0,0.0,7,123.0
2024-07-27,NBL-1106,221.0,0.0,7,123.0
2024-08-03,NBL-1106,238.0,0.0,7,123.0
2024-08-10,NBL-1106,251.0,0.0,7,123.0
2024-08-17,NBL-1106,259.0,0.0,7,123.0
2024-08-24,NBL-1106,241.0,0.0,7,123.0
2024-08-31,NBL-1106,232.0,0.0,7,123.0
2024-09-07,NBL-1106,221.0,0.0,7,123.0
2024-09-14,NBL-1106,216.0,0.0,7,123.0
2024-09-21,NBL-1106,232.0,0.0,7,123.0
2024-09-28,NBL-1106,227.0,0.0,7,123.0
2024-10-05,NBL-1106,233.0,0.0,7,123.0
2024-10-12,NBL-1106,263.0,0.0,7,123.0
2024-10-19,NBL-1106,264.0,0.0,7,123.0
2024-10-26,NBL-1106,133.0,0.0,7,123.0
2024-11-02,NBL-1106,143.0,0.0,7,123.0
2024-11-09,NBL-1106,166.0,0.0,7,123.0
2024-11-16,NBL-1106,142.0,0.0,7,123.0
2024-11-23,NBL-1106,170.0,0.0,7,123.0
2024-11-30,NBL-1106,184.0,0.0,7,123.0
2024-12-07,NBL-1106,204.0,0.0,7,123.0
2024-12-14,NBL-1106,243.0,0.0,7,123.0
2024-12-21,NBL-1106,256.0,0.0,7,123.0
2024-12-28,NBL-1106,127.0,0.0,7,123.0
2025-01-04,NBL-1106,157.0,0.0,7,123.0
2025-01-11,NBL-1106,194.0,0.0,7,123.0
2025-01-18,NBL-1106,229.0,0.0,7,123.0
2025-01-25,NBL-1106,249.0,0.0,7,123.0
2025-02-01,NBL-1106,160.0,0.0,7,123.0
2025-02-08,NBL-1106,173.0,0.0,7,123.0
2025-02-15,NBL-1106,189.0,0.0,7,123.0
2025-02-22,NBL-1106,210.0,0.0,7,123.0
2025-03-01,NBL-1106,228.0,0.0,7,123.0
2025-03-08,NBL-1106,262.0,0.0,7,123.0
2025-03-15,NBL-1106,141.0,0.0,7,123.0
2025-03-22,NBL-1106,146.0,0.0,7,123.0
2025-03-29,NBL-1106,162.0,0.0,7,123.0
2025-04-05,NBL-1106,197.0,0.0,7,123.0
2025-04-12,NBL-1106,207.0,0.0,7,123.0
2025-04-19,NBL-1106,236.0,0.0,7,123.0
2025-04-26,NBL-1106,250.0,0.0,7,123.0
2025-05-03,NBL-1106,233.0,0.0,7,123.0
2025-05-10,NBL-1106,245.0,0.0,7,123.0
2025-05-17,NBL-1106,262.0,0.0,7,123.0
2025-05-24,NBL-1106,149.0,0.0,7,123.0
2025-05-31,NBL-1106,170.0,0.0,7,123.0
2025-06-07,NBL-1106,174.0,0.0,7,123.0
2025-06-14,NBL-1106,193.0,0.0,7,123.0
2025-06-21,NBL-1106,230.0,0.0,7,123.0
2025-06-28,NBL-1106,236.0,0.0,7,123.0
2025-07-05,NBL-1106,232.0,0.0,7,123.0
2025-07-12,NBL-1106,239.0,0.0,7,123.0
2025-07-19,NBL-1106,256.0,0.0,7,123.0
2025-07-26,NBL-1106,126.0,0.0,7,123.0
2025-08-02,NBL-1106,142.0,0.0,7,123.0
2025-08-09,NBL-1106,143.0,0.0,7,123.0
2025-08-16,NBL-1106,160.0,0.0,7,123.0
2025-08-23,NBL-1106,193.0,0.0,7,123.0
2025-08-30,NBL-1106,207.0,,7,123.0
2025-09-06,NBL-1106,217.0,0.0,7,123.0
2025-09-13,NBL-1106,248.0,0.0,7,123.0
2025-09-20,NBL-1106,146.0,0.0,7,123.0
2025-09-27,NBL-1106,165.0,0.0,7,123.0
2025-10-04,NBL-1106,171.0,0.0,7,123.0
2025-10-11,NBL-1106,184.0,0.0,7,123.0
2025-10-18,NBL-1106,196.0,0.0,7,123.0
2025-10-25,NBL-1106,250.0,0.0,7,123.0
2025-11-01,NBL-1106,149.0,0.0,7,123.0
2025-11-08,NBL-1106,153.0,0.0,7,123.0
2025-11-15,NBL-1106,175.0,0.0,7,123.0
2025-11-22,NBL-1106,205.0,0.0,7,123.0
2025-11-29,NBL-1106,241.0,0.0,7,123.0
2025-12-06,NBL-1106,254.0,0.0,7,123.0
2025-12-13,NBL-1106,156.0,0.0,7,123.0
2025-12-20,NBL-1106,175.0,0.0,7,123.0
2025-12-27,NBL-1106,230.0,0.0,7,123.0
2026-01-03,NBL-1106,252.0,0.0,7,123.0
2026-01-10,NBL-1106,136.0,0.0,7,123.0
2026-01-17,NBL-1106,184.0,0.0,7,123.0
2026-01-24,NBL-1106,225.0,0.0,7,123.0
2026-01-31,NBL-1106,256.0,0.0,7,123.0
2026-02-07,NBL-1106,188.0,0.0,7,123.0
2026-02-14,NBL-1106,222.0,0.0,7,123.0
2026-02-21,NBL-1106,144.0,0.0,7,123.0
2026-02-28,NBL-1106,166.0,0.0,7,123.0
2026-03-07,NBL-1106,226.0,0.0,7,123.0
2026-03-14,NBL-1106,140.0,0.0,7,123.0
2026-03-21,NBL-1106,166.0,0.0,7,123.0
2026-03-28,NBL-1106,206.0,0.0,7,123.0
2026-04-04,NBL-1106,233.0,0.0,7,123.0
2026-04-11,NBL-1106,137.0,0.0,7,123.0
2026-04-18,NBL-1106,186.0,0.0,7,123.0
2026-04-25,NBL-1106,231.0,0.0,7,123.0
2026-05-02,NBL-1106,144.0,0.0,7,123.0
2026-05-09,NBL-1106,176.0,0.0,7,123.0
2026-05-16,NBL-1106,209.0,0.0,7,123.0
2026-05-23,NBL-1106,259.0,0.0,7,123.0
2026-05-30,NBL-1106,263.0,0.0,7,123.0
2026-06-06,NBL-1106,159.0,0.0,7,123.0
2026-06-13,NBL-1106,196.0,0.0,7,123.0
2026-06-20,NBL-1106,219.0,0.0,7,123.0
2026-06-27,NBL-1106,249.0,0.0,7,123.0
2026-07-04,NBL-1106,131.0,0.0,7,123.0
2026-07-11,NBL-1106,180.0,0.0,7,123.0
2024-07-13,NBL-1107,277.0,0.0,7,35.0
2024-07-20,NBL-1107,232.0,0.0,7,35.0
2024-07-27,NBL-1107,179.0,0.0,7,35.0
2024-08-03,NBL-1107,143.0,0.0,7,35.0
2024-08-10,NBL-1107,111.0,0.0,7,35.0
2024-08-17,NBL-1107,70.0,0.0,7,35.0
2024-08-24,NBL-1107,63.0,0.0,7,35.0
2024-08-31,NBL-1107,68.0,0.0,7,35.0
2024-09-07,NBL-1107,70.0,0.0,7,35.0
2024-09-14,NBL-1107,41.0,0.0,7,35.0
2024-09-21,NBL-1107,46.0,0.0,7,35.0
2024-09-28,NBL-1107,40.0,0.0,7,35.0
2024-10-05,NBL-1107,40.0,0.0,7,35.0
2024-10-12,NBL-1107,40.0,0.0,7,35.0
2024-10-19,NBL-1107,40.0,0.0,7,35.0
2024-10-26,NBL-1107,40.0,0.0,7,35.0
2024-11-02,NBL-1107,42.0,0.0,7,35.0
2024-11-09,NBL-1107,41.0,0.0,7,35.0
2024-11-16,NBL-1107,40.0,0.0,7,35.0
2024-11-23,NBL-1107,44.0,0.0,7,35.0
2024-11-30,NBL-1107,42.0,0.0,7,35.0
2024-12-07,NBL-1107,41.0,0.0,7,35.0
2024-12-14,NBL-1107,47.0,0.0,7,35.0
2024-12-21,NBL-1107,43.0,0.0,7,35.0
2024-12-28,NBL-1107,48.0,0.0,7,35.0
2025-01-04,NBL-1107,56.0,0.0,7,35.0
2025-01-11,NBL-1107,48.0,0.0,7,35.0
2025-01-18,NBL-1107,51.0,0.0,7,35.0
2025-01-25,NBL-1107,58.0,0.0,7,35.0
2025-02-01,NBL-1107,65.0,0.0,7,35.0
2025-02-08,NBL-1107,59.0,0.0,7,35.0
2025-02-15,NBL-1107,57.0,0.0,7,35.0
2025-02-22,NBL-1107,69.0,0.0,7,35.0
2025-03-01,NBL-1107,60.0,0.0,7,35.0
2025-03-08,NBL-1107,54.0,0.0,7,35.0
2025-03-15,NBL-1107,58.0,0.0,7,35.0
2025-03-22,NBL-1107,62.0,0.0,7,35.0
2025-03-29,NBL-1107,62.0,0.0,7,35.0
2025-04-05,NBL-1107,54.0,0.0,7,35.0
2025-04-12,NBL-1107,41.0,0.0,7,35.0
2025-04-19,NBL-1107,40.0,0.0,7,35.0
2025-04-26,NBL-1107,40.0,0.0,7,35.0
2025-05-03,NBL-1107,40.0,0.0,7,35.0
2025-05-10,NBL-1107,40.0,0.0,7,35.0
2025-05-17,NBL-1107,40.0,0.0,7,35.0
2025-05-24,NBL-1107,40.0,0.0,7,35.0
2025-05-31,NBL-1107,40.0,0.0,7,35.0
2025-06-07,NBL-1107,40.0,0.0,7,35.0
2025-06-14,NBL-1107,40.0,0.0,7,35.0
2025-06-21,NBL-1107,40.0,0.0,7,35.0
2025-06-28,NBL-1107,40.0,0.0,7,35.0
2025-07-05,NBL-1107,40.0,0.0,7,35.0
2025-07-12,NBL-1107,40.0,0.0,7,35.0
2025-07-19,NBL-1107,40.0,0.0,7,35.0
2025-07-26,NBL-1107,40.0,0.0,7,35.0
2025-08-02,NBL-1107,40.0,0.0,7,35.0
2025-08-09,NBL-1107,40.0,0.0,7,35.0
2025-08-16,NBL-1107,40.0,0.0,7,35.0
2025-08-23,NBL-1107,40.0,0.0,7,35.0
2025-08-30,NBL-1107,40.0,0.0,7,35.0
2025-09-06,NBL-1107,40.0,0.0,7,35.0
2025-09-13,NBL-1107,40.0,0.0,7,35.0
2025-09-20,NBL-1107,40.0,0.0,7,35.0
2025-09-27,NBL-1107,40.0,0.0,7,35.0
2025-10-04,NBL-1107,40.0,0.0,7,35.0
2025-10-11,NBL-1107,40.0,0.0,7,35.0
2025-10-18,NBL-1107,40.0,0.0,7,35.0
2025-10-25,NBL-1107,40.0,0.0,7,35.0
2025-11-01,NBL-1107,44.0,0.0,7,35.0
2025-11-08,NBL-1107,40.0,0.0,7,35.0
2025-11-15,NBL-1107,40.0,0.0,7,35.0
2025-11-22,NBL-1107,46.0,0.0,7,35.0
2025-11-29,NBL-1107,40.0,0.0,7,35.0
2025-12-06,NBL-1107,40.0,0.0,7,35.0
2025-12-13,NBL-1107,40.0,0.0,7,35.0
2025-12-20,NBL-1107,40.0,0.0,7,35.0
2025-12-27,NBL-1107,40.0,0.0,7,35.0
2026-01-03,NBL-1107,40.0,0.0,7,35.0
2026-01-10,NBL-1107,40.0,0.0,7,35.0
2026-01-17,NBL-1107,40.0,0.0,7,35.0
2026-01-24,NBL-1107,40.0,0.0,7,35.0
2026-01-31,NBL-1107,40.0,0.0,7,35.0
2026-02-07,NBL-1107,40.0,0.0,7,35.0
2026-02-14,NBL-1107,40.0,0.0,7,35.0
2026-02-21,NBL-1107,40.0,0.0,7,35.0
2026-02-28,NBL-1107,40.0,0.0,7,35.0
2026-03-07,NBL-1107,40.0,0.0,7,35.0
2026-03-14,NBL-1107,40.0,0.0,7,35.0
2026-03-21,NBL-1107,40.0,0.0,7,35.0
2026-03-28,NBL-1107,40.0,0.0,7,35.0
2026-04-04,NBL-1107,40.0,0.0,7,35.0
2026-04-11,NBL-1107,40.0,0.0,7,35.0
2026-04-18,NBL-1107,40.0,0.0,7,35.0
2026-04-25,NBL-1107,40.0,0.0,7,35.0
2026-05-02,NBL-1107,40.0,0.0,7,35.0
2026-05-09,NBL-1107,40.0,0.0,7,35.0
2026-05-16,NBL-1107,40.0,0.0,7,35.0
2026-05-23,NBL-1107,40.0,0.0,7,35.0
2026-05-30,NBL-1107,40.0,0.0,7,35.0
2026-06-06,NBL-1107,40.0,0.0,7,35.0
2026-06-13,NBL-1107,40.0,0.0,7,35.0
2026-06-20,NBL-1107,40.0,0.0,7,35.0
2026-06-27,NBL-1107,40.0,0.0,7,35.0
2026-07-04,NBL-1107,40.0,0.0,7,35.0
2026-07-11,NBL-1107,40.0,0.0,7,35.0
2024-07-13,NBL-1108,1021.0,0.0,21,679.0
2024-07-20,NBL-1108,727.0,0.0,21,679.0
2024-07-27,NBL-1108,356.0,784.0,21,679.0
2024-08-03,NBL-1108,848.0,0.0,21,679.0
2024-08-10,NBL-1108,609.0,784.0,21,679.0
2024-08-17,NBL-1108,359.0,784.0,21,679.0
2024-08-24,NBL-1108,891.0,0.0,21,679.0
2024-08-31,NBL-1108,631.0,784.0,21,679.0
2024-09-07,NBL-1108,328.0,784.0,21,679.0
2024-09-14,NBL-1108,807.0,0.0,21,679.0
2024-09-21,NBL-1108,492.0,784.0,21,679.0
2024-09-28,NBL-1108,230.0,784.0,21,679.0
2024-10-05,NBL-1108,784.0,0.0,21,679.0
2024-10-12,NBL-1108,518.0,784.0,21,679.0
2024-10-19,NBL-1108,263.0,784.0,21,679.0
2024-10-26,NBL-1108,784.0,0.0,21,679.0
2024-11-02,NBL-1108,506.0,784.0,21,679.0
2024-11-09,NBL-1108,306.0,784.0,21,679.0
2024-11-16,NBL-1108,879.0,0.0,21,679.0
2024-11-23,NBL-1108,653.0,784.0,21,679.0
2024-11-30,NBL-1108,396.0,784.0,21,679.0
2024-12-07,NBL-1108,962.0,0.0,21,679.0
2024-12-14,NBL-1108,749.0,0.0,21,679.0
2024-12-21,NBL-1108,579.0,784.0,21,679.0
2024-12-28,NBL-1108,1114.0,0.0,21,679.0
2025-01-04,NBL-1108,874.0,0.0,21,679.0
2025-01-11,NBL-1108,665.0,784.0,21,679.0
2025-01-18,NBL-1108,1244.0,0.0,21,679.0
2025-01-25,NBL-1108,1036.0,0.0,21,679.0
2025-02-01,NBL-1108,822.0,0.0,21,679.0
2025-02-08,NBL-1108,1406.0,0.0,21,679.0
2025-02-15,NBL-1108,1220.0,0.0,21,679.0
2025-02-22,NBL-1108,993.0,0.0,21,679.0
2025-03-01,NBL-1108,760.0,0.0,21,679.0
2025-03-08,NBL-1108,556.0,784.0,21,679.0
2025-03-15,NBL-1108,349.0,784.0,21,679.0
2025-03-22,NBL-1108,896.0,0.0,21,679.0
2025-03-29,NBL-1108,687.0,0.0,21,679.0
2025-04-05,NBL-1108,418.0,784.0,21,679.0
2025-04-12,NBL-1108,924.0,0.0,21,679.0
2025-04-19,NBL-1108,645.0,784.0,21,679.0
2025-04-26,NBL-1108,398.0,784.0,21,679.0
2025-05-03,NBL-1108,915.0,0.0,21,679.0
2025-05-10,NBL-1108,597.0,784.0,21,679.0
2025-05-17,NBL-1108,268.0,784.0,21,679.0
2025-05-24,NBL-1108,784.0,0.0,21,679.0
2025-05-31,NBL-1108,522.0,784.0,21,679.0
2025-06-07,NBL-1108,222.0,784.0,21,679.0
2025-06-14,NBL-1108,784.0,0.0,21,679.0
2025-06-21,NBL-1108,518.0,784.0,21,679.0
2025-06-28,NBL-1108,239.0,784.0,21,679.0
2025-07-05,NBL-1108,784.0,0.0,21,679.0
2025-07-12,NBL-1108,466.0,784.0,21,679.0
2025-07-19,NBL-1108,117.0,784.0,21,679.0
2025-07-26,NBL-1108,784.0,0.0,21,679.0
2025-08-02,NBL-1108,481.0,784.0,21,679.0
2025-08-09,NBL-1108,149.0,784.0,21,679.0
2025-08-16,NBL-1108,784.0,0.0,21,679.0
2025-08-23,NBL-1108,471.0,784.0,21,679.0
2025-08-30,NBL-1108,153.0,784.0,21,679.0
2025-09-06,NBL-1108,784.0,0.0,21,679.0
2025-09-13,NBL-1108,536.0,784.0,21,679.0
2025-09-20,NBL-1108,269.0,784.0,21,679.0
2025-09-27,NBL-1108,784.0,0.0,21,679.0
2025-10-04,NBL-1108,466.0,784.0,21,679.0
2025-10-11,NBL-1108,238.0,784.0,21,679.0
2025-10-18,NBL-1108,784.0,0.0,21,679.0
2025-10-25,NBL-1108,543.0,784.0,21,679.0
2025-11-01,NBL-1108,315.0,784.0,21,679.0
2025-11-08,NBL-1108,883.0,0.0,21,679.0
2025-11-15,NBL-1108,623.0,784.0,21,679.0
2025-11-22,NBL-1108,381.0,784.0,21,679.0
2025-11-29,NBL-1108,928.0,0.0,21,679.0
2025-12-06,NBL-1108,716.0,0.0,21,679.0
2025-12-13,NBL-1108,511.0,784.0,21,679.0
2025-12-20,NBL-1108,1101.0,0.0,21,679.0
2025-12-27,NBL-1108,912.0,0.0,21,679.0
2026-01-03,NBL-1108,706.0,0.0,21,679.0
2026-01-10,NBL-1108,1288.0,0.0,21,679.0
2026-01-17,NBL-1108,1057.0,0.0,21,679.0
2026-01-24,NBL-1108,822.0,0.0,21,679.0
2026-01-31,NBL-1108,1355.0,0.0,21,679.0
2026-02-07,NBL-1108,1144.0,0.0,21,679.0
2026-02-14,NBL-1108,964.0,0.0,21,679.0
2026-02-21,NBL-1108,771.0,0.0,21,679.0
2026-02-28,NBL-1108,568.0,784.0,21,679.0
2026-03-07,NBL-1108,347.0,784.0,21,679.0
2026-03-14,NBL-1108,950.0,0.0,21,679.0
2026-03-21,NBL-1108,754.0,0.0,21,679.0
2026-03-28,NBL-1108,516.0,784.0,21,679.0
2026-04-04,NBL-1108,992.0,0.0,21,679.0
2026-04-11,NBL-1108,746.0,0.0,21,679.0
2026-04-18,NBL-1108,438.0,,21,679.0
2026-04-25,NBL-1108,972.0,0.0,21,679.0
2026-05-02,NBL-1108,689.0,0.0,21,679.0
2026-05-09,NBL-1108,370.0,784.0,21,679.0
2026-05-16,NBL-1108,869.0,0.0,21,679.0
2026-05-23,NBL-1108,578.0,784.0,21,679.0
2026-05-30,NBL-1108,249.0,784.0,21,679.0
2026-06-06,NBL-1108,784.0,0.0,21,679.0
2026-06-13,NBL-1108,566.0,784.0,21,679.0
2026-06-20,NBL-1108,220.0,784.0,21,679.0
2026-06-27,NBL-1108,784.0,0.0,21,679.0
2026-07-04,NBL-1108,468.0,784.0,21,679.0
2026-07-11,NBL-1108,168.0,784.0,21,679.0
2024-07-13,NBL-1109,1032.0,0.0,28,597.0
2024-07-20,NBL-1109,792.0,0.0,28,597.0
2024-07-27,NBL-1109,583.0,689.0,28,597.0
2024-08-03,NBL-1109,382.0,689.0,28,597.0
2024-08-10,NBL-1109,874.0,0.0,28,597.0
2024-08-17,NBL-1109,672.0,0.0,28,597.0
2024-08-24,NBL-1109,438.0,689.0,28,597.0
2024-08-31,NBL-1109,186.0,689.0,28,597.0
2024-09-07,NBL-1109,689.0,0.0,28,597.0
2024-09-14,NBL-1109,485.0,689.0,28,597.0
2024-09-21,NBL-1109,289.0,689.0,28,597.0
2024-09-28,NBL-1109,102.0,689.0,28,597.0
2024-10-05,NBL-1109,689.0,0.0,28,597.0
2024-10-12,NBL-1109,562.0,689.0,28,597.0
2024-10-19,NBL-1109,379.0,689.0,28,597.0
2024-10-26,NBL-1109,234.0,689.0,28,597.0
2024-11-02,NBL-1109,764.0,0.0,28,597.0
2024-11-09,NBL-1109,601.0,0.0,28,597.0
2024-11-16,NBL-1109,480.0,689.0,28,597.0
2024-11-23,NBL-1109,372.0,689.0,28,597.0
2024-11-30,NBL-1109,915.0,0.0,28,597.0
2024-12-07,NBL-1109,759.0,0.0,28,597.0
2024-12-14,NBL-1109,621.0,0.0,28,597.0
2024-12-21,NBL-1109,521.0,689.0,28,597.0
2024-12-28,NBL-1109,1113.0,0.0,28,597.0
2025-01-04,NBL-1109,1012.0,0.0,28,597.0
2025-01-11,NBL-1109,896.0,0.0,28,597.0
2025-01-18,NBL-1109,782.0,0.0,28,597.0
2025-01-25,NBL-1109,663.0,0.0,28,597.0
2025-02-01,NBL-1109,556.0,689.0,28,597.0
2025-02-08,NBL-1109,446.0,689.0,28,597.0
2025-02-15,NBL-1109,351.0,689.0,28,597.0
2025-02-22,NBL-1109,905.0,0.0,28,597.0
2025-03-01,NBL-1109,781.0,0.0,28,597.0
2025-03-08,NBL-1109,658.0,0.0,28,597.0
2025-03-15,NBL-1109,533.0,689.0,28,597.0
2025-03-22,NBL-1109,1120.0,0.0,28,597.0
2025-03-29,NBL-1109,980.0,0.0,28,597.0
2025-04-05,NBL-1109,865.0,0.0,28,597.0
2025-04-12,NBL-1109,697.0,0.0,28,597.0
2025-04-19,NBL-1109,1218.0,0.0,28,597.0
2025-04-26,NBL-1109,1066.0,0.0,28,597.0
2025-05-03,NBL-1109,925.0,0.0,28,597.0
2025-05-10,NBL-1109,716.0,0.0,28,597.0
2025-05-17,NBL-1109,1169.0,0.0,28,597.0
2025-05-24,NBL-1109,945.0,0.0,28,597.0
2025-05-31,NBL-1109,712.0,0.0,28,597.0
2025-06-07,NBL-1109,535.0,689.0,28,597.0
2025-06-14,NBL-1109,1064.0,0.0,28,597.0
2025-06-21,NBL-1109,828.0,0.0,28,597.0
2025-06-28,NBL-1109,620.0,0.0,28,597.0
2025-07-05,NBL-1109,411.0,689.0,28,597.0
2025-07-12,NBL-1109,893.0,0.0,28,597.0
2025-07-19,NBL-1109,694.0,0.0,28,597.0
2025-07-26,NBL-1109,475.0,689.0,28,597.0
2025-08-02,NBL-1109,290.0,689.0,28,597.0
2025-08-09,NBL-1109,804.0,0.0,28,597.0
2025-08-16,NBL-1109,607.0,0.0,28,597.0
2025-08-23,NBL-1109,443.0,689.0,28,597.0
2025-08-30,NBL-1109,318.0,689.0,28,597.0
2025-09-06,NBL-1109,833.0,0.0,28,597.0
2025-09-13,NBL-1109,675.0,0.0,28,597.0
2025-09-20,NBL-1109,510.0,689.0,28,597.0
2025-09-27,NBL-1109,312.0,689.0,28,597.0
2025-10-04,NBL-1109,854.0,0.0,28,597.0
2025-10-11,NBL-1109,713.0,0.0,28,597.0
2025-10-18,NBL-1109,556.0,689.0,28,597.0
2025-10-25,NBL-1109,422.0,689.0,28,597.0
2025-11-01,NBL-1109,1021.0,0.0,28,597.0
2025-11-08,NBL-1109,888.0,0.0,28,597.0
2025-11-15,NBL-1109,778.0,0.0,28,597.0
2025-11-22,NBL-1109,687.0,0.0,28,597.0
2025-11-29,NBL-1109,1255.0,0.0,28,597.0
2025-12-06,NBL-1109,1140.0,0.0,28,597.0
2025-12-13,NBL-1109,1003.0,0.0,28,597.0
2025-12-20,NBL-1109,888.0,0.0,28,597.0
2025-12-27,NBL-1109,782.0,0.0,28,597.0
2026-01-03,NBL-1109,667.0,0.0,28,597.0
2026-01-10,NBL-1109,557.0,689.0,28,597.0
2026-01-17,NBL-1109,488.0,689.0,28,597.0
2026-01-24,NBL-1109,1097.0,0.0,28,597.0
2026-01-31,NBL-1109,1011.0,0.0,28,597.0
2026-02-07,NBL-1109,899.0,0.0,28,597.0
2026-02-14,NBL-1109,814.0,0.0,28,597.0
2026-02-21,NBL-1109,710.0,0.0,28,597.0
2026-02-28,NBL-1109,619.0,0.0,28,597.0
2026-03-07,NBL-1109,495.0,689.0,28,597.0
2026-03-14,NBL-1109,379.0,689.0,28,597.0
2026-03-21,NBL-1109,962.0,0.0,28,597.0
2026-03-28,NBL-1109,831.0,0.0,28,597.0
2026-04-04,NBL-1109,667.0,0.0,28,597.0
2026-04-11,NBL-1109,554.0,689.0,28,597.0
2026-04-18,NBL-1109,1085.0,0.0,28,597.0
2026-04-25,NBL-1109,967.0,0.0,28,597.0
2026-05-02,NBL-1109,848.0,0.0,28,597.0
2026-05-09,NBL-1109,686.0,0.0,28,597.0
2026-05-16,NBL-1109,1219.0,0.0,28,597.0
2026-05-23,NBL-1109,1088.0,0.0,28,597.0
2026-05-30,NBL-1109,925.0,0.0,28,597.0
2026-06-06,NBL-1109,757.0,0.0,28,597.0
2026-06-13,NBL-1109,614.0,0.0,28,597.0
2026-06-20,NBL-1109,443.0,689.0,28,597.0
2026-06-27,NBL-1109,269.0,689.0,28,597.0
2026-07-04,NBL-1109,105.0,689.0,28,597.0
2026-07-11,NBL-1109,689.0,0.0,28,597.0
2024-07-13,NBL-1110,939.0,0.0,14,667.0
2024-07-20,NBL-1110,421.0,770.0,14,667.0
2024-07-27,NBL-1110,770.0,0.0,14,667.0
2024-08-03,NBL-1110,238.0,770.0,14,667.0
2024-08-10,NBL-1110,770.0,0.0,14,667.0
2024-08-17,NBL-1110,255.0,770.0,14,667.0
2024-08-24,NBL-1110,770.0,0.0,14,667.0
2024-08-31,NBL-1110,349.0,770.0,14,667.0
2024-09-07,NBL-1110,770.0,0.0,14,667.0
2024-09-14,NBL-1110,215.0,770.0,14,667.0
2024-09-21,NBL-1110,770.0,0.0,14,667.0
2024-09-28,NBL-1110,253.0,770.0,14,667.0
2024-10-05,NBL-1110,770.0,0.0,14,667.0
2024-10-12,NBL-1110,312.0,770.0,14,667.0
2024-10-19,NBL-1110,770.0,0.0,14,667.0
2024-10-26,NBL-1110,279.0,770.0,14,667.0
2024-11-02,NBL-1110,770.0,0.0,14,667.0
2024-11-09,NBL-1110,289.0,770.0,14,667.0
2024-11-16,NBL-1110,770.0,0.0,14,667.0
2024-11-23,NBL-1110,414.0,770.0,14,667.0
2024-11-30,NBL-1110,838.0,0.0,14,667.0
2024-12-07,NBL-1110,476.0,770.0,14,667.0
2024-12-14,NBL-1110,855.0,0.0,14,667.0
2024-12-21,NBL-1110,460.0,770.0,14,667.0
2024-12-28,NBL-1110,946.0,0.0,14,667.0
2025-01-04,NBL-1110,580.0,770.0,14,667.0
2025-01-11,NBL-1110,1022.0,0.0,14,667.0
2025-01-18,NBL-1110,702.0,0.0,14,667.0
2025-01-25,NBL-1110,1118.0,0.0,14,667.0
2025-02-01,NBL-1110,766.0,0.0,14,667.0
2025-02-08,NBL-1110,1169.0,0.0,14,667.0
2025-02-15,NBL-1110,708.0,0.0,14,667.0
2025-02-22,NBL-1110,1076.0,0.0,14,667.0
2025-03-01,NBL-1110,668.0,0.0,14,667.0
2025-03-08,NBL-1110,1019.0,0.0,14,667.0
2025-03-15,NBL-1110,575.0,770.0,14,667.0
2025-03-22,NBL-1110,1013.0,0.0,14,667.0
2025-03-29,NBL-1110,500.0,770.0,14,667.0
2025-04-05,NBL-1110,857.0,0.0,14,667.0
2025-04-12,NBL-1110,334.0,770.0,14,667.0
2025-04-19,NBL-1110,770.0,0.0,14,667.0
2025-04-26,NBL-1110,189.0,770.0,14,667.0
2025-05-03,NBL-1110,770.0,0.0,14,667.0
2025-05-10,NBL-1110,198.0,770.0,14,667.0
2025-05-17,NBL-1110,770.0,0.0,14,667.0
2025-05-24,NBL-1110,162.0,770.0,14,667.0
2025-05-31,NBL-1110,770.0,0.0,14,667.0
2025-06-07,NBL-1110,93.0,770.0,14,667.0
2025-06-14,NBL-1110,770.0,0.0,14,667.0
2025-06-21,NBL-1110,256.0,770.0,14,667.0
2025-06-28,NBL-1110,770.0,0.0,14,667.0
2025-07-05,NBL-1110,135.0,770.0,14,667.0
2025-07-12,NBL-1110,770.0,,14,667.0
2025-07-19,NBL-1110,160.0,770.0,14,667.0
2025-07-26,NBL-1110,770.0,0.0,14,667.0
2025-08-02,NBL-1110,139.0,770.0,14,667.0
2025-08-09,NBL-1110,770.0,0.0,14,667.0
2025-08-16,NBL-1110,194.0,770.0,14,667.0
2025-08-23,NBL-1110,770.0,0.0,14,667.0
2025-08-30,NBL-1110,82.0,770.0,14,667.0
2025-09-06,NBL-1110,770.0,0.0,14,667.0
2025-09-13,NBL-1110,235.0,770.0,14,667.0
2025-09-20,NBL-1110,770.0,0.0,14,667.0
2025-09-27,NBL-1110,150.0,770.0,14,667.0
2025-10-04,NBL-1110,770.0,0.0,14,667.0
2025-10-11,NBL-1110,115.0,770.0,14,667.0
2025-10-18,NBL-1110,770.0,0.0,14,667.0
2025-10-25,NBL-1110,280.0,770.0,14,667.0
2025-11-01,NBL-1110,770.0,0.0,14,667.0
2025-11-08,NBL-1110,233.0,770.0,14,667.0
2025-11-15,NBL-1110,770.0,0.0,14,667.0
2025-11-22,NBL-1110,217.0,770.0,14,667.0
2025-11-29,NBL-1110,770.0,0.0,14,667.0
2025-12-06,NBL-1110,304.0,770.0,14,667.0
2025-12-13,NBL-1110,770.0,0.0,14,667.0
2025-12-20,NBL-1110,307.0,770.0,14,667.0
2025-12-27,NBL-1110,770.0,0.0,14,667.0
2026-01-03,NBL-1110,340.0,770.0,14,667.0
2026-01-10,NBL-1110,770.0,0.0,14,667.0
2026-01-17,NBL-1110,368.0,770.0,14,667.0
2026-01-24,NBL-1110,770.0,0.0,14,667.0
2026-01-31,NBL-1110,261.0,770.0,14,667.0
2026-02-07,NBL-1110,770.0,0.0,14,667.0
2026-02-14,NBL-1110,357.0,770.0,14,667.0
2026-02-21,NBL-1110,770.0,0.0,14,667.0
2026-02-28,NBL-1110,249.0,770.0,14,667.0
2026-03-07,NBL-1110,770.0,0.0,14,667.0
2026-03-14,NBL-1110,266.0,770.0,14,667.0
2026-03-21,NBL-1110,770.0,0.0,14,667.0
2026-03-28,NBL-1110,146.0,770.0,14,667.0
2026-04-04,NBL-1110,770.0,0.0,14,667.0
2026-04-11,NBL-1110,126.0,770.0,14,667.0
2026-04-18,NBL-1110,770.0,0.0,14,667.0
2026-04-25,NBL-1110,73.0,770.0,14,667.0
2026-05-02,NBL-1110,770.0,0.0,14,667.0
2026-05-09,NBL-1110,63.0,770.0,14,667.0
2026-05-16,NBL-1110,770.0,0.0,14,667.0
2026-05-23,NBL-1110,64.0,770.0,14,667.0
2026-05-30,NBL-1110,770.0,0.0,14,667.0
2026-06-06,NBL-1110,66.0,770.0,14,667.0
2026-06-13,NBL-1110,770.0,0.0,14,667.0
2026-06-20,NBL-1110,0.0,770.0,14,667.0
2026-06-27,NBL-1110,770.0,0.0,14,667.0
2026-07-04,NBL-1110,0.0,770.0,14,667.0
2026-07-11,NBL-1110,770.0,0.0,14,667.0
2024-07-13,NBL-1111,255.0,0.0,7,162.0
2024-07-20,NBL-1111,239.0,0.0,7,162.0
2024-07-27,NBL-1111,187.0,0.0,7,162.0
2024-08-03,NBL-1111,187.0,0.0,7,162.0
2024-08-10,NBL-1111,187.0,0.0,7,162.0
2024-08-17,NBL-1111,187.0,0.0,7,162.0
2024-08-24,NBL-1111,187.0,0.0,7,162.0
2024-08-31,NBL-1111,187.0,0.0,7,162.0
2024-09-07,NBL-1111,187.0,0.0,7,162.0
2024-09-14,NBL-1111,187.0,0.0,7,162.0
2024-09-21,NBL-1111,192.0,0.0,7,162.0
2024-09-28,NBL-1111,197.0,0.0,7,162.0
2024-10-05,NBL-1111,197.0,0.0,7,162.0
2024-10-12,NBL-1111,187.0,0.0,7,162.0
2024-10-19,NBL-1111,207.0,0.0,7,162.0
2024-10-26,NBL-1111,199.0,0.0,7,162.0
2024-11-02,NBL-1111,188.0,0.0,7,162.0
2024-11-09,NBL-1111,199.0,0.0,7,162.0
2024-11-16,NBL-1111,215.0,0.0,7,162.0
2024-11-23,NBL-1111,245.0,0.0,7,162.0
2024-11-30,NBL-1111,281.0,0.0,7,162.0
2024-12-07,NBL-1111,298.0,0.0,7,162.0
2024-12-14,NBL-1111,285.0,0.0,7,162.0
2024-12-21,NBL-1111,341.0,0.0,7,162.0
2024-12-28,NBL-1111,197.0,0.0,7,162.0
2025-01-04,NBL-1111,235.0,0.0,7,162.0
2025-01-11,NBL-1111,254.0,0.0,7,162.0
2025-01-18,NBL-1111,276.0,0.0,7,162.0
2025-01-25,NBL-1111,322.0,0.0,7,162.0
2025-02-01,NBL-1111,174.0,0.0,7,162.0
2025-02-08,NBL-1111,207.0,0.0,7,162.0
2025-02-15,NBL-1111,246.0,0.0,7,162.0
2025-02-22,NBL-1111,314.0,0.0,7,162.0
2025-03-01,NBL-1111,283.0,0.0,7,162.0
2025-03-08,NBL-1111,300.0,0.0,7,162.0
2025-03-15,NBL-1111,291.0,0.0,7,162.0
2025-03-22,NBL-1111,324.0,0.0,7,162.0
2025-03-29,NBL-1111,333.0,0.0,7,162.0
2025-04-05,NBL-1111,259.0,0.0,7,162.0
2025-04-12,NBL-1111,194.0,0.0,7,162.0
2025-04-19,NBL-1111,203.0,0.0,7,162.0
2025-04-26,NBL-1111,187.0,0.0,7,162.0
2025-05-03,NBL-1111,187.0,0.0,7,162.0
2025-05-10,NBL-1111,187.0,0.0,7,162.0
2025-05-17,NBL-1111,187.0,0.0,7,162.0
2025-05-24,NBL-1111,187.0,0.0,7,162.0
2025-05-31,NBL-1111,187.0,0.0,7,162.0
2025-06-07,NBL-1111,187.0,0.0,7,162.0
2025-06-14,NBL-1111,187.0,0.0,7,162.0
2025-06-21,NBL-1111,187.0,0.0,7,162.0
2025-06-28,NBL-1111,187.0,0.0,7,162.0
2025-07-05,NBL-1111,187.0,0.0,7,162.0
2025-07-12,NBL-1111,187.0,0.0,7,162.0
2025-07-19,NBL-1111,187.0,0.0,7,162.0
2025-07-26,NBL-1111,187.0,0.0,7,162.0
2025-08-02,NBL-1111,187.0,0.0,7,162.0
2025-08-09,NBL-1111,187.0,0.0,7,162.0
2025-08-16,NBL-1111,187.0,0.0,7,162.0
2025-08-23,NBL-1111,187.0,0.0,7,162.0
2025-08-30,NBL-1111,187.0,0.0,7,162.0
2025-09-06,NBL-1111,187.0,0.0,7,162.0
2025-09-13,NBL-1111,187.0,0.0,7,162.0
2025-09-20,NBL-1111,187.0,0.0,7,162.0
2025-09-27,NBL-1111,187.0,0.0,7,162.0
2025-10-04,NBL-1111,187.0,0.0,7,162.0
2025-10-11,NBL-1111,195.0,0.0,7,162.0
2025-10-18,NBL-1111,187.0,0.0,7,162.0
2025-10-25,NBL-1111,199.0,0.0,7,162.0
2025-11-01,NBL-1111,187.0,0.0,7,162.0
2025-11-08,NBL-1111,187.0,0.0,7,162.0
2025-11-15,NBL-1111,220.0,0.0,7,162.0
2025-11-22,NBL-1111,195.0,0.0,7,162.0
2025-11-29,NBL-1111,209.0,0.0,7,162.0
2025-12-06,NBL-1111,194.0,0.0,7,162.0
2025-12-13,NBL-1111,187.0,0.0,7,162.0
2025-12-20,NBL-1111,218.0,0.0,7,162.0
2025-12-27,NBL-1111,242.0,0.0,7,162.0
2026-01-03,NBL-1111,199.0,0.0,7,162.0
2026-01-10,NBL-1111,224.0,0.0,7,162.0
2026-01-17,NBL-1111,255.0,0.0,7,162.0
2026-01-24,NBL-1111,230.0,0.0,7,162.0
2026-01-31,NBL-1111,274.0,0.0,7,162.0
2026-02-07,NBL-1111,292.0,0.0,7,162.0
2026-02-14,NBL-1111,255.0,0.0,7,162.0
2026-02-21,NBL-1111,251.0,0.0,7,162.0
2026-02-28,NBL-1111,238.0,0.0,7,162.0
2026-03-07,NBL-1111,245.0,0.0,7,162.0
2026-03-14,NBL-1111,265.0,0.0,7,162.0
2026-03-21,NBL-1111,213.0,0.0,7,162.0
2026-03-28,NBL-1111,225.0,0.0,7,162.0
2026-04-04,NBL-1111,187.0,0.0,7,162.0
2026-04-11,NBL-1111,187.0,0.0,7,162.0
2026-04-18,NBL-1111,187.0,0.0,7,162.0
2026-04-25,NBL-1111,187.0,0.0,7,162.0
2026-05-02,NBL-1111,187.0,0.0,7,162.0
2026-05-09,NBL-1111,187.0,0.0,7,162.0
2026-05-16,NBL-1111,187.0,0.0,7,162.0
2026-05-23,NBL-1111,187.0,0.0,7,162.0
2026-05-30,NBL-1111,187.0,0.0,7,162.0
2026-06-06,NBL-1111,187.0,0.0,7,162.0
2026-06-13,NBL-1111,187.0,0.0,7,162.0
2026-06-20,NBL-1111,187.0,0.0,7,162.0
2026-06-27,NBL-1111,187.0,0.0,7,162.0
2026-07-04,NBL-1111,187.0,0.0,7,162.0
2026-07-11,NBL-1111,187.0,0.0,7,162.0
2024-07-13,NBL-1112,415.0,0.0,7,259.0
2024-07-20,NBL-1112,341.0,0.0,7,259.0
2024-07-27,NBL-1112,298.0,0.0,7,259.0
2024-08-03,NBL-1112,298.0,0.0,7,259.0
2024-08-10,NBL-1112,298.0,0.0,7,259.0
2024-08-17,NBL-1112,298.0,0.0,7,259.0
2024-08-24,NBL-1112,298.0,0.0,7,259.0
2024-08-31,NBL-1112,298.0,0.0,7,259.0
2024-09-07,NBL-1112,298.0,0.0,7,259.0
2024-09-14,NBL-1112,298.0,0.0,7,259.0
2024-09-21,NBL-1112,298.0,0.0,7,259.0
2024-09-28,NBL-1112,298.0,0.0,7,259.0
2024-10-05,NBL-1112,298.0,0.0,7,259.0
2024-10-12,NBL-1112,329.0,0.0,7,259.0
2024-10-19,NBL-1112,373.0,0.0,7,259.0
2024-10-26,NBL-1112,383.0,0.0,7,259.0
2024-11-02,NBL-1112,321.0,,7,259.0
2024-11-09,NBL-1112,298.0,0.0,7,259.0
2024-11-16,NBL-1112,298.0,0.0,7,259.0
2024-11-23,NBL-1112,355.0,0.0,7,259.0
2024-11-30,NBL-1112,410.0,0.0,7,259.0
2024-12-07,NBL-1112,454.0,0.0,7,259.0
2024-12-14,NBL-1112,487.0,0.0,7,259.0
2024-12-21,NBL-1112,548.0,0.0,7,259.0
2024-12-28,NBL-1112,323.0,0.0,7,259.0
2025-01-04,NBL-1112,380.0,0.0,7,259.0
2025-01-11,NBL-1112,450.0,0.0,7,259.0
2025-01-18,NBL-1112,499.0,0.0,7,259.0
2025-01-25,NBL-1112,551.0,0.0,7,259.0
2025-02-01,NBL-1112,311.0,0.0,7,259.0
2025-02-08,NBL-1112,338.0,0.0,7,259.0
2025-02-15,NBL-1112,355.0,0.0,7,259.0
2025-02-22,NBL-1112,396.0,0.0,7,259.0
2025-03-01,NBL-1112,438.0,0.0,7,259.0
2025-03-08,NBL-1112,495.0,0.0,7,259.0
2025-03-15,NBL-1112,500.0,0.0,7,259.0
2025-03-22,NBL-1112,464.0,0.0,7,259.0
2025-03-29,NBL-1112,448.0,0.0,7,259.0
2025-04-05,NBL-1112,488.0,0.0,7,259.0
2025-04-12,NBL-1112,481.0,0.0,7,259.0
2025-04-19,NBL-1112,510.0,0.0,7,259.0
2025-04-26,NBL-1112,515.0,0.0,7,259.0
2025-05-03,NBL-1112,518.0,0.0,7,259.0
2025-05-10,NBL-1112,512.0,0.0,7,259.0
2025-05-17,NBL-1112,525.0,0.0,7,259.0
2025-05-24,NBL-1112,466.0,0.0,7,259.0
2025-05-31,NBL-1112,353.0,0.0,7,259.0
2025-06-07,NBL-1112,298.0,0.0,7,259.0
2025-06-14,NBL-1112,298.0,0.0,7,259.0
2025-06-21,NBL-1112,298.0,0.0,7,259.0
2025-06-28,NBL-1112,298.0,0.0,7,259.0
2025-07-05,NBL-1112,298.0,0.0,7,259.0
2025-07-12,NBL-1112,298.0,0.0,7,259.0
2025-07-19,NBL-1112,298.0,0.0,7,259.0
2025-07-26,NBL-1112,298.0,0.0,7,259.0
2025-08-02,NBL-1112,298.0,0.0,7,259.0
2025-08-09,NBL-1112,298.0,0.0,7,259.0
2025-08-16,NBL-1112,298.0,0.0,7,259.0
2025-08-23,NBL-1112,298.0,0.0,7,259.0
2025-08-30,NBL-1112,298.0,0.0,7,259.0
2025-09-06,NBL-1112,298.0,0.0,7,259.0
2025-09-13,NBL-1112,298.0,0.0,7,259.0
2025-09-20,NBL-1112,298.0,0.0,7,259.0
2025-09-27,NBL-1112,298.0,0.0,7,259.0
2025-10-04,NBL-1112,320.0,0.0,7,259.0
2025-10-11,NBL-1112,298.0,0.0,7,259.0
2025-10-18,NBL-1112,298.0,0.0,7,259.0
2025-10-25,NBL-1112,298.0,0.0,7,259.0
2025-11-01,NBL-1112,298.0,0.0,7,259.0
2025-11-08,NBL-1112,298.0,0.0,7,259.0
2025-11-15,NBL-1112,332.0,0.0,7,259.0
2025-11-22,NBL-1112,322.0,0.0,7,259.0
2025-11-29,NBL-1112,367.0,0.0,7,259.0
2025-12-06,NBL-1112,394.0,0.0,7,259.0
2025-12-13,NBL-1112,359.0,0.0,7,259.0
2025-12-20,NBL-1112,383.0,0.0,7,259.0
2025-12-27,NBL-1112,433.0,0.0,7,259.0
2026-01-03,NBL-1112,486.0,0.0,7,259.0
2026-01-10,NBL-1112,516.0,0.0,7,259.0
2026-01-17,NBL-1112,521.0,0.0,7,259.0
2026-01-24,NBL-1112,269.0,0.0,7,259.0
2026-01-31,NBL-1112,298.0,0.0,7,259.0
2026-02-07,NBL-1112,340.0,0.0,7,259.0
2026-02-14,NBL-1112,364.0,0.0,7,259.0
2026-02-21,NBL-1112,412.0,0.0,7,259.0
2026-02-28,NBL-1112,427.0,0.0,7,259.0
2026-03-07,NBL-1112,438.0,0.0,7,259.0
2026-03-14,NBL-1112,404.0,0.0,7,259.0
2026-03-21,NBL-1112,466.0,0.0,7,259.0
2026-03-28,NBL-1112,494.0,0.0,7,259.0
2026-04-04,NBL-1112,429.0,0.0,7,259.0
2026-04-11,NBL-1112,378.0,0.0,7,259.0
2026-04-18,NBL-1112,298.0,0.0,7,259.0
2026-04-25,NBL-1112,298.0,0.0,7,259.0
2026-05-02,NBL-1112,298.0,0.0,7,259.0
2026-05-09,NBL-1112,298.0,0.0,7,259.0
2026-05-16,NBL-1112,298.0,0.0,7,259.0
2026-05-23,NBL-1112,298.0,0.0,7,259.0
2026-05-30,NBL-1112,298.0,0.0,7,259.0
2026-06-06,NBL-1112,298.0,0.0,7,259.0
2026-06-13,NBL-1112,298.0,0.0,7,259.0
2026-06-20,NBL-1112,298.0,0.0,7,259.0
2026-06-27,NBL-1112,298.0,0.0,7,259.0
2026-07-04,NBL-1112,298.0,,7,259.0
2026-07-11,NBL-1112,298.0,0.0,7,259.0
2024-07-13,NBL-1113,599.0,0.0,21,498.0
2024-07-20,NBL-1113,347.0,575.0,21,498.0
2024-07-27,NBL-1113,71.0,575.0,21,498.0
2024-08-03,NBL-1113,575.0,0.0,21,498.0
2024-08-10,NBL-1113,347.0,575.0,21,498.0
2024-08-17,NBL-1113,93.0,575.0,21,498.0
2024-08-24,NBL-1113,575.0,0.0,21,498.0
2024-08-31,NBL-1113,332.0,575.0,21,498.0
2024-09-07,NBL-1113,56.0,575.0,21,498.0
2024-09-14,NBL-1113,575.0,0.0,21,498.0
2024-09-21,NBL-1113,326.0,575.0,21,498.0
2024-09-28,NBL-1113,67.0,575.0,21,498.0
2024-10-05,NBL-1113,575.0,0.0,21,498.0
2024-10-12,NBL-1113,307.0,575.0,21,498.0
2024-10-19,NBL-1113,126.0,575.0,21,498.0
2024-10-26,NBL-1113,575.0,0.0,21,498.0
2024-11-02,NBL-1113,414.0,575.0,21,498.0
2024-11-09,NBL-1113,248.0,575.0,21,498.0
2024-11-16,NBL-1113,618.0,0.0,21,498.0
2024-11-23,NBL-1113,400.0,575.0,21,498.0
2024-11-30,NBL-1113,204.0,575.0,21,498.0
2024-12-07,NBL-1113,586.0,0.0,21,498.0
2024-12-14,NBL-1113,423.0,575.0,21,498.0
2024-12-21,NBL-1113,257.0,575.0,21,498.0
2024-12-28,NBL-1113,674.0,0.0,21,498.0
2025-01-04,NBL-1113,485.0,575.0,21,498.0
2025-01-11,NBL-1113,298.0,575.0,21,498.0
2025-01-18,NBL-1113,748.0,0.0,21,498.0
2025-01-25,NBL-1113,589.0,0.0,21,498.0
2025-02-01,NBL-1113,421.0,575.0,21,498.0
2025-02-08,NBL-1113,820.0,0.0,21,498.0
2025-02-15,NBL-1113,665.0,0.0,21,498.0
2025-02-22,NBL-1113,520.0,0.0,21,498.0
2025-03-01,NBL-1113,912.0,0.0,21,498.0
2025-03-08,NBL-1113,716.0,0.0,21,498.0
2025-03-15,NBL-1113,509.0,0.0,21,498.0
2025-03-22,NBL-1113,912.0,0.0,21,498.0
2025-03-29,NBL-1113,638.0,0.0,21,498.0
2025-04-05,NBL-1113,454.0,575.0,21,498.0
2025-04-12,NBL-1113,810.0,0.0,21,498.0
2025-04-19,NBL-1113,454.0,575.0,21,498.0
2025-04-26,NBL-1113,193.0,575.0,21,498.0
2025-05-03,NBL-1113,575.0,0.0,21,498.0
2025-05-10,NBL-1113,318.0,575.0,21,498.0
2025-05-17,NBL-1113,7.0,575.0,21,498.0
2025-05-24,NBL-1113,575.0,0.0,21,498.0
2025-05-31,NBL-1113,299.0,,21,498.0
2025-06-07,NBL-1113,0.0,575.0,21,498.0
2025-06-14,NBL-1113,575.0,0.0,21,498.0
2025-06-21,NBL-1113,248.0,575.0,21,498.0
2025-06-28,NBL-1113,0.0,575.0,21,498.0
2025-07-05,NBL-1113,575.0,0.0,21,498.0
2025-07-12,NBL-1113,196.0,575.0,21,498.0
2025-07-19,NBL-1113,0.0,575.0,21,498.0
2025-07-26,NBL-1113,575.0,0.0,21,498.0
2025-08-02,NBL-1113,228.0,575.0,21,498.0
2025-08-09,NBL-1113,0.0,575.0,21,498.0
2025-08-16,NBL-1113,575.0,0.0,21,498.0
2025-08-23,NBL-1113,245.0,575.0,21,498.0
2025-08-30,NBL-1113,0.0,575.0,21,498.0
2025-09-06,NBL-1113,575.0,0.0,21,498.0
2025-09-13,NBL-1113,245.0,575.0,21,498.0
2025-09-20,NBL-1113,0.0,575.0,21,498.0
2025-09-27,NBL-1113,575.0,0.0,21,498.0
2025-10-04,NBL-1113,208.0,575.0,21,498.0
2025-10-11,NBL-1113,0.0,575.0,21,498.0
2025-10-18,NBL-1113,575.0,0.0,21,498.0
2025-10-25,NBL-1113,328.0,575.0,21,498.0
2025-11-01,NBL-1113,0.0,575.0,21,498.0
2025-11-08,NBL-1113,575.0,0.0,21,498.0
2025-11-15,NBL-1113,314.0,575.0,21,498.0
2025-11-22,NBL-1113,2.0,575.0,21,498.0
2025-11-29,NBL-1113,575.0,0.0,21,498.0
2025-12-06,NBL-1113,389.0,575.0,21,498.0
2025-12-13,NBL-1113,166.0,575.0,21,498.0
2025-12-20,NBL-1113,575.0,0.0,21,498.0
2025-12-27,NBL-1113,369.0,575.0,21,498.0
2026-01-03,NBL-1113,107.0,575.0,21,498.0
2026-01-10,NBL-1113,575.0,0.0,21,498.0
2026-01-17,NBL-1113,388.0,575.0,21,498.0
2026-01-24,NBL-1113,173.0,575.0,21,498.0
2026-01-31,NBL-1113,575.0,0.0,21,498.0
2026-02-07,NBL-1113,273.0,575.0,21,498.0
2026-02-14,NBL-1113,32.0,575.0,21,498.0
2026-02-21,NBL-1113,575.0,0.0,21,498.0
2026-02-28,NBL-1113,367.0,575.0,21,498.0
2026-03-07,NBL-1113,177.0,575.0,21,498.0
2026-03-14,NBL-1113,575.0,0.0,21,498.0
2026-03-21,NBL-1113,313.0,575.0,21,498.0
2026-03-28,NBL-1113,66.0,575.0,21,498.0
2026-04-04,NBL-1113,575.0,0.0,21,498.0
2026-04-11,NBL-1113,287.0,575.0,21,498.0
2026-04-18,NBL-1113,0.0,575.0,21,498.0
2026-04-25,NBL-1113,575.0,0.0,21,498.0
2026-05-02,NBL-1113,253.0,575.0,21,498.0
2026-05-09,NBL-1113,0.0,575.0,21,498.0
2026-05-16,NBL-1113,575.0,0.0,21,498.0
2026-05-23,NBL-1113,131.0,575.0,21,498.0
2026-05-30,NBL-1113,0.0,575.0,21,498.0
2026-06-06,NBL-1113,575.0,0.0,21,498.0
2026-06-13,NBL-1113,86.0,575.0,21,498.0
2026-06-20,NBL-1113,0.0,575.0,21,498.0
2026-06-27,NBL-1113,575.0,0.0,21,498.0
2026-07-04,NBL-1113,102.0,575.0,21,498.0
2026-07-11,NBL-1113,0.0,575.0,21,498.0
2024-07-13,NBL-1114,343.0,0.0,7,162.0
2024-07-20,NBL-1114,323.0,0.0,7,162.0
2024-07-27,NBL-1114,235.0,0.0,7,162.0
2024-08-03,NBL-1114,187.0,0.0,7,162.0
2024-08-10,NBL-1114,187.0,0.0,7,162.0
2024-08-17,NBL-1114,187.0,0.0,7,162.0
2024-08-24,NBL-1114,187.0,0.0,7,162.0
2024-08-31,NBL-1114,187.0,0.0,7,162.0
2024-09-07,NBL-1114,187.0,0.0,7,162.0
2024-09-14,NBL-1114,194.0,0.0,7,162.0
2024-09-21,NBL-1114,187.0,0.0,7,162.0
2024-09-28,NBL-1114,194.0,0.0,7,162.0
2024-10-05,NBL-1114,187.0,0.0,7,162.0
2024-10-12,NBL-1114,187.0,0.0,7,162.0
2024-10-19,NBL-1114,187.0,0.0,7,162.0
2024-10-26,NBL-1114,197.0,,7,162.0
2024-11-02,NBL-1114,187.0,0.0,7,162.0
2024-11-09,NBL-1114,204.0,0.0,7,162.0
2024-11-16,NBL-1114,242.0,0.0,7,162.0
2024-11-23,NBL-1114,240.0,0.0,7,162.0
2024-11-30,NBL-1114,223.0,0.0,7,162.0
2024-12-07,NBL-1114,220.0,0.0,7,162.0
2024-12-14,NBL-1114,232.0,0.0,7,162.0
2024-12-21,NBL-1114,288.0,0.0,7,162.0
2024-12-28,NBL-1114,309.0,0.0,7,162.0
2025-01-04,NBL-1114,172.0,0.0,7,162.0
2025-01-11,NBL-1114,194.0,0.0,7,162.0
2025-01-18,NBL-1114,213.0,0.0,7,162.0
2025-01-25,NBL-1114,279.0,0.0,7,162.0
2025-02-01,NBL-1114,287.0,0.0,7,162.0
2025-02-08,NBL-1114,325.0,0.0,7,162.0
2025-02-15,NBL-1114,163.0,0.0,7,162.0
2025-02-22,NBL-1114,209.0,0.0,7,162.0
2025-03-01,NBL-1114,243.0,0.0,7,162.0
2025-03-08,NBL-1114,234.0,0.0,7,162.0
2025-03-15,NBL-1114,251.0,0.0,7,162.0
2025-03-22,NBL-1114,256.0,0.0,7,162.0
2025-03-29,NBL-1114,250.0,0.0,7,162.0
2025-04-05,NBL-1114,245.0,0.0,7,162.0
2025-04-12,NBL-1114,273.0,0.0,7,162.0
2025-04-19,NBL-1114,283.0,0.0,7,162.0
2025-04-26,NBL-1114,289.0,0.0,7,162.0
2025-05-03,NBL-1114,294.0,0.0,7,162.0
2025-05-10,NBL-1114,232.0,0.0,7,162.0
2025-05-17,NBL-1114,187.0,0.0,7,162.0
2025-05-24,NBL-1114,187.0,0.0,7,162.0
2025-05-31,NBL-1114,187.0,0.0,7,162.0
2025-06-07,NBL-1114,187.0,0.0,7,162.0
2025-06-14,NBL-1114,187.0,0.0,7,162.0
2025-06-21,NBL-1114,187.0,0.0,7,162.0
2025-06-28,NBL-1114,187.0,0.0,7,162.0
2025-07-05,NBL-1114,187.0,0.0,7,162.0
2025-07-12,NBL-1114,187.0,0.0,7,162.0
2025-07-19,NBL-1114,187.0,0.0,7,162.0
2025-07-26,NBL-1114,187.0,0.0,7,162.0
2025-08-02,NBL-1114,187.0,0.0,7,162.0
2025-08-09,NBL-1114,187.0,0.0,7,162.0
2025-08-16,NBL-1114,187.0,0.0,7,162.0
2025-08-23,NBL-1114,187.0,0.0,7,162.0
2025-08-30,NBL-1114,187.0,0.0,7,162.0
2025-09-06,NBL-1114,187.0,0.0,7,162.0
2025-09-13,NBL-1114,187.0,0.0,7,162.0
2025-09-20,NBL-1114,187.0,0.0,7,162.0
2025-09-27,NBL-1114,187.0,0.0,7,162.0
2025-10-04,NBL-1114,187.0,0.0,7,162.0
2025-10-11,NBL-1114,187.0,0.0,7,162.0
2025-10-18,NBL-1114,187.0,0.0,7,162.0
2025-10-25,NBL-1114,211.0,0.0,7,162.0
2025-11-01,NBL-1114,218.0,0.0,7,162.0
2025-11-08,NBL-1114,217.0,0.0,7,162.0
2025-11-15,NBL-1114,187.0,0.0,7,162.0
2025-11-22,NBL-1114,212.0,0.0,7,162.0
2025-11-29,NBL-1114,257.0,0.0,7,162.0
2025-12-06,NBL-1114,262.0,0.0,7,162.0
2025-12-13,NBL-1114,297.0,0.0,7,162.0
2025-12-20,NBL-1114,327.0,0.0,7,162.0
2025-12-27,NBL-1114,292.0,0.0,7,162.0
2026-01-03,NBL-1114,303.0,0.0,7,162.0
2026-01-10,NBL-1114,312.0,0.0,7,162.0
2026-01-17,NBL-1114,321.0,0.0,7,162.0
2026-01-24,NBL-1114,334.0,0.0,7,162.0
2026-01-31,NBL-1114,344.0,0.0,7,162.0
2026-02-07,NBL-1114,342.0,0.0,7,162.0
2026-02-14,NBL-1114,170.0,0.0,7,162.0
2026-02-21,NBL-1114,187.0,0.0,7,162.0
2026-02-28,NBL-1114,187.0,0.0,7,162.0
2026-03-07,NBL-1114,187.0,0.0,7,162.0
2026-03-14,NBL-1114,187.0,0.0,7,162.0
2026-03-21,NBL-1114,187.0,0.0,7,162.0
2026-03-28,NBL-1114,187.0,0.0,7,162.0
2026-04-04,NBL-1114,187.0,0.0,7,162.0
2026-04-11,NBL-1114,187.0,0.0,7,162.0
2026-04-18,NBL-1114,187.0,0.0,7,162.0
2026-04-25,NBL-1114,217.0,0.0,7,162.0
2026-05-02,NBL-1114,187.0,0.0,7,162.0
2026-05-09,NBL-1114,187.0,0.0,7,162.0
2026-05-16,NBL-1114,187.0,0.0,7,162.0
2026-05-23,NBL-1114,187.0,0.0,7,162.0
2026-05-30,NBL-1114,187.0,0.0,7,162.0
2026-06-06,NBL-1114,187.0,0.0,7,162.0
2026-06-13,NBL-1114,187.0,0.0,7,162.0
2026-06-20,NBL-1114,187.0,0.0,7,162.0
2026-06-27,NBL-1114,187.0,0.0,7,162.0
2026-07-04,NBL-1114,187.0,0.0,7,162.0
2026-07-11,NBL-1114,187.0,0.0,7,162.0
2024-07-13,NBL-1115,1243.0,0.0,21,950.0
2024-07-20,NBL-1115,806.0,1096.0,21,950.0
2024-07-27,NBL-1115,386.0,1096.0,21,950.0
2024-08-03,NBL-1115,1100.0,0.0,21,950.0
2024-08-10,NBL-1115,702.0,1096.0,21,950.0
2024-08-17,NBL-1115,283.0,1096.0,21,950.0
2024-08-24,NBL-1115,1096.0,0.0,21,950.0
2024-08-31,NBL-1115,664.0,1096.0,21,950.0
2024-09-07,NBL-1115,232.0,1096.0,21,950.0
2024-09-14,NBL-1115,1096.0,0.0,21,950.0
2024-09-21,NBL-1115,676.0,1096.0,21,950.0
2024-09-28,NBL-1115,284.0,1096.0,21,950.0
2024-10-05,NBL-1115,1096.0,0.0,21,950.0
2024-10-12,NBL-1115,709.0,1096.0,21,950.0
2024-10-19,NBL-1115,349.0,1096.0,21,950.0
2024-10-26,NBL-1115,1096.0,0.0,21,950.0
2024-11-02,NBL-1115,756.0,1096.0,21,950.0
2024-11-09,NBL-1115,358.0,1096.0,21,950.0
2024-11-16,NBL-1115,1096.0,0.0,21,950.0
2024-11-23,NBL-1115,740.0,1096.0,21,950.0
2024-11-30,NBL-1115,378.0,1096.0,21,950.0
2024-12-07,NBL-1115,1096.0,0.0,21,950.0
2024-12-14,NBL-1115,779.0,1096.0,21,950.0
2024-12-21,NBL-1115,408.0,1096.0,21,950.0
2024-12-28,NBL-1115,1117.0,0.0,21,950.0
2025-01-04,NBL-1115,733.0,1096.0,21,950.0
2025-01-11,NBL-1115,358.0,1096.0,21,950.0
2025-01-18,NBL-1115,1096.0,0.0,21,950.0
2025-01-25,NBL-1115,738.0,1096.0,21,950.0
2025-02-01,NBL-1115,302.0,1096.0,21,950.0
2025-02-08,NBL-1115,1096.0,0.0,21,950.0
2025-02-15,NBL-1115,688.0,1096.0,21,950.0
2025-02-22,NBL-1115,268.0,1096.0,21,950.0
2025-03-01,NBL-1115,1096.0,0.0,21,950.0
2025-03-08,NBL-1115,668.0,1096.0,21,950.0
2025-03-15,NBL-1115,270.0,1096.0,21,950.0
2025-03-22,NBL-1115,1096.0,0.0,21,950.0
2025-03-29,NBL-1115,714.0,1096.0,21,950.0
2025-04-05,NBL-1115,265.0,1096.0,21,950.0
2025-04-12,NBL-1115,1096.0,0.0,21,950.0
2025-04-19,NBL-1115,617.0,1096.0,21,950.0
2025-04-26,NBL-1115,118.0,1096.0,21,950.0
2025-05-03,NBL-1115,1096.0,0.0,21,950.0
2025-05-10,NBL-1115,592.0,1096.0,21,950.0
2025-05-17,NBL-1115,57.0,1096.0,21,950.0
2025-05-24,NBL-1115,1096.0,0.0,21,950.0
2025-05-31,NBL-1115,541.0,1096.0,21,950.0
2025-06-07,NBL-1115,0.0,1096.0,21,950.0
2025-06-14,NBL-1115,1096.0,0.0,21,950.0
2025-06-21,NBL-1115,474.0,1096.0,21,950.0
2025-06-28,NBL-1115,0.0,1096.0,21,950.0
2025-07-05,NBL-1115,1096.0,0.0,21,950.0
2025-07-12,NBL-1115,522.0,1096.0,21,950.0
2025-07-19,NBL-1115,0.0,1096.0,21,950.0
2025-07-26,NBL-1115,1096.0,0.0,21,950.0
2025-08-02,NBL-1115,556.0,1096.0,21,950.0
2025-08-09,NBL-1115,0.0,1096.0,21,950.0
2025-08-16,NBL-1115,1096.0,0.0,21,950.0
2025-08-23,NBL-1115,520.0,1096.0,21,950.0
2025-08-30,NBL-1115,0.0,1096.0,21,950.0
2025-09-06,NBL-1115,1096.0,0.0,21,950.0
2025-09-13,NBL-1115,509.0,1096.0,21,950.0
2025-09-20,NBL-1115,0.0,1096.0,21,950.0
2025-09-27,NBL-1115,1096.0,0.0,21,950.0
2025-10-04,NBL-1115,544.0,1096.0,21,950.0
2025-10-11,NBL-1115,10.0,1096.0,21,950.0
2025-10-18,NBL-1115,1096.0,0.0,21,950.0
2025-10-25,NBL-1115,577.0,1096.0,21,950.0
2025-11-01,NBL-1115,31.0,1096.0,21,950.0
2025-11-08,NBL-1115,1096.0,0.0,21,950.0
2025-11-15,NBL-1115,591.0,1096.0,21,950.0
2025-11-22,NBL-1115,102.0,1096.0,21,950.0
2025-11-29,NBL-1115,1096.0,0.0,21,950.0
2025-12-06,NBL-1115,652.0,1096.0,21,950.0
2025-12-13,NBL-1115,135.0,1096.0,21,950.0
2025-12-20,NBL-1115,1096.0,0.0,21,950.0
2025-12-27,NBL-1115,576.0,1096.0,21,950.0
2026-01-03,NBL-1115,92.0,1096.0,21,950.0
2026-01-10,NBL-1115,1096.0,0.0,21,950.0
2026-01-17,NBL-1115,646.0,1096.0,21,950.0
2026-01-24,NBL-1115,133.0,1096.0,21,950.0
2026-01-31,NBL-1115,1096.0,0.0,21,950.0
2026-02-07,NBL-1115,587.0,1096.0,21,950.0
2026-02-14,NBL-1115,83.0,1096.0,21,950.0
2026-02-21,NBL-1115,1096.0,0.0,21,950.0
2026-02-28,NBL-1115,541.0,1096.0,21,950.0
2026-03-07,NBL-1115,0.0,1096.0,21,950.0
2026-03-14,NBL-1115,1096.0,0.0,21,950.0
2026-03-21,NBL-1115,588.0,1096.0,21,950.0
2026-03-28,NBL-1115,122.0,1096.0,21,950.0
2026-04-04,NBL-1115,1096.0,0.0,21,950.0
2026-04-11,NBL-1115,508.0,1096.0,21,950.0
2026-04-18,NBL-1115,0.0,1096.0,21,950.0
2026-04-25,NBL-1115,1096.0,0.0,21,950.0
2026-05-02,NBL-1115,460.0,1096.0,21,950.0
2026-05-09,NBL-1115,0.0,1096.0,21,950.0
2026-05-16,NBL-1115,1096.0,0.0,21,950.0
2026-05-23,NBL-1115,655.0,1096.0,21,950.0
2026-05-30,NBL-1115,25.0,1096.0,21,950.0
2026-06-06,NBL-1115,1096.0,0.0,21,950.0
2026-06-13,NBL-1115,438.0,1096.0,21,950.0
2026-06-20,NBL-1115,0.0,1096.0,21,950.0
2026-06-27,NBL-1115,1096.0,0.0,21,950.0
2026-07-04,NBL-1115,415.0,1096.0,21,950.0
2026-07-11,NBL-1115,0.0,1096.0,21,950.0
2024-07-13,NBL-1116,594.0,0.0,10,449.0
2024-07-20,NBL-1116,200.0,519.0,10,449.0
2024-07-27,NBL-1116,303.0,519.0,10,449.0
2024-08-03,NBL-1116,477.0,0.0,10,449.0
2024-08-10,NBL-1116,48.0,519.0,10,449.0
2024-08-17,NBL-1116,277.0,519.0,10,449.0
2024-08-24,NBL-1116,414.0,519.0,10,449.0
2024-08-31,NBL-1116,18.0,519.0,10,449.0
2024-09-07,NBL-1116,158.0,,10,449.0
2024-09-14,NBL-1116,377.0,519.0,10,449.0
2024-09-21,NBL-1116,519.0,0.0,10,449.0
2024-09-28,NBL-1116,162.0,519.0,10,449.0
2024-10-05,NBL-1116,282.0,519.0,10,449.0
2024-10-12,NBL-1116,486.0,0.0,10,449.0
2024-10-19,NBL-1116,82.0,519.0,10,449.0
2024-10-26,NBL-1116,279.0,519.0,10,449.0
2024-11-02,NBL-1116,411.0,519.0,10,449.0
2024-11-09,NBL-1116,25.0,519.0,10,449.0
2024-11-16,NBL-1116,165.0,519.0,10,449.0
2024-11-23,NBL-1116,364.0,519.0,10,449.0
2024-11-30,NBL-1116,519.0,0.0,10,449.0
2024-12-07,NBL-1116,150.0,519.0,10,449.0
2024-12-14,NBL-1116,270.0,519.0,10,449.0
2024-12-21,NBL-1116,492.0,0.0,10,449.0
2024-12-28,NBL-1116,117.0,519.0,10,449.0
2025-01-04,NBL-1116,237.0,519.0,10,449.0
2025-01-11,NBL-1116,429.0,519.0,10,449.0
2025-01-18,NBL-1116,42.0,519.0,10,449.0
2025-01-25,NBL-1116,231.0,519.0,10,449.0
2025-02-01,NBL-1116,405.0,519.0,10,449.0
2025-02-08,NBL-1116,565.0,0.0,10,449.0
2025-02-15,NBL-1116,215.0,519.0,10,449.0
2025-02-22,NBL-1116,379.0,519.0,10,449.0
2025-03-01,NBL-1116,503.0,0.0,10,449.0
2025-03-08,NBL-1116,108.0,519.0,10,449.0
2025-03-15,NBL-1116,182.0,519.0,10,449.0
2025-03-22,NBL-1116,387.0,519.0,10,449.0
2025-03-29,NBL-1116,0.0,519.0,10,449.0
2025-04-05,NBL-1116,158.0,519.0,10,449.0
2025-04-12,NBL-1116,311.0,519.0,10,449.0
2025-04-19,NBL-1116,519.0,0.0,10,449.0
2025-04-26,NBL-1116,132.0,519.0,10,449.0
2025-05-03,NBL-1116,305.0,519.0,10,449.0
2025-05-10,NBL-1116,497.0,0.0,10,449.0
2025-05-17,NBL-1116,52.0,519.0,10,449.0
2025-05-24,NBL-1116,180.0,519.0,10,449.0
2025-05-31,NBL-1116,409.0,519.0,10,449.0
2025-06-07,NBL-1116,57.0,519.0,10,449.0
2025-06-14,NBL-1116,148.0,519.0,10,449.0
2025-06-21,NBL-1116,345.0,519.0,10,449.0
2025-06-28,NBL-1116,519.0,0.0,10,449.0
2025-07-05,NBL-1116,56.0,519.0,10,449.0
2025-07-12,NBL-1116,212.0,519.0,10,449.0
2025-07-19,NBL-1116,482.0,0.0,10,449.0
2025-07-26,NBL-1116,0.0,519.0,10,449.0
2025-08-02,NBL-1116,188.0,519.0,10,449.0
2025-08-09,NBL-1116,427.0,519.0,10,449.0
2025-08-16,NBL-1116,0.0,519.0,10,449.0
2025-08-23,NBL-1116,132.0,519.0,10,449.0
2025-08-30,NBL-1116,347.0,519.0,10,449.0
2025-09-06,NBL-1116,519.0,0.0,10,449.0
2025-09-13,NBL-1116,37.0,519.0,10,449.0
2025-09-20,NBL-1116,231.0,519.0,10,449.0
2025-09-27,NBL-1116,456.0,0.0,10,449.0
2025-10-04,NBL-1116,0.0,519.0,10,449.0
2025-10-11,NBL-1116,141.0,519.0,10,449.0
2025-10-18,NBL-1116,394.0,519.0,10,449.0
2025-10-25,NBL-1116,0.0,519.0,10,449.0
2025-11-01,NBL-1116,90.0,519.0,10,449.0
2025-11-08,NBL-1116,330.0,519.0,10,449.0
2025-11-15,NBL-1116,519.0,0.0,10,449.0
2025-11-22,NBL-1116,85.0,519.0,10,449.0
2025-11-29,NBL-1116,259.0,519.0,10,449.0
2025-12-06,NBL-1116,477.0,0.0,10,449.0
2025-12-13,NBL-1116,0.0,519.0,10,449.0
2025-12-20,NBL-1116,166.0,519.0,10,449.0
2025-12-27,NBL-1116,423.0,519.0,10,449.0
2026-01-03,NBL-1116,0.0,519.0,10,449.0
2026-01-10,NBL-1116,99.0,519.0,10,449.0
2026-01-17,NBL-1116,359.0,519.0,10,449.0
2026-01-24,NBL-1116,519.0,0.0,10,449.0
2026-01-31,NBL-1116,41.0,519.0,10,449.0
2026-02-07,NBL-1116,244.0,519.0,10,449.0
2026-02-14,NBL-1116,483.0,0.0,10,449.0
2026-02-21,NBL-1116,86.0,519.0,10,449.0
2026-02-28,NBL-1116,123.0,519.0,10,449.0
2026-03-07,NBL-1116,379.0,519.0,10,449.0
2026-03-14,NBL-1116,0.0,519.0,10,449.0
2026-03-21,NBL-1116,107.0,519.0,10,449.0
2026-03-28,NBL-1116,295.0,519.0,10,449.0
2026-04-04,NBL-1116,519.0,0.0,10,449.0
2026-04-11,NBL-1116,0.0,519.0,10,449.0
2026-04-18,NBL-1116,203.0,519.0,10,449.0
2026-04-25,NBL-1116,451.0,0.0,10,449.0
2026-05-02,NBL-1116,0.0,519.0,10,449.0
2026-05-09,NBL-1116,96.0,519.0,10,449.0
2026-05-16,NBL-1116,389.0,519.0,10,449.0
2026-05-23,NBL-1116,0.0,519.0,10,449.0
2026-05-30,NBL-1116,13.0,519.0,10,449.0
2026-06-06,NBL-1116,273.0,519.0,10,449.0
2026-06-13,NBL-1116,519.0,0.0,10,449.0
2026-06-20,NBL-1116,0.0,519.0,10,449.0
2026-06-27,NBL-1116,125.0,519.0,10,449.0
2026-07-04,NBL-1116,455.0,0.0,10,449.0
2026-07-11,NBL-1116,0.0,519.0,10,449.0
2024-07-13,NBL-1117,1336.0,0.0,21,1001.0
2024-07-20,NBL-1117,915.0,1155.0,21,1001.0
2024-07-27,NBL-1117,449.0,1155.0,21,1001.0
2024-08-03,NBL-1117,1162.0,0.0,21,1001.0
2024-08-10,NBL-1117,779.0,1155.0,21,1001.0
2024-08-17,NBL-1117,303.0,1155.0,21,1001.0
2024-08-24,NBL-1117,1155.0,0.0,21,1001.0
2024-08-31,NBL-1117,651.0,1155.0,21,1001.0
2024-09-07,NBL-1117,217.0,1155.0,21,1001.0
2024-09-14,NBL-1117,1155.0,0.0,21,1001.0
2024-09-21,NBL-1117,707.0,1155.0,21,1001.0
2024-09-28,NBL-1117,340.0,1155.0,21,1001.0
2024-10-05,NBL-1117,1155.0,0.0,21,1001.0
2024-10-12,NBL-1117,666.0,1155.0,21,1001.0
2024-10-19,NBL-1117,268.0,1155.0,21,1001.0
2024-10-26,NBL-1117,1155.0,0.0,21,1001.0
2024-11-02,NBL-1117,801.0,1155.0,21,1001.0
2024-11-09,NBL-1117,462.0,1155.0,21,1001.0
2024-11-16,NBL-1117,1272.0,0.0,21,1001.0
2024-11-23,NBL-1117,908.0,1155.0,21,1001.0
2024-11-30,NBL-1117,560.0,1155.0,21,1001.0
2024-12-07,NBL-1117,1405.0,0.0,21,1001.0
2024-12-14,NBL-1117,1039.0,0.0,21,1001.0
2024-12-21,NBL-1117,692.0,1155.0,21,1001.0
2024-12-28,NBL-1117,1474.0,0.0,21,1001.0
2025-01-04,NBL-1117,1110.0,0.0,21,1001.0
2025-01-11,NBL-1117,755.0,1155.0,21,1001.0
2025-01-18,NBL-1117,1536.0,0.0,21,1001.0
2025-01-25,NBL-1117,1146.0,0.0,21,1001.0
2025-02-01,NBL-1117,772.0,1155.0,21,1001.0
2025-02-08,NBL-1117,1512.0,0.0,21,1001.0
2025-02-15,NBL-1117,1190.0,0.0,21,1001.0
2025-02-22,NBL-1117,855.0,1155.0,21,1001.0
2025-03-01,NBL-1117,1585.0,0.0,21,1001.0
2025-03-08,NBL-1117,1161.0,0.0,21,1001.0
2025-03-15,NBL-1117,779.0,1155.0,21,1001.0
2025-03-22,NBL-1117,1519.0,0.0,21,1001.0
2025-03-29,NBL-1117,1172.0,0.0,21,1001.0
2025-04-05,NBL-1117,718.0,1155.0,21,1001.0
2025-04-12,NBL-1117,1435.0,0.0,21,1001.0
2025-04-19,NBL-1117,878.0,1155.0,21,1001.0
2025-04-26,NBL-1117,366.0,1155.0,21,1001.0
2025-05-03,NBL-1117,1155.0,0.0,21,1001.0
2025-05-10,NBL-1117,639.0,1155.0,21,1001.0
2025-05-17,NBL-1117,195.0,1155.0,21,1001.0
2025-05-24,NBL-1117,1155.0,0.0,21,1001.0
2025-05-31,NBL-1117,615.0,1155.0,21,1001.0
2025-06-07,NBL-1117,0.0,1155.0,21,1001.0
2025-06-14,NBL-1117,1155.0,0.0,21,1001.0
2025-06-21,NBL-1117,583.0,1155.0,21,1001.0
2025-06-28,NBL-1117,0.0,1155.0,21,1001.0
2025-07-05,NBL-1117,1155.0,0.0,21,1001.0
2025-07-12,NBL-1117,545.0,1155.0,21,1001.0
2025-07-19,NBL-1117,15.0,1155.0,21,1001.0
2025-07-26,NBL-1117,1155.0,0.0,21,1001.0
2025-08-02,NBL-1117,566.0,1155.0,21,1001.0
2025-08-09,NBL-1117,0.0,1155.0,21,1001.0
2025-08-16,NBL-1117,1155.0,0.0,21,1001.0
2025-08-23,NBL-1117,530.0,1155.0,21,1001.0
2025-08-30,NBL-1117,0.0,1155.0,21,1001.0
2025-09-06,NBL-1117,1155.0,0.0,21,1001.0
2025-09-13,NBL-1117,554.0,1155.0,21,1001.0
2025-09-20,NBL-1117,0.0,1155.0,21,1001.0
2025-09-27,NBL-1117,1155.0,0.0,21,1001.0
2025-10-04,NBL-1117,591.0,1155.0,21,1001.0
2025-10-11,NBL-1117,0.0,1155.0,21,1001.0
2025-10-18,NBL-1117,1155.0,0.0,21,1001.0
2025-10-25,NBL-1117,595.0,1155.0,21,1001.0
2025-11-01,NBL-1117,69.0,1155.0,21,1001.0
2025-11-08,NBL-1117,1155.0,0.0,21,1001.0
2025-11-15,NBL-1117,636.0,1155.0,21,1001.0
2025-11-22,NBL-1117,183.0,1155.0,21,1001.0
2025-11-29,NBL-1117,1155.0,0.0,21,1001.0
2025-12-06,NBL-1117,723.0,1155.0,21,1001.0
2025-12-13,NBL-1117,224.0,1155.0,21,1001.0
2025-12-20,NBL-1117,1155.0,0.0,21,1001.0
2025-12-27,NBL-1117,667.0,1155.0,21,1001.0
2026-01-03,NBL-1117,182.0,1155.0,21,1001.0
2026-01-10,NBL-1117,1155.0,0.0,21,1001.0
2026-01-17,NBL-1117,771.0,1155.0,21,1001.0
2026-01-24,NBL-1117,298.0,1155.0,21,1001.0
2026-01-31,NBL-1117,1155.0,0.0,21,1001.0
2026-02-07,NBL-1117,754.0,1155.0,21,1001.0
2026-02-14,NBL-1117,324.0,1155.0,21,1001.0
2026-02-21,NBL-1117,1155.0,0.0,21,1001.0
2026-02-28,NBL-1117,685.0,1155.0,21,1001.0
2026-03-07,NBL-1117,150.0,1155.0,21,1001.0
2026-03-14,NBL-1117,1155.0,0.0,21,1001.0
2026-03-21,NBL-1117,677.0,1155.0,21,1001.0
2026-03-28,NBL-1117,107.0,1155.0,21,1001.0
2026-04-04,NBL-1117,1155.0,0.0,21,1001.0
2026-04-11,NBL-1117,604.0,1155.0,21,1001.0
2026-04-18,NBL-1117,0.0,1155.0,21,1001.0
2026-04-25,NBL-1117,1155.0,0.0,21,1001.0
2026-05-02,NBL-1117,497.0,1155.0,21,1001.0
2026-05-09,NBL-1117,0.0,1155.0,21,1001.0
2026-05-16,NBL-1117,1155.0,0.0,21,1001.0
2026-05-23,NBL-1117,469.0,1155.0,21,1001.0
2026-05-30,NBL-1117,0.0,1155.0,21,1001.0
2026-06-06,NBL-1117,1155.0,0.0,21,1001.0
2026-06-13,NBL-1117,459.0,1155.0,21,1001.0
2026-06-20,NBL-1117,0.0,1155.0,21,1001.0
2026-06-27,NBL-1117,1155.0,0.0,21,1001.0
2026-07-04,NBL-1117,422.0,1155.0,21,1001.0
2026-07-11,NBL-1117,0.0,1155.0,21,1001.0
2024-07-13,NBL-1118,1346.0,0.0,21,893.0
2024-07-20,NBL-1118,957.0,0.0,21,893.0
2024-07-27,NBL-1118,559.0,1030.0,21,893.0
2024-08-03,NBL-1118,1258.0,0.0,21,893.0
2024-08-10,NBL-1118,876.0,1030.0,21,893.0
2024-08-17,NBL-1118,494.0,1030.0,21,893.0
2024-08-24,NBL-1118,1124.0,0.0,21,893.0
2024-08-31,NBL-1118,805.0,1030.0,21,893.0
2024-09-07,NBL-1118,477.0,1030.0,21,893.0
2024-09-14,NBL-1118,1128.0,0.0,21,893.0
2024-09-21,NBL-1118,799.0,1030.0,21,893.0
2024-09-28,NBL-1118,356.0,1030.0,21,893.0
2024-10-05,NBL-1118,1075.0,0.0,21,893.0
2024-10-12,NBL-1118,720.0,1030.0,21,893.0
2024-10-19,NBL-1118,418.0,1030.0,21,893.0
2024-10-26,NBL-1118,1094.0,0.0,21,893.0
2024-11-02,NBL-1118,741.0,1030.0,21,893.0
2024-11-09,NBL-1118,394.0,1030.0,21,893.0
2024-11-16,NBL-1118,1091.0,0.0,21,893.0
2024-11-23,NBL-1118,716.0,1030.0,21,893.0
2024-11-30,NBL-1118,387.0,,21,893.0
2024-12-07,NBL-1118,1046.0,0.0,21,893.0
2024-12-14,NBL-1118,702.0,1030.0,21,893.0
2024-12-21,NBL-1118,422.0,1030.0,21,893.0
2024-12-28,NBL-1118,1078.0,0.0,21,893.0
2025-01-04,NBL-1118,744.0,1030.0,21,893.0
2025-01-11,NBL-1118,381.0,1030.0,21,893.0
2025-01-18,NBL-1118,1095.0,0.0,21,893.0
2025-01-25,NBL-1118,766.0,1030.0,21,893.0
2025-02-01,NBL-1118,381.0,1030.0,21,893.0
2025-02-08,NBL-1118,1030.0,0.0,21,893.0
2025-02-15,NBL-1118,749.0,1030.0,21,893.0
2025-02-22,NBL-1118,398.0,1030.0,21,893.0
2025-03-01,NBL-1118,1071.0,0.0,21,893.0
2025-03-08,NBL-1118,694.0,1030.0,21,893.0
2025-03-15,NBL-1118,311.0,1030.0,21,893.0
2025-03-22,NBL-1118,1030.0,0.0,21,893.0
2025-03-29,NBL-1118,631.0,1030.0,21,893.0
2025-04-05,NBL-1118,241.0,1030.0,21,893.0
2025-04-12,NBL-1118,1030.0,0.0,21,893.0
2025-04-19,NBL-1118,612.0,1030.0,21,893.0
2025-04-26,NBL-1118,205.0,1030.0,21,893.0
2025-05-03,NBL-1118,1030.0,0.0,21,893.0
2025-05-10,NBL-1118,589.0,1030.0,21,893.0
2025-05-17,NBL-1118,118.0,1030.0,21,893.0
2025-05-24,NBL-1118,1030.0,0.0,21,893.0
2025-05-31,NBL-1118,586.0,1030.0,21,893.0
2025-06-07,NBL-1118,127.0,1030.0,21,893.0
2025-06-14,NBL-1118,1030.0,0.0,21,893.0
2025-06-21,NBL-1118,551.0,1030.0,21,893.0
2025-06-28,NBL-1118,62.0,1030.0,21,893.0
2025-07-05,NBL-1118,1030.0,0.0,21,893.0
2025-07-12,NBL-1118,575.0,1030.0,21,893.0
2025-07-19,NBL-1118,201.0,1030.0,21,893.0
2025-07-26,NBL-1118,1030.0,0.0,21,893.0
2025-08-02,NBL-1118,528.0,1030.0,21,893.0
2025-08-09,NBL-1118,59.0,1030.0,21,893.0
2025-08-16,NBL-1118,1030.0,0.0,21,893.0
2025-08-23,NBL-1118,552.0,1030.0,21,893.0
2025-08-30,NBL-1118,119.0,1030.0,21,893.0
2025-09-06,NBL-1118,1030.0,0.0,21,893.0
2025-09-13,NBL-1118,492.0,1030.0,21,893.0
2025-09-20,NBL-1118,0.0,1030.0,21,893.0
2025-09-27,NBL-1118,1030.0,0.0,21,893.0
2025-10-04,NBL-1118,624.0,1030.0,21,893.0
2025-10-11,NBL-1118,150.0,1030.0,21,893.0
2025-10-18,NBL-1118,1030.0,0.0,21,893.0
2025-10-25,NBL-1118,438.0,1030.0,21,893.0
2025-11-01,NBL-1118,8.0,1030.0,21,893.0
2025-11-08,NBL-1118,1030.0,0.0,21,893.0
2025-11-15,NBL-1118,619.0,1030.0,21,893.0
2025-11-22,NBL-1118,156.0,1030.0,21,893.0
2025-11-29,NBL-1118,1030.0,0.0,21,893.0
2025-12-06,NBL-1118,564.0,1030.0,21,893.0
2025-12-13,NBL-1118,146.0,1030.0,21,893.0
2025-12-20,NBL-1118,1030.0,0.0,21,893.0
2025-12-27,NBL-1118,644.0,1030.0,21,893.0
2026-01-03,NBL-1118,223.0,1030.0,21,893.0
2026-01-10,NBL-1118,1030.0,0.0,21,893.0
2026-01-17,NBL-1118,582.0,1030.0,21,893.0
2026-01-24,NBL-1118,190.0,1030.0,21,893.0
2026-01-31,NBL-1118,1030.0,0.0,21,893.0
2026-02-07,NBL-1118,643.0,1030.0,21,893.0
2026-02-14,NBL-1118,169.0,1030.0,21,893.0
2026-02-21,NBL-1118,1030.0,0.0,21,893.0
2026-02-28,NBL-1118,536.0,1030.0,21,893.0
2026-03-07,NBL-1118,50.0,1030.0,21,893.0
2026-03-14,NBL-1118,1030.0,0.0,21,893.0
2026-03-21,NBL-1118,598.0,1030.0,21,893.0
2026-03-28,NBL-1118,116.0,1030.0,21,893.0
2026-04-04,NBL-1118,1030.0,0.0,21,893.0
2026-04-11,NBL-1118,531.0,1030.0,21,893.0
2026-04-18,NBL-1118,46.0,1030.0,21,893.0
2026-04-25,NBL-1118,1030.0,0.0,21,893.0
2026-05-02,NBL-1118,516.0,1030.0,21,893.0
2026-05-09,NBL-1118,30.0,1030.0,21,893.0
2026-05-16,NBL-1118,1030.0,0.0,21,893.0
2026-05-23,NBL-1118,492.0,1030.0,21,893.0
2026-05-30,NBL-1118,0.0,1030.0,21,893.0
2026-06-06,NBL-1118,1030.0,0.0,21,893.0
2026-06-13,NBL-1118,449.0,1030.0,21,893.0
2026-06-20,NBL-1118,0.0,1030.0,21,893.0
2026-06-27,NBL-1118,1030.0,0.0,21,893.0
2026-07-04,NBL-1118,383.0,1030.0,21,893.0
2026-07-11,NBL-1118,0.0,1030.0,21,893.0
2024-07-13,NBL-1119,312.0,0.0,7,245.0
2024-07-20,NBL-1119,288.0,0.0,7,245.0
2024-07-27,NBL-1119,283.0,0.0,7,245.0
2024-08-03,NBL-1119,283.0,0.0,7,245.0
2024-08-10,NBL-1119,283.0,0.0,7,245.0
2024-08-17,NBL-1119,283.0,0.0,7,245.0
2024-08-24,NBL-1119,283.0,0.0,7,245.0
2024-08-31,NBL-1119,283.0,0.0,7,245.0
2024-09-07,NBL-1119,283.0,0.0,7,245.0
2024-09-14,NBL-1119,283.0,,7,245.0
2024-09-21,NBL-1119,283.0,0.0,7,245.0
2024-09-28,NBL-1119,283.0,0.0,7,245.0
2024-10-05,NBL-1119,283.0,0.0,7,245.0
2024-10-12,NBL-1119,283.0,0.0,7,245.0
2024-10-19,NBL-1119,283.0,0.0,7,245.0
2024-10-26,NBL-1119,283.0,0.0,7,245.0
2024-11-02,NBL-1119,283.0,0.0,7,245.0
2024-11-09,NBL-1119,306.0,0.0,7,245.0
2024-11-16,NBL-1119,283.0,0.0,7,245.0
2024-11-23,NBL-1119,286.0,0.0,7,245.0
2024-11-30,NBL-1119,315.0,0.0,7,245.0
2024-12-07,NBL-1119,283.0,0.0,7,245.0
2024-12-14,NBL-1119,283.0,0.0,7,245.0
2024-12-21,NBL-1119,293.0,0.0,7,245.0
2024-12-28,NBL-1119,314.0,0.0,7,245.0
2025-01-04,NBL-1119,288.0,0.0,7,245.0
2025-01-11,NBL-1119,283.0,0.0,7,245.0
2025-01-18,NBL-1119,293.0,0.0,7,245.0
2025-01-25,NBL-1119,283.0,0.0,7,245.0
2025-02-01,NBL-1119,283.0,0.0,7,245.0
2025-02-08,NBL-1119,283.0,0.0,7,245.0
2025-02-15,NBL-1119,283.0,0.0,7,245.0
2025-02-22,NBL-1119,283.0,0.0,7,245.0
2025-03-01,NBL-1119,297.0,0.0,7,245.0
2025-03-08,NBL-1119,290.0,0.0,7,245.0
2025-03-15,NBL-1119,283.0,0.0,7,245.0
2025-03-22,NBL-1119,283.0,0.0,7,245.0
2025-03-29,NBL-1119,283.0,0.0,7,245.0
2025-04-05,NBL-1119,283.0,0.0,7,245.0
2025-04-12,NBL-1119,283.0,0.0,7,245.0
2025-04-19,NBL-1119,283.0,0.0,7,245.0
2025-04-26,NBL-1119,283.0,0.0,7,245.0
2025-05-03,NBL-1119,283.0,0.0,7,245.0
2025-05-10,NBL-1119,283.0,0.0,7,245.0
2025-05-17,NBL-1119,283.0,0.0,7,245.0
2025-05-24,NBL-1119,283.0,0.0,7,245.0
2025-05-31,NBL-1119,283.0,0.0,7,245.0
2025-06-07,NBL-1119,283.0,0.0,7,245.0
2025-06-14,NBL-1119,283.0,0.0,7,245.0
2025-06-21,NBL-1119,283.0,0.0,7,245.0
2025-06-28,NBL-1119,283.0,0.0,7,245.0
2025-07-05,NBL-1119,283.0,0.0,7,245.0
2025-07-12,NBL-1119,283.0,0.0,7,245.0
2025-07-19,NBL-1119,283.0,0.0,7,245.0
2025-07-26,NBL-1119,283.0,0.0,7,245.0
2025-08-02,NBL-1119,283.0,0.0,7,245.0
2025-08-09,NBL-1119,283.0,0.0,7,245.0
2025-08-16,NBL-1119,283.0,0.0,7,245.0
2025-08-23,NBL-1119,283.0,0.0,7,245.0
2025-08-30,NBL-1119,283.0,0.0,7,245.0
2025-09-06,NBL-1119,283.0,0.0,7,245.0
2025-09-13,NBL-1119,283.0,0.0,7,245.0
2025-09-20,NBL-1119,283.0,0.0,7,245.0
2025-09-27,NBL-1119,283.0,0.0,7,245.0
2025-10-04,NBL-1119,283.0,0.0,7,245.0
2025-10-11,NBL-1119,283.0,0.0,7,245.0
2025-10-18,NBL-1119,283.0,0.0,7,245.0
2025-10-25,NBL-1119,283.0,0.0,7,245.0
2025-11-01,NBL-1119,283.0,0.0,7,245.0
2025-11-08,NBL-1119,283.0,0.0,7,245.0
2025-11-15,NBL-1119,283.0,0.0,7,245.0
2025-11-22,NBL-1119,283.0,0.0,7,245.0
2025-11-29,NBL-1119,283.0,0.0,7,245.0
2025-12-06,NBL-1119,283.0,0.0,7,245.0
2025-12-13,NBL-1119,283.0,0.0,7,245.0
2025-12-20,NBL-1119,283.0,0.0,7,245.0
2025-12-27,NBL-1119,283.0,0.0,7,245.0
2026-01-03,NBL-1119,283.0,0.0,7,245.0
2026-01-10,NBL-1119,283.0,0.0,7,245.0
2026-01-17,NBL-1119,283.0,0.0,7,245.0
2026-01-24,NBL-1119,283.0,0.0,7,245.0
2026-01-31,NBL-1119,283.0,0.0,7,245.0
2026-02-07,NBL-1119,283.0,0.0,7,245.0
2026-02-14,NBL-1119,283.0,0.0,7,245.0
2026-02-21,NBL-1119,283.0,0.0,7,245.0
2026-02-28,NBL-1119,283.0,0.0,7,245.0
2026-03-07,NBL-1119,283.0,0.0,7,245.0
2026-03-14,NBL-1119,283.0,0.0,7,245.0
2026-03-21,NBL-1119,283.0,0.0,7,245.0
2026-03-28,NBL-1119,283.0,0.0,7,245.0
2026-04-04,NBL-1119,283.0,0.0,7,245.0
2026-04-11,NBL-1119,283.0,0.0,7,245.0
2026-04-18,NBL-1119,283.0,0.0,7,245.0
2026-04-25,NBL-1119,283.0,0.0,7,245.0
2026-05-02,NBL-1119,283.0,0.0,7,245.0
2026-05-09,NBL-1119,283.0,0.0,7,245.0
2026-05-16,NBL-1119,283.0,0.0,7,245.0
2026-05-23,NBL-1119,283.0,0.0,7,245.0
2026-05-30,NBL-1119,283.0,0.0,7,245.0
2026-06-06,NBL-1119,283.0,0.0,7,245.0
2026-06-13,NBL-1119,283.0,0.0,7,245.0
2026-06-20,NBL-1119,283.0,0.0,7,245.0
2026-06-27,NBL-1119,283.0,0.0,7,245.0
2026-07-04,NBL-1119,283.0,0.0,7,245.0
2026-07-11,NBL-1119,283.0,0.0,7,245.0
2024-07-13,NBL-1120,1507.0,0.0,21,1031.0
2024-07-20,NBL-1120,1002.0,1189.0,21,1031.0
2024-07-27,NBL-1120,536.0,1189.0,21,1031.0
2024-08-03,NBL-1120,1300.0,0.0,21,1031.0
2024-08-10,NBL-1120,869.0,1189.0,21,1031.0
2024-08-17,NBL-1120,414.0,1189.0,21,1031.0
2024-08-24,NBL-1120,1189.0,0.0,21,1031.0
2024-08-31,NBL-1120,759.0,1189.0,21,1031.0
2024-09-07,NBL-1120,260.0,1189.0,21,1031.0
2024-09-14,NBL-1120,1189.0,0.0,21,1031.0
2024-09-21,NBL-1120,868.0,1189.0,21,1031.0
2024-09-28,NBL-1120,466.0,1189.0,21,1031.0
2024-10-05,NBL-1120,1189.0,0.0,21,1031.0
2024-10-12,NBL-1120,650.0,1189.0,21,1031.0
2024-10-19,NBL-1120,287.0,1189.0,21,1031.0
2024-10-26,NBL-1120,1189.0,0.0,21,1031.0
2024-11-02,NBL-1120,858.0,1189.0,21,1031.0
2024-11-09,NBL-1120,503.0,1189.0,21,1031.0
2024-11-16,NBL-1120,1335.0,0.0,21,1031.0
2024-11-23,NBL-1120,918.0,1189.0,21,1031.0
2024-11-30,NBL-1120,619.0,1189.0,21,1031.0
2024-12-07,NBL-1120,1438.0,0.0,21,1031.0
2024-12-14,NBL-1120,1030.0,1189.0,21,1031.0
2024-12-21,NBL-1120,665.0,1189.0,21,1031.0
2024-12-28,NBL-1120,1504.0,0.0,21,1031.0
2025-01-04,NBL-1120,1126.0,0.0,21,1031.0
2025-01-11,NBL-1120,711.0,1189.0,21,1031.0
2025-01-18,NBL-1120,1527.0,0.0,21,1031.0
2025-01-25,NBL-1120,1214.0,0.0,21,1031.0
2025-02-01,NBL-1120,827.0,1189.0,21,1031.0
2025-02-08,NBL-1120,1639.0,0.0,21,1031.0
2025-02-15,NBL-1120,1223.0,0.0,21,1031.0
2025-02-22,NBL-1120,820.0,1189.0,21,1031.0
2025-03-01,NBL-1120,1660.0,0.0,21,1031.0
2025-03-08,NBL-1120,1254.0,0.0,21,1031.0
2025-03-15,NBL-1120,785.0,1189.0,21,1031.0
2025-03-22,NBL-1120,1649.0,0.0,21,1031.0
2025-03-29,NBL-1120,1173.0,0.0,21,1031.0
2025-04-05,NBL-1120,751.0,1189.0,21,1031.0
2025-04-12,NBL-1120,1493.0,0.0,21,1031.0
2025-04-19,NBL-1120,1047.0,0.0,21,1031.0
2025-04-26,NBL-1120,605.0,1189.0,21,1031.0
2025-05-03,NBL-1120,1299.0,0.0,21,1031.0
2025-05-10,NBL-1120,786.0,1189.0,21,1031.0
2025-05-17,NBL-1120,212.0,1189.0,21,1031.0
2025-05-24,NBL-1120,1189.0,0.0,21,1031.0
2025-05-31,NBL-1120,759.0,1189.0,21,1031.0
2025-06-07,NBL-1120,247.0,1189.0,21,1031.0
2025-06-14,NBL-1120,1189.0,0.0,21,1031.0
2025-06-21,NBL-1120,671.0,1189.0,21,1031.0
2025-06-28,NBL-1120,171.0,1189.0,21,1031.0
2025-07-05,NBL-1120,1189.0,0.0,21,1031.0
2025-07-12,NBL-1120,551.0,1189.0,21,1031.0
2025-07-19,NBL-1120,0.0,1189.0,21,1031.0
2025-07-26,NBL-1120,1189.0,0.0,21,1031.0
2025-08-02,NBL-1120,559.0,1189.0,21,1031.0
2025-08-09,NBL-1120,33.0,1189.0,21,1031.0
2025-08-16,NBL-1120,1189.0,0.0,21,1031.0
2025-08-23,NBL-1120,636.0,1189.0,21,1031.0
2025-08-30,NBL-1120,68.0,1189.0,21,1031.0
2025-09-06,NBL-1120,1189.0,0.0,21,1031.0
2025-09-13,NBL-1120,508.0,1189.0,21,1031.0
2025-09-20,NBL-1120,0.0,1189.0,21,1031.0
2025-09-27,NBL-1120,1189.0,0.0,21,1031.0
2025-10-04,NBL-1120,645.0,1189.0,21,1031.0
2025-10-11,NBL-1120,26.0,1189.0,21,1031.0
2025-10-18,NBL-1120,1189.0,0.0,21,1031.0
2025-10-25,NBL-1120,704.0,1189.0,21,1031.0
2025-11-01,NBL-1120,82.0,1189.0,21,1031.0
2025-11-08,NBL-1120,1189.0,0.0,21,1031.0
2025-11-15,NBL-1120,671.0,1189.0,21,1031.0
2025-11-22,NBL-1120,111.0,1189.0,21,1031.0
2025-11-29,NBL-1120,1189.0,0.0,21,1031.0
2025-12-06,NBL-1120,748.0,1189.0,21,1031.0
2025-12-13,NBL-1120,271.0,1189.0,21,1031.0
2025-12-20,NBL-1120,1189.0,0.0,21,1031.0
2025-12-27,NBL-1120,813.0,1189.0,21,1031.0
2026-01-03,NBL-1120,440.0,1189.0,21,1031.0
2026-01-10,NBL-1120,1196.0,0.0,21,1031.0
2026-01-17,NBL-1120,745.0,1189.0,21,1031.0
2026-01-24,NBL-1120,298.0,1189.0,21,1031.0
2026-01-31,NBL-1120,1189.0,0.0,21,1031.0
2026-02-07,NBL-1120,687.0,1189.0,21,1031.0
2026-02-14,NBL-1120,226.0,1189.0,21,1031.0
2026-02-21,NBL-1120,1189.0,0.0,21,1031.0
2026-02-28,NBL-1120,730.0,1189.0,21,1031.0
2026-03-07,NBL-1120,252.0,1189.0,21,1031.0
2026-03-14,NBL-1120,1189.0,0.0,21,1031.0
2026-03-21,NBL-1120,662.0,1189.0,21,1031.0
2026-03-28,NBL-1120,44.0,1189.0,21,1031.0
2026-04-04,NBL-1120,1189.0,0.0,21,1031.0
2026-04-11,NBL-1120,559.0,1189.0,21,1031.0
2026-04-18,NBL-1120,0.0,1189.0,21,1031.0
2026-04-25,NBL-1120,1189.0,0.0,21,1031.0
2026-05-02,NBL-1120,627.0,1189.0,21,1031.0
2026-05-09,NBL-1120,10.0,1189.0,21,1031.0
2026-05-16,NBL-1120,1189.0,0.0,21,1031.0
2026-05-23,NBL-1120,455.0,1189.0,21,1031.0
2026-05-30,NBL-1120,0.0,1189.0,21,1031.0
2026-06-06,NBL-1120,1189.0,0.0,21,1031.0
2026-06-13,NBL-1120,439.0,1189.0,21,1031.0
2026-06-20,NBL-1120,0.0,1189.0,21,1031.0
2026-06-27,NBL-1120,1189.0,,21,1031.0
2026-07-04,NBL-1120,554.0,1189.0,21,1031.0
2026-07-11,NBL-1120,0.0,1189.0,21,1031.0
2024-07-13,NBL-1121,235.0,0.0,7,141.0
2024-07-20,NBL-1121,187.0,0.0,7,141.0
2024-07-27,NBL-1121,163.0,0.0,7,141.0
2024-08-03,NBL-1121,163.0,0.0,7,141.0
2024-08-10,NBL-1121,163.0,0.0,7,141.0
2024-08-17,NBL-1121,163.0,0.0,7,141.0
2024-08-24,NBL-1121,163.0,0.0,7,141.0
2024-08-31,NBL-1121,163.0,0.0,7,141.0
2024-09-07,NBL-1121,163.0,0.0,7,141.0
2024-09-14,NBL-1121,163.0,0.0,7,141.0
2024-09-21,NBL-1121,163.0,0.0,7,141.0
2024-09-28,NBL-1121,163.0,0.0,7,141.0
2024-10-05,NBL-1121,163.0,0.0,7,141.0
2024-10-12,NBL-1121,163.0,0.0,7,141.0
2024-10-19,NBL-1121,167.0,0.0,7,141.0
2024-10-26,NBL-1121,169.0,0.0,7,141.0
2024-11-02,NBL-1121,163.0,0.0,7,141.0
2024-11-09,NBL-1121,191.0,0.0,7,141.0
2024-11-16,NBL-1121,186.0,0.0,7,141.0
2024-11-23,NBL-1121,183.0,0.0,7,141.0
2024-11-30,NBL-1121,181.0,0.0,7,141.0
2024-12-07,NBL-1121,221.0,0.0,7,141.0
2024-12-14,NBL-1121,237.0,0.0,7,141.0
2024-12-21,NBL-1121,239.0,0.0,7,141.0
2024-12-28,NBL-1121,268.0,0.0,7,141.0
2025-01-04,NBL-1121,300.0,0.0,7,141.0
2025-01-11,NBL-1121,154.0,0.0,7,141.0
2025-01-18,NBL-1121,163.0,0.0,7,141.0
2025-01-25,NBL-1121,180.0,0.0,7,141.0
2025-02-01,NBL-1121,186.0,0.0,7,141.0
2025-02-08,NBL-1121,202.0,0.0,7,141.0
2025-02-15,NBL-1121,268.0,0.0,7,141.0
2025-02-22,NBL-1121,147.0,0.0,7,141.0
2025-03-01,NBL-1121,167.0,0.0,7,141.0
2025-03-08,NBL-1121,192.0,0.0,7,141.0
2025-03-15,NBL-1121,203.0,0.0,7,141.0
2025-03-22,NBL-1121,250.0,0.0,7,141.0
2025-03-29,NBL-1121,240.0,0.0,7,141.0
2025-04-05,NBL-1121,202.0,0.0,7,141.0
2025-04-12,NBL-1121,163.0,0.0,7,141.0
2025-04-19,NBL-1121,163.0,0.0,7,141.0
2025-04-26,NBL-1121,163.0,0.0,7,141.0
2025-05-03,NBL-1121,163.0,0.0,7,141.0
2025-05-10,NBL-1121,165.0,0.0,7,141.0
2025-05-17,NBL-1121,163.0,0.0,7,141.0
2025-05-24,NBL-1121,163.0,0.0,7,141.0
2025-05-31,NBL-1121,163.0,0.0,7,141.0
2025-06-07,NBL-1121,163.0,,7,141.0
2025-06-14,NBL-1121,163.0,0.0,7,141.0
2025-06-21,NBL-1121,163.0,0.0,7,141.0
2025-06-28,NBL-1121,163.0,0.0,7,141.0
2025-07-05,NBL-1121,163.0,0.0,7,141.0
2025-07-12,NBL-1121,163.0,0.0,7,141.0
2025-07-19,NBL-1121,163.0,0.0,7,141.0
2025-07-26,NBL-1121,163.0,0.0,7,141.0
2025-08-02,NBL-1121,163.0,0.0,7,141.0
2025-08-09,NBL-1121,163.0,0.0,7,141.0
2025-08-16,NBL-1121,163.0,0.0,7,141.0
2025-08-23,NBL-1121,163.0,0.0,7,141.0
2025-08-30,NBL-1121,163.0,0.0,7,141.0
2025-09-06,NBL-1121,163.0,0.0,7,141.0
2025-09-13,NBL-1121,163.0,0.0,7,141.0
2025-09-20,NBL-1121,163.0,0.0,7,141.0
2025-09-27,NBL-1121,163.0,0.0,7,141.0
2025-10-04,NBL-1121,163.0,0.0,7,141.0
2025-10-11,NBL-1121,163.0,0.0,7,141.0
2025-10-18,NBL-1121,163.0,0.0,7,141.0
2025-10-25,NBL-1121,190.0,0.0,7,141.0
2025-11-01,NBL-1121,166.0,0.0,7,141.0
2025-11-08,NBL-1121,169.0,0.0,7,141.0
2025-11-15,NBL-1121,177.0,0.0,7,141.0
2025-11-22,NBL-1121,178.0,0.0,7,141.0
2025-11-29,NBL-1121,163.0,0.0,7,141.0
2025-12-06,NBL-1121,167.0,0.0,7,141.0
2025-12-13,NBL-1121,170.0,0.0,7,141.0
2025-12-20,NBL-1121,176.0,0.0,7,141.0
2025-12-27,NBL-1121,215.0,0.0,7,141.0
2026-01-03,NBL-1121,227.0,0.0,7,141.0
2026-01-10,NBL-1121,210.0,0.0,7,141.0
2026-01-17,NBL-1121,210.0,0.0,7,141.0
2026-01-24,NBL-1121,206.0,0.0,7,141.0
2026-01-31,NBL-1121,174.0,0.0,7,141.0
2026-02-07,NBL-1121,170.0,0.0,7,141.0
2026-02-14,NBL-1121,163.0,0.0,7,141.0
2026-02-21,NBL-1121,163.0,0.0,7,141.0
2026-02-28,NBL-1121,178.0,0.0,7,141.0
2026-03-07,NBL-1121,163.0,0.0,7,141.0
2026-03-14,NBL-1121,163.0,0.0,7,141.0
2026-03-21,NBL-1121,163.0,0.0,7,141.0
2026-03-28,NBL-1121,163.0,0.0,7,141.0
2026-04-04,NBL-1121,163.0,0.0,7,141.0
2026-04-11,NBL-1121,163.0,0.0,7,141.0
2026-04-18,NBL-1121,163.0,0.0,7,141.0
2026-04-25,NBL-1121,163.0,0.0,7,141.0
2026-05-02,NBL-1121,163.0,0.0,7,141.0
2026-05-09,NBL-1121,163.0,0.0,7,141.0
2026-05-16,NBL-1121,163.0,0.0,7,141.0
2026-05-23,NBL-1121,163.0,0.0,7,141.0
2026-05-30,NBL-1121,163.0,0.0,7,141.0
2026-06-06,NBL-1121,163.0,0.0,7,141.0
2026-06-13,NBL-1121,163.0,0.0,7,141.0
2026-06-20,NBL-1121,163.0,0.0,7,141.0
2026-06-27,NBL-1121,163.0,0.0,7,141.0
2026-07-04,NBL-1121,163.0,0.0,7,141.0
2026-07-11,NBL-1121,163.0,0.0,7,141.0
2024-07-13,NBL-1122,1395.0,0.0,21,1090.0
2024-07-20,NBL-1122,809.0,1258.0,21,1090.0
2024-07-27,NBL-1122,243.0,1258.0,21,1090.0
2024-08-03,NBL-1122,1258.0,0.0,21,1090.0
2024-08-10,NBL-1122,694.0,1258.0,21,1090.0
2024-08-17,NBL-1122,175.0,1258.0,21,1090.0
2024-08-24,NBL-1122,1258.0,0.0,21,1090.0
2024-08-31,NBL-1122,711.0,1258.0,21,1090.0
2024-09-07,NBL-1122,203.0,1258.0,21,1090.0
2024-09-14,NBL-1122,1258.0,0.0,21,1090.0
2024-09-21,NBL-1122,792.0,1258.0,21,1090.0
2024-09-28,NBL-1122,280.0,1258.0,21,1090.0
2024-10-05,NBL-1122,1258.0,0.0,21,1090.0
2024-10-12,NBL-1122,847.0,1258.0,21,1090.0
2024-10-19,NBL-1122,597.0,1258.0,21,1090.0
2024-10-26,NBL-1122,1398.0,0.0,21,1090.0
2024-11-02,NBL-1122,1094.0,0.0,21,1090.0
2024-11-09,NBL-1122,791.0,1258.0,21,1090.0
2024-11-16,NBL-1122,1638.0,0.0,21,1090.0
2024-11-23,NBL-1122,1291.0,0.0,21,1090.0
2024-11-30,NBL-1122,966.0,1258.0,21,1090.0
2024-12-07,NBL-1122,1962.0,0.0,21,1090.0
2024-12-14,NBL-1122,1666.0,0.0,21,1090.0
2024-12-21,NBL-1122,1366.0,0.0,21,1090.0
2024-12-28,NBL-1122,2339.0,0.0,21,1090.0
2025-01-04,NBL-1122,2082.0,0.0,21,1090.0
2025-01-11,NBL-1122,1816.0,0.0,21,1090.0
2025-01-18,NBL-1122,1567.0,0.0,21,1090.0
2025-01-25,NBL-1122,1246.0,0.0,21,1090.0
2025-02-01,NBL-1122,1037.0,1258.0,21,1090.0
2025-02-08,NBL-1122,2041.0,0.0,21,1090.0
2025-02-15,NBL-1122,1774.0,,21,1090.0
2025-02-22,NBL-1122,1497.0,0.0,21,1090.0
2025-03-01,NBL-1122,1212.0,0.0,21,1090.0
2025-03-08,NBL-1122,984.0,1258.0,21,1090.0
2025-03-15,NBL-1122,739.0,1258.0,21,1090.0
2025-03-22,NBL-1122,1683.0,0.0,21,1090.0
2025-03-29,NBL-1122,1282.0,0.0,21,1090.0
2025-04-05,NBL-1122,1007.0,1258.0,21,1090.0
2025-04-12,NBL-1122,1902.0,0.0,21,1090.0
2025-04-19,NBL-1122,1569.0,0.0,21,1090.0
2025-04-26,NBL-1122,1173.0,0.0,21,1090.0
2025-05-03,NBL-1122,2013.0,0.0,21,1090.0
2025-05-10,NBL-1122,1725.0,0.0,21,1090.0
2025-05-17,NBL-1122,1212.0,0.0,21,1090.0
2025-05-24,NBL-1122,2093.0,0.0,21,1090.0
2025-05-31,NBL-1122,1709.0,0.0,21,1090.0
2025-06-07,NBL-1122,1215.0,0.0,21,1090.0
2025-06-14,NBL-1122,2060.0,0.0,21,1090.0
2025-06-21,NBL-1122,1598.0,0.0,21,1090.0
2025-06-28,NBL-1122,1182.0,0.0,21,1090.0
2025-07-05,NBL-1122,1997.0,0.0,21,1090.0
2025-07-12,NBL-1122,1512.0,0.0,21,1090.0
2025-07-19,NBL-1122,1018.0,1258.0,21,1090.0
2025-07-26,NBL-1122,1864.0,0.0,21,1090.0
2025-08-02,NBL-1122,1378.0,0.0,21,1090.0
2025-08-09,NBL-1122,952.0,1258.0,21,1090.0
2025-08-16,NBL-1122,1767.0,0.0,21,1090.0
2025-08-23,NBL-1122,1284.0,0.0,21,1090.0
2025-08-30,NBL-1122,876.0,1258.0,21,1090.0
2025-09-06,NBL-1122,1743.0,0.0,21,1090.0
2025-09-13,NBL-1122,1333.0,0.0,21,1090.0
2025-09-20,NBL-1122,1025.0,1258.0,21,1090.0
2025-09-27,NBL-1122,1903.0,0.0,21,1090.0
2025-10-04,NBL-1122,1597.0,0.0,21,1090.0
2025-10-11,NBL-1122,1308.0,0.0,21,1090.0
2025-10-18,NBL-1122,2227.0,0.0,21,1090.0
2025-10-25,NBL-1122,1844.0,0.0,21,1090.0
2025-11-01,NBL-1122,1608.0,0.0,21,1090.0
2025-11-08,NBL-1122,1318.0,0.0,21,1090.0
2025-11-15,NBL-1122,1157.0,0.0,21,1090.0
2025-11-22,NBL-1122,900.0,1258.0,21,1090.0
2025-11-29,NBL-1122,1842.0,0.0,21,1090.0
2025-12-06,NBL-1122,1550.0,0.0,21,1090.0
2025-12-13,NBL-1122,1321.0,0.0,21,1090.0
2025-12-20,NBL-1122,1124.0,0.0,21,1090.0
2025-12-27,NBL-1122,936.0,1258.0,21,1090.0
2026-01-03,NBL-1122,699.0,1258.0,21,1090.0
2026-01-10,NBL-1122,1794.0,0.0,21,1090.0
2026-01-17,NBL-1122,1576.0,0.0,21,1090.0
2026-01-24,NBL-1122,1371.0,0.0,21,1090.0
2026-01-31,NBL-1122,1137.0,0.0,21,1090.0
2026-02-07,NBL-1122,898.0,1258.0,21,1090.0
2026-02-14,NBL-1122,702.0,1258.0,21,1090.0
2026-02-21,NBL-1122,1779.0,0.0,21,1090.0
2026-02-28,NBL-1122,1617.0,0.0,21,1090.0
2026-03-07,NBL-1122,1413.0,0.0,21,1090.0
2026-03-14,NBL-1122,1189.0,0.0,21,1090.0
2026-03-21,NBL-1122,960.0,1258.0,21,1090.0
2026-03-28,NBL-1122,700.0,1258.0,21,1090.0
2026-04-04,NBL-1122,1697.0,0.0,21,1090.0
2026-04-11,NBL-1122,1497.0,0.0,21,1090.0
2026-04-18,NBL-1122,1155.0,0.0,21,1090.0
2026-04-25,NBL-1122,2182.0,0.0,21,1090.0
2026-05-02,NBL-1122,1817.0,0.0,21,1090.0
2026-05-09,NBL-1122,1425.0,0.0,21,1090.0
2026-05-16,NBL-1122,1135.0,0.0,21,1090.0
2026-05-23,NBL-1122,763.0,1258.0,21,1090.0
2026-05-30,NBL-1122,401.0,1258.0,21,1090.0
2026-06-06,NBL-1122,1331.0,0.0,21,1090.0
2026-06-13,NBL-1122,948.0,1258.0,21,1090.0
2026-06-20,NBL-1122,568.0,1258.0,21,1090.0
2026-06-27,NBL-1122,1471.0,0.0,21,1090.0
2026-07-04,NBL-1122,1102.0,0.0,21,1090.0
2026-07-11,NBL-1122,823.0,1258.0,21,1090.0
2024-07-13,NBL-1123,339.0,0.0,7,67.0
2024-07-20,NBL-1123,251.0,0.0,7,67.0
2024-07-27,NBL-1123,154.0,0.0,7,67.0
2024-08-03,NBL-1123,129.0,0.0,7,67.0
2024-08-10,NBL-1123,130.0,0.0,7,67.0
2024-08-17,NBL-1123,103.0,0.0,7,67.0
2024-08-24,NBL-1123,92.0,0.0,7,67.0
2024-08-31,NBL-1123,80.0,0.0,7,67.0
2024-09-07,NBL-1123,77.0,0.0,7,67.0
2024-09-14,NBL-1123,77.0,0.0,7,67.0
2024-09-21,NBL-1123,77.0,0.0,7,67.0
2024-09-28,NBL-1123,77.0,0.0,7,67.0
2024-10-05,NBL-1123,77.0,0.0,7,67.0
2024-10-12,NBL-1123,80.0,0.0,7,67.0
2024-10-19,NBL-1123,77.0,0.0,7,67.0
2024-10-26,NBL-1123,77.0,0.0,7,67.0
2024-11-02,NBL-1123,105.0,0.0,7,67.0
2024-11-09,NBL-1123,77.0,0.0,7,67.0
2024-11-16,NBL-1123,106.0,0.0,7,67.0
2024-11-23,NBL-1123,77.0,0.0,7,67.0
2024-11-30,NBL-1123,86.0,0.0,7,67.0
2024-12-07,NBL-1123,77.0,0.0,7,67.0
2024-12-14,NBL-1123,77.0,0.0,7,67.0
2024-12-21,NBL-1123,83.0,0.0,7,67.0
2024-12-28,NBL-1123,82.0,0.0,7,67.0
2025-01-04,NBL-1123,102.0,0.0,7,67.0
2025-01-11,NBL-1123,112.0,0.0,7,67.0
2025-01-18,NBL-1123,130.0,0.0,7,67.0
2025-01-25,NBL-1123,68.0,0.0,7,67.0
2025-02-01,NBL-1123,82.0,0.0,7,67.0
2025-02-08,NBL-1123,80.0,0.0,7,67.0
2025-02-15,NBL-1123,105.0,0.0,7,67.0
2025-02-22,NBL-1123,110.0,0.0,7,67.0
2025-03-01,NBL-1123,106.0,0.0,7,67.0
2025-03-08,NBL-1123,109.0,0.0,7,67.0
2025-03-15,NBL-1123,98.0,0.0,7,67.0
2025-03-22,NBL-1123,77.0,0.0,7,67.0
2025-03-29,NBL-1123,77.0,0.0,7,67.0
2025-04-05,NBL-1123,77.0,0.0,7,67.0
2025-04-12,NBL-1123,77.0,0.0,7,67.0
2025-04-19,NBL-1123,77.0,0.0,7,67.0
2025-04-26,NBL-1123,77.0,0.0,7,67.0
2025-05-03,NBL-1123,77.0,0.0,7,67.0
2025-05-10,NBL-1123,78.0,0.0,7,67.0
2025-05-17,NBL-1123,77.0,0.0,7,67.0
2025-05-24,NBL-1123,77.0,0.0,7,67.0
2025-05-31,NBL-1123,77.0,0.0,7,67.0
2025-06-07,NBL-1123,77.0,0.0,7,67.0
2025-06-14,NBL-1123,77.0,0.0,7,67.0
2025-06-21,NBL-1123,77.0,0.0,7,67.0
2025-06-28,NBL-1123,77.0,0.0,7,67.0
2025-07-05,NBL-1123,77.0,0.0,7,67.0
2025-07-12,NBL-1123,77.0,0.0,7,67.0
2025-07-19,NBL-1123,77.0,0.0,7,67.0
2025-07-26,NBL-1123,77.0,0.0,7,67.0
2025-08-02,NBL-1123,77.0,0.0,7,67.0
2025-08-09,NBL-1123,77.0,0.0,7,67.0
2025-08-16,NBL-1123,77.0,0.0,7,67.0
2025-08-23,NBL-1123,77.0,0.0,7,67.0
2025-08-30,NBL-1123,77.0,0.0,7,67.0
2025-09-06,NBL-1123,77.0,0.0,7,67.0
2025-09-13,NBL-1123,77.0,0.0,7,67.0
2025-09-20,NBL-1123,77.0,0.0,7,67.0
2025-09-27,NBL-1123,77.0,0.0,7,67.0
2025-10-04,NBL-1123,77.0,0.0,7,67.0
2025-10-11,NBL-1123,77.0,0.0,7,67.0
2025-10-18,NBL-1123,77.0,0.0,7,67.0
2025-10-25,NBL-1123,77.0,0.0,7,67.0
2025-11-01,NBL-1123,77.0,0.0,7,67.0
2025-11-08,NBL-1123,77.0,0.0,7,67.0
2025-11-15,NBL-1123,77.0,0.0,7,67.0
2025-11-22,NBL-1123,77.0,0.0,7,67.0
2025-11-29,NBL-1123,77.0,0.0,7,67.0
2025-12-06,NBL-1123,77.0,0.0,7,67.0
2025-12-13,NBL-1123,77.0,,7,67.0
2025-12-20,NBL-1123,77.0,0.0,7,67.0
2025-12-27,NBL-1123,77.0,0.0,7,67.0
2026-01-03,NBL-1123,77.0,0.0,7,67.0
2026-01-10,NBL-1123,77.0,0.0,7,67.0
2026-01-17,NBL-1123,77.0,0.0,7,67.0
2026-01-24,NBL-1123,77.0,0.0,7,67.0
2026-01-31,NBL-1123,77.0,0.0,7,67.0
2026-02-07,NBL-1123,77.0,0.0,7,67.0
2026-02-14,NBL-1123,77.0,0.0,7,67.0
2026-02-21,NBL-1123,77.0,0.0,7,67.0
2026-02-28,NBL-1123,77.0,0.0,7,67.0
2026-03-07,NBL-1123,77.0,0.0,7,67.0
2026-03-14,NBL-1123,77.0,0.0,7,67.0
2026-03-21,NBL-1123,77.0,0.0,7,67.0
2026-03-28,NBL-1123,77.0,0.0,7,67.0
2026-04-04,NBL-1123,77.0,0.0,7,67.0
2026-04-11,NBL-1123,77.0,0.0,7,67.0
2026-04-18,NBL-1123,77.0,0.0,7,67.0
2026-04-25,NBL-1123,77.0,0.0,7,67.0
2026-05-02,NBL-1123,77.0,0.0,7,67.0
2026-05-09,NBL-1123,77.0,0.0,7,67.0
2026-05-16,NBL-1123,77.0,0.0,7,67.0
2026-05-23,NBL-1123,77.0,0.0,7,67.0
2026-05-30,NBL-1123,77.0,0.0,7,67.0
2026-06-06,NBL-1123,77.0,0.0,7,67.0
2026-06-13,NBL-1123,77.0,0.0,7,67.0
2026-06-20,NBL-1123,77.0,0.0,7,67.0
2026-06-27,NBL-1123,77.0,0.0,7,67.0
2026-07-04,NBL-1123,77.0,0.0,7,67.0
2026-07-11,NBL-1123,77.0,0.0,7,67.0
2024-07-13,NBL-1124,473.0,0.0,10,368.0
2024-07-20,NBL-1124,95.0,424.0,10,368.0
2024-07-27,NBL-1124,195.0,424.0,10,368.0
2024-08-03,NBL-1124,381.0,0.0,10,368.0
2024-08-10,NBL-1124,24.0,424.0,10,368.0
2024-08-17,NBL-1124,193.0,424.0,10,368.0
2024-08-24,NBL-1124,365.0,424.0,10,368.0
2024-08-31,NBL-1124,100.0,424.0,10,368.0
2024-09-07,NBL-1124,203.0,424.0,10,368.0
2024-09-14,NBL-1124,298.0,424.0,10,368.0
2024-09-21,NBL-1124,424.0,0.0,10,368.0
2024-09-28,NBL-1124,62.0,424.0,10,368.0
2024-10-05,NBL-1124,295.0,424.0,10,368.0
2024-10-12,NBL-1124,393.0,0.0,10,368.0
2024-10-19,NBL-1124,66.0,424.0,10,368.0
2024-10-26,NBL-1124,213.0,424.0,10,368.0
2024-11-02,NBL-1124,370.0,0.0,10,368.0
2024-11-09,NBL-1124,150.0,424.0,10,368.0
2024-11-16,NBL-1124,312.0,424.0,10,368.0
2024-11-23,NBL-1124,441.0,0.0,10,368.0
2024-11-30,NBL-1124,580.0,0.0,10,368.0
2024-12-07,NBL-1124,332.0,424.0,10,368.0
2024-12-14,NBL-1124,541.0,0.0,10,368.0
2024-12-21,NBL-1124,747.0,0.0,10,368.0
2024-12-28,NBL-1124,525.0,0.0,10,368.0
2025-01-04,NBL-1124,319.0,424.0,10,368.0
2025-01-11,NBL-1124,524.0,0.0,10,368.0
2025-01-18,NBL-1124,327.0,424.0,10,368.0
2025-01-25,NBL-1124,529.0,0.0,10,368.0
2025-02-01,NBL-1124,265.0,424.0,10,368.0
2025-02-08,NBL-1124,459.0,0.0,10,368.0
2025-02-15,NBL-1124,198.0,424.0,10,368.0
2025-02-22,NBL-1124,368.0,0.0,10,368.0
2025-03-01,NBL-1124,560.0,0.0,10,368.0
2025-03-08,NBL-1124,283.0,424.0,10,368.0
2025-03-15,NBL-1124,413.0,0.0,10,368.0
2025-03-22,NBL-1124,569.0,0.0,10,368.0
2025-03-29,NBL-1124,273.0,424.0,10,368.0
2025-04-05,NBL-1124,457.0,0.0,10,368.0
2025-04-12,NBL-1124,601.0,0.0,10,368.0
2025-04-19,NBL-1124,682.0,0.0,10,368.0
2025-04-26,NBL-1124,365.0,424.0,10,368.0
2025-05-03,NBL-1124,501.0,0.0,10,368.0
2025-05-10,NBL-1124,598.0,0.0,10,368.0
2025-05-17,NBL-1124,360.0,424.0,10,368.0
2025-05-24,NBL-1124,471.0,0.0,10,368.0
2025-05-31,NBL-1124,543.0,0.0,10,368.0
2025-06-07,NBL-1124,216.0,424.0,10,368.0
2025-06-14,NBL-1124,289.0,424.0,10,368.0
2025-06-21,NBL-1124,396.0,0.0,10,368.0
2025-06-28,NBL-1124,475.0,0.0,10,368.0
2025-07-05,NBL-1124,132.0,424.0,10,368.0
2025-07-12,NBL-1124,187.0,424.0,10,368.0
2025-07-19,NBL-1124,394.0,0.0,10,368.0
2025-07-26,NBL-1124,92.0,424.0,10,368.0
2025-08-02,NBL-1124,191.0,424.0,10,368.0
2025-08-09,NBL-1124,361.0,424.0,10,368.0
2025-08-16,NBL-1124,62.0,424.0,10,368.0
2025-08-23,NBL-1124,176.0,424.0,10,368.0
2025-08-30,NBL-1124,333.0,424.0,10,368.0
2025-09-06,NBL-1124,433.0,0.0,10,368.0
2025-09-13,NBL-1124,120.0,,10,368.0
2025-09-20,NBL-1124,237.0,424.0,10,368.0
2025-09-27,NBL-1124,412.0,0.0,10,368.0
2025-10-04,NBL-1124,159.0,424.0,10,368.0
2025-10-11,NBL-1124,306.0,424.0,10,368.0
2025-10-18,NBL-1124,439.0,0.0,10,368.0
2025-10-25,NBL-1124,194.0,424.0,10,368.0
2025-11-01,NBL-1124,387.0,,10,368.0
2025-11-08,NBL-1124,555.0,0.0,10,368.0
2025-11-15,NBL-1124,724.0,0.0,10,368.0
2025-11-22,NBL-1124,571.0,0.0,10,368.0
2025-11-29,NBL-1124,342.0,424.0,10,368.0
2025-12-06,NBL-1124,551.0,0.0,10,368.0
2025-12-13,NBL-1124,344.0,424.0,10,368.0
2025-12-20,NBL-1124,557.0,0.0,10,368.0
2025-12-27,NBL-1124,342.0,424.0,10,368.0
2026-01-03,NBL-1124,142.0,424.0,10,368.0
2026-01-10,NBL-1124,344.0,424.0,10,368.0
2026-01-17,NBL-1124,598.0,0.0,10,368.0
2026-01-24,NBL-1124,397.0,0.0,10,368.0
2026-01-31,NBL-1124,211.0,424.0,10,368.0
2026-02-07,NBL-1124,452.0,0.0,10,368.0
2026-02-14,NBL-1124,654.0,0.0,10,368.0
2026-02-21,NBL-1124,433.0,0.0,10,368.0
2026-02-28,NBL-1124,253.0,424.0,10,368.0
2026-03-07,NBL-1124,477.0,0.0,10,368.0
2026-03-14,NBL-1124,283.0,424.0,10,368.0
2026-03-21,NBL-1124,496.0,0.0,10,368.0
2026-03-28,NBL-1124,698.0,0.0,10,368.0
2026-04-04,NBL-1124,491.0,0.0,10,368.0
2026-04-11,NBL-1124,257.0,424.0,10,368.0
2026-04-18,NBL-1124,400.0,0.0,10,368.0
2026-04-25,NBL-1124,532.0,0.0,10,368.0
2026-05-02,NBL-1124,317.0,424.0,10,368.0
2026-05-09,NBL-1124,391.0,0.0,10,368.0
2026-05-16,NBL-1124,467.0,0.0,10,368.0
2026-05-23,NBL-1124,156.0,424.0,10,368.0
2026-05-30,NBL-1124,235.0,424.0,10,368.0
2026-06-06,NBL-1124,367.0,424.0,10,368.0
2026-06-13,NBL-1124,463.0,0.0,10,368.0
2026-06-20,NBL-1124,131.0,424.0,10,368.0
2026-06-27,NBL-1124,257.0,424.0,10,368.0
2026-07-04,NBL-1124,406.0,0.0,10,368.0
2026-07-11,NBL-1124,129.0,424.0,10,368.0
2024-07-13,NBL-1125,1341.0,0.0,28,1037.0
2024-07-20,NBL-1125,1003.0,1196.0,28,1037.0
2024-07-27,NBL-1125,622.0,1196.0,28,1037.0
2024-08-03,NBL-1125,226.0,1196.0,28,1037.0
2024-08-10,NBL-1125,1196.0,0.0,28,1037.0
2024-08-17,NBL-1125,806.0,1196.0,28,1037.0
2024-08-24,NBL-1125,481.0,1196.0,28,1037.0
2024-08-31,NBL-1125,165.0,1196.0,28,1037.0
2024-09-07,NBL-1125,1196.0,0.0,28,1037.0
2024-09-14,NBL-1125,835.0,1196.0,28,1037.0
2024-09-21,NBL-1125,502.0,1196.0,28,1037.0
2024-09-28,NBL-1125,207.0,1196.0,28,1037.0
2024-10-05,NBL-1125,1196.0,0.0,28,1037.0
2024-10-12,NBL-1125,830.0,1196.0,28,1037.0
2024-10-19,NBL-1125,478.0,1196.0,28,1037.0
2024-10-26,NBL-1125,192.0,1196.0,28,1037.0
2024-11-02,NBL-1125,1196.0,0.0,28,1037.0
2024-11-09,NBL-1125,946.0,1196.0,28,1037.0
2024-11-16,NBL-1125,706.0,1196.0,28,1037.0
2024-11-23,NBL-1125,393.0,1196.0,28,1037.0
2024-11-30,NBL-1125,1375.0,0.0,28,1037.0
2024-12-07,NBL-1125,1194.0,0.0,28,1037.0
2024-12-14,NBL-1125,1005.0,1196.0,28,1037.0
2024-12-21,NBL-1125,796.0,1196.0,28,1037.0
2024-12-28,NBL-1125,1826.0,0.0,28,1037.0
2025-01-04,NBL-1125,1601.0,0.0,28,1037.0
2025-01-11,NBL-1125,1382.0,0.0,28,1037.0
2025-01-18,NBL-1125,1164.0,0.0,28,1037.0
2025-01-25,NBL-1125,2148.0,0.0,28,1037.0
2025-02-01,NBL-1125,1942.0,0.0,28,1037.0
2025-02-08,NBL-1125,1748.0,0.0,28,1037.0
2025-02-15,NBL-1125,1540.0,0.0,28,1037.0
2025-02-22,NBL-1125,1302.0,0.0,28,1037.0
2025-03-01,NBL-1125,1046.0,0.0,28,1037.0
2025-03-08,NBL-1125,845.0,1196.0,28,1037.0
2025-03-15,NBL-1125,656.0,1196.0,28,1037.0
2025-03-22,NBL-1125,1561.0,0.0,28,1037.0
2025-03-29,NBL-1125,1317.0,0.0,28,1037.0
2025-04-05,NBL-1125,1071.0,0.0,28,1037.0
2025-04-12,NBL-1125,761.0,1196.0,28,1037.0
2025-04-19,NBL-1125,1699.0,0.0,28,1037.0
2025-04-26,NBL-1125,1432.0,0.0,28,1037.0
2025-05-03,NBL-1125,1091.0,0.0,28,1037.0
2025-05-10,NBL-1125,836.0,1196.0,28,1037.0
2025-05-17,NBL-1125,1705.0,0.0,28,1037.0
2025-05-24,NBL-1125,1371.0,0.0,28,1037.0
2025-05-31,NBL-1125,1073.0,0.0,28,1037.0
2025-06-07,NBL-1125,730.0,1196.0,28,1037.0
2025-06-14,NBL-1125,1630.0,0.0,28,1037.0
2025-06-21,NBL-1125,1273.0,0.0,28,1037.0
2025-06-28,NBL-1125,914.0,1196.0,28,1037.0
2025-07-05,NBL-1125,588.0,1196.0,28,1037.0
2025-07-12,NBL-1125,1426.0,0.0,28,1037.0
2025-07-19,NBL-1125,1072.0,0.0,28,1037.0
2025-07-26,NBL-1125,729.0,1196.0,28,1037.0
2025-08-02,NBL-1125,352.0,1196.0,28,1037.0
2025-08-09,NBL-1125,1196.0,0.0,28,1037.0
2025-08-16,NBL-1125,808.0,1196.0,28,1037.0
2025-08-23,NBL-1125,464.0,1196.0,28,1037.0
2025-08-30,NBL-1125,154.0,1196.0,28,1037.0
2025-09-06,NBL-1125,1196.0,0.0,28,1037.0
2025-09-13,NBL-1125,887.0,1196.0,28,1037.0
2025-09-20,NBL-1125,531.0,1196.0,28,1037.0
2025-09-27,NBL-1125,250.0,1196.0,28,1037.0
2025-10-04,NBL-1125,1196.0,0.0,28,1037.0
2025-10-11,NBL-1125,917.0,1196.0,28,1037.0
2025-10-18,NBL-1125,596.0,1196.0,28,1037.0
2025-10-25,NBL-1125,359.0,1196.0,28,1037.0
2025-11-01,NBL-1125,1246.0,0.0,28,1037.0
2025-11-08,NBL-1125,1038.0,0.0,28,1037.0
2025-11-15,NBL-1125,810.0,1196.0,28,1037.0
2025-11-22,NBL-1125,515.0,1196.0,28,1037.0
2025-11-29,NBL-1125,1480.0,0.0,28,1037.0
2025-12-06,NBL-1125,1312.0,0.0,28,1037.0
2025-12-13,NBL-1125,1029.0,1196.0,28,1037.0
2025-12-20,NBL-1125,855.0,1196.0,28,1037.0
2025-12-27,NBL-1125,1852.0,0.0,28,1037.0
2026-01-03,NBL-1125,1703.0,0.0,28,1037.0
2026-01-10,NBL-1125,1541.0,0.0,28,1037.0
2026-01-17,NBL-1125,1338.0,0.0,28,1037.0
2026-01-24,NBL-1125,1145.0,0.0,28,1037.0
2026-01-31,NBL-1125,934.0,1196.0,28,1037.0
2026-02-07,NBL-1125,734.0,1196.0,28,1037.0
2026-02-14,NBL-1125,567.0,,28,1037.0
2026-02-21,NBL-1125,1614.0,0.0,28,1037.0
2026-02-28,NBL-1125,1406.0,0.0,28,1037.0
2026-03-07,NBL-1125,1205.0,0.0,28,1037.0
2026-03-14,NBL-1125,938.0,1196.0,28,1037.0
2026-03-21,NBL-1125,1860.0,0.0,28,1037.0
2026-03-28,NBL-1125,1570.0,0.0,28,1037.0
2026-04-04,NBL-1125,1331.0,0.0,28,1037.0
2026-04-11,NBL-1125,1066.0,0.0,28,1037.0
2026-04-18,NBL-1125,1978.0,0.0,28,1037.0
2026-04-25,NBL-1125,1786.0,0.0,28,1037.0
2026-05-02,NBL-1125,1444.0,0.0,28,1037.0
2026-05-09,NBL-1125,1124.0,0.0,28,1037.0
2026-05-16,NBL-1125,2038.0,0.0,28,1037.0
2026-05-23,NBL-1125,1709.0,0.0,28,1037.0
2026-05-30,NBL-1125,1392.0,0.0,28,1037.0
2026-06-06,NBL-1125,1106.0,0.0,28,1037.0
2026-06-13,NBL-1125,2023.0,0.0,28,1037.0
2026-06-20,NBL-1125,1728.0,0.0,28,1037.0
2026-06-27,NBL-1125,1381.0,0.0,28,1037.0
2026-07-04,NBL-1125,1022.0,1196.0,28,1037.0
2026-07-11,NBL-1125,1932.0,0.0,28,1037.0
2024-07-13,NBL-1126,210.0,,7,151.0
2024-07-20,NBL-1126,191.0,0.0,7,151.0
2024-07-27,NBL-1126,174.0,0.0,7,151.0
2024-08-03,NBL-1126,174.0,0.0,7,151.0
2024-08-10,NBL-1126,174.0,0.0,7,151.0
2024-08-17,NBL-1126,174.0,0.0,7,151.0
2024-08-24,NBL-1126,174.0,0.0,7,151.0
2024-08-31,NBL-1126,174.0,0.0,7,151.0
2024-09-07,NBL-1126,174.0,0.0,7,151.0
2024-09-14,NBL-1126,174.0,0.0,7,151.0
2024-09-21,NBL-1126,174.0,0.0,7,151.0
2024-09-28,NBL-1126,174.0,0.0,7,151.0
2024-10-05,NBL-1126,174.0,0.0,7,151.0
2024-10-12,NBL-1126,174.0,0.0,7,151.0
2024-10-19,NBL-1126,187.0,0.0,7,151.0
2024-10-26,NBL-1126,182.0,0.0,7,151.0
2024-11-02,NBL-1126,180.0,0.0,7,151.0
2024-11-09,NBL-1126,192.0,0.0,7,151.0
2024-11-16,NBL-1126,228.0,0.0,7,151.0
2024-11-23,NBL-1126,217.0,0.0,7,151.0
2024-11-30,NBL-1126,214.0,0.0,7,151.0
2024-12-07,NBL-1126,262.0,0.0,7,151.0
2024-12-14,NBL-1126,286.0,0.0,7,151.0
2024-12-21,NBL-1126,165.0,0.0,7,151.0
2024-12-28,NBL-1126,209.0,0.0,7,151.0
2025-01-04,NBL-1126,250.0,0.0,7,151.0
2025-01-11,NBL-1126,299.0,0.0,7,151.0
2025-01-18,NBL-1126,313.0,0.0,7,151.0
2025-01-25,NBL-1126,163.0,0.0,7,151.0
2025-02-01,NBL-1126,193.0,0.0,7,151.0
2025-02-08,NBL-1126,220.0,0.0,7,151.0
2025-02-15,NBL-1126,210.0,0.0,7,151.0
2025-02-22,NBL-1126,229.0,0.0,7,151.0
2025-03-01,NBL-1126,253.0,0.0,7,151.0
2025-03-08,NBL-1126,273.0,0.0,7,151.0
2025-03-15,NBL-1126,288.0,0.0,7,151.0
2025-03-22,NBL-1126,247.0,0.0,7,151.0
2025-03-29,NBL-1126,229.0,0.0,7,151.0
2025-04-05,NBL-1126,194.0,0.0,7,151.0
2025-04-12,NBL-1126,178.0,0.0,7,151.0
2025-04-19,NBL-1126,174.0,0.0,7,151.0
2025-04-26,NBL-1126,178.0,0.0,7,151.0
2025-05-03,NBL-1126,174.0,0.0,7,151.0
2025-05-10,NBL-1126,174.0,0.0,7,151.0
2025-05-17,NBL-1126,174.0,0.0,7,151.0
2025-05-24,NBL-1126,174.0,0.0,7,151.0
2025-05-31,NBL-1126,174.0,0.0,7,151.0
2025-06-07,NBL-1126,174.0,0.0,7,151.0
2025-06-14,NBL-1126,174.0,0.0,7,151.0
2025-06-21,NBL-1126,174.0,0.0,7,151.0
2025-06-28,NBL-1126,174.0,0.0,7,151.0
2025-07-05,NBL-1126,174.0,0.0,7,151.0
2025-07-12,NBL-1126,174.0,0.0,7,151.0
2025-07-19,NBL-1126,174.0,0.0,7,151.0
2025-07-26,NBL-1126,174.0,0.0,7,151.0
2025-08-02,NBL-1126,174.0,0.0,7,151.0
2025-08-09,NBL-1126,174.0,0.0,7,151.0
2025-08-16,NBL-1126,174.0,0.0,7,151.0
2025-08-23,NBL-1126,174.0,0.0,7,151.0
2025-08-30,NBL-1126,174.0,,7,151.0
2025-09-06,NBL-1126,174.0,0.0,7,151.0
2025-09-13,NBL-1126,174.0,0.0,7,151.0
2025-09-20,NBL-1126,174.0,0.0,7,151.0
2025-09-27,NBL-1126,174.0,0.0,7,151.0
2025-10-04,NBL-1126,174.0,0.0,7,151.0
2025-10-11,NBL-1126,174.0,0.0,7,151.0
2025-10-18,NBL-1126,174.0,0.0,7,151.0
2025-10-25,NBL-1126,174.0,0.0,7,151.0
2025-11-01,NBL-1126,174.0,0.0,7,151.0
2025-11-08,NBL-1126,176.0,0.0,7,151.0
2025-11-15,NBL-1126,174.0,0.0,7,151.0
2025-11-22,NBL-1126,185.0,0.0,7,151.0
2025-11-29,NBL-1126,174.0,0.0,7,151.0
2025-12-06,NBL-1126,209.0,0.0,7,151.0
2025-12-13,NBL-1126,229.0,0.0,7,151.0
2025-12-20,NBL-1126,246.0,0.0,7,151.0
2025-12-27,NBL-1126,253.0,0.0,7,151.0
2026-01-03,NBL-1126,260.0,0.0,7,151.0
2026-01-10,NBL-1126,259.0,0.0,7,151.0
2026-01-17,NBL-1126,271.0,0.0,7,151.0
2026-01-24,NBL-1126,271.0,0.0,7,151.0
2026-01-31,NBL-1126,247.0,0.0,7,151.0
2026-02-07,NBL-1126,257.0,0.0,7,151.0
2026-02-14,NBL-1126,275.0,0.0,7,151.0
2026-02-21,NBL-1126,287.0,0.0,7,151.0
2026-02-28,NBL-1126,272.0,0.0,7,151.0
2026-03-07,NBL-1126,268.0,0.0,7,151.0
2026-03-14,NBL-1126,264.0,0.0,7,151.0
2026-03-21,NBL-1126,239.0,0.0,7,151.0
2026-03-28,NBL-1126,222.0,0.0,7,151.0
2026-04-04,NBL-1126,177.0,0.0,7,151.0
2026-04-11,NBL-1126,174.0,0.0,7,151.0
2026-04-18,NBL-1126,174.0,0.0,7,151.0
2026-04-25,NBL-1126,174.0,0.0,7,151.0
2026-05-02,NBL-1126,174.0,0.0,7,151.0
2026-05-09,NBL-1126,174.0,0.0,7,151.0
2026-05-16,NBL-1126,174.0,0.0,7,151.0
2026-05-23,NBL-1126,174.0,0.0,7,151.0
2026-05-30,NBL-1126,174.0,0.0,7,151.0
2026-06-06,NBL-1126,174.0,0.0,7,151.0
2026-06-13,NBL-1126,174.0,0.0,7,151.0
2026-06-20,NBL-1126,174.0,0.0,7,151.0
2026-06-27,NBL-1126,174.0,0.0,7,151.0
2026-07-04,NBL-1126,174.0,0.0,7,151.0
2026-07-11,NBL-1126,174.0,0.0,7,151.0
2024-07-13,NBL-1127,408.0,0.0,21,313.0
2024-07-20,NBL-1127,267.0,362.0,21,313.0
2024-07-27,NBL-1127,143.0,362.0,21,313.0
2024-08-03,NBL-1127,382.0,0.0,21,313.0
2024-08-10,NBL-1127,243.0,362.0,21,313.0
2024-08-17,NBL-1127,90.0,362.0,21,313.0
2024-08-24,NBL-1127,362.0,0.0,21,313.0
2024-08-31,NBL-1127,218.0,362.0,21,313.0
2024-09-07,NBL-1127,65.0,362.0,21,313.0
2024-09-14,NBL-1127,362.0,0.0,21,313.0
2024-09-21,NBL-1127,210.0,362.0,21,313.0
2024-09-28,NBL-1127,75.0,362.0,21,313.0
2024-10-05,NBL-1127,362.0,0.0,21,313.0
2024-10-12,NBL-1127,257.0,362.0,21,313.0
2024-10-19,NBL-1127,101.0,362.0,21,313.0
2024-10-26,NBL-1127,362.0,0.0,21,313.0
2024-11-02,NBL-1127,241.0,362.0,21,313.0
2024-11-09,NBL-1127,125.0,362.0,21,313.0
2024-11-16,NBL-1127,363.0,0.0,21,313.0
2024-11-23,NBL-1127,231.0,362.0,21,313.0
2024-11-30,NBL-1127,103.0,362.0,21,313.0
2024-12-07,NBL-1127,362.0,0.0,21,313.0
2024-12-14,NBL-1127,225.0,362.0,21,313.0
2024-12-21,NBL-1127,88.0,362.0,21,313.0
2024-12-28,NBL-1127,362.0,0.0,21,313.0
2025-01-04,NBL-1127,260.0,362.0,21,313.0
2025-01-11,NBL-1127,136.0,362.0,21,313.0
2025-01-18,NBL-1127,362.0,0.0,21,313.0
2025-01-25,NBL-1127,242.0,362.0,21,313.0
2025-02-01,NBL-1127,94.0,362.0,21,313.0
2025-02-08,NBL-1127,362.0,0.0,21,313.0
2025-02-15,NBL-1127,237.0,362.0,21,313.0
2025-02-22,NBL-1127,102.0,362.0,21,313.0
2025-03-01,NBL-1127,362.0,0.0,21,313.0
2025-03-08,NBL-1127,248.0,362.0,21,313.0
2025-03-15,NBL-1127,134.0,362.0,21,313.0
2025-03-22,NBL-1127,362.0,0.0,21,313.0
2025-03-29,NBL-1127,234.0,362.0,21,313.0
2025-04-05,NBL-1127,63.0,362.0,21,313.0
2025-04-12,NBL-1127,362.0,0.0,21,313.0
2025-04-19,NBL-1127,226.0,362.0,21,313.0
2025-04-26,NBL-1127,68.0,362.0,21,313.0
2025-05-03,NBL-1127,362.0,0.0,21,313.0
2025-05-10,NBL-1127,172.0,362.0,21,313.0
2025-05-17,NBL-1127,3.0,362.0,21,313.0
2025-05-24,NBL-1127,362.0,0.0,21,313.0
2025-05-31,NBL-1127,175.0,362.0,21,313.0
2025-06-07,NBL-1127,0.0,362.0,21,313.0
2025-06-14,NBL-1127,362.0,0.0,21,313.0
2025-06-21,NBL-1127,176.0,362.0,21,313.0
2025-06-28,NBL-1127,0.0,362.0,21,313.0
2025-07-05,NBL-1127,362.0,0.0,21,313.0
2025-07-12,NBL-1127,126.0,362.0,21,313.0
2025-07-19,NBL-1127,0.0,362.0,21,313.0
2025-07-26,NBL-1127,362.0,0.0,21,313.0
2025-08-02,NBL-1127,167.0,362.0,21,313.0
2025-08-09,NBL-1127,0.0,362.0,21,313.0
2025-08-16,NBL-1127,362.0,0.0,21,313.0
2025-08-23,NBL-1127,135.0,362.0,21,313.0
2025-08-30,NBL-1127,0.0,362.0,21,313.0
2025-09-06,NBL-1127,362.0,0.0,21,313.0
2025-09-13,NBL-1127,217.0,362.0,21,313.0
2025-09-20,NBL-1127,24.0,362.0,21,313.0
2025-09-27,NBL-1127,362.0,0.0,21,313.0
2025-10-04,NBL-1127,187.0,362.0,21,313.0
2025-10-11,NBL-1127,15.0,362.0,21,313.0
2025-10-18,NBL-1127,362.0,0.0,21,313.0
2025-10-25,NBL-1127,177.0,362.0,21,313.0
2025-11-01,NBL-1127,0.0,362.0,21,313.0
2025-11-08,NBL-1127,362.0,0.0,21,313.0
2025-11-15,NBL-1127,217.0,362.0,21,313.0
2025-11-22,NBL-1127,41.0,362.0,21,313.0
2025-11-29,NBL-1127,362.0,0.0,21,313.0
2025-12-06,NBL-1127,191.0,362.0,21,313.0
2025-12-13,NBL-1127,0.0,362.0,21,313.0
2025-12-20,NBL-1127,362.0,0.0,21,313.0
2025-12-27,NBL-1127,200.0,362.0,21,313.0
2026-01-03,NBL-1127,42.0,362.0,21,313.0
2026-01-10,NBL-1127,362.0,0.0,21,313.0
2026-01-17,NBL-1127,177.0,362.0,21,313.0
2026-01-24,NBL-1127,21.0,362.0,21,313.0
2026-01-31,NBL-1127,362.0,0.0,21,313.0
2026-02-07,NBL-1127,196.0,362.0,21,313.0
2026-02-14,NBL-1127,12.0,,21,313.0
2026-02-21,NBL-1127,362.0,0.0,21,313.0
2026-02-28,NBL-1127,185.0,362.0,21,313.0
2026-03-07,NBL-1127,10.0,362.0,21,313.0
2026-03-14,NBL-1127,362.0,0.0,21,313.0
2026-03-21,NBL-1127,193.0,362.0,21,313.0
2026-03-28,NBL-1127,0.0,362.0,21,313.0
2026-04-04,NBL-1127,362.0,0.0,21,313.0
2026-04-11,NBL-1127,179.0,362.0,21,313.0
2026-04-18,NBL-1127,38.0,362.0,21,313.0
2026-04-25,NBL-1127,362.0,0.0,21,313.0
2026-05-02,NBL-1127,180.0,362.0,21,313.0
2026-05-09,NBL-1127,0.0,362.0,21,313.0
2026-05-16,NBL-1127,362.0,0.0,21,313.0
2026-05-23,NBL-1127,96.0,362.0,21,313.0
2026-05-30,NBL-1127,0.0,362.0,21,313.0
2026-06-06,NBL-1127,362.0,0.0,21,313.0
2026-06-13,NBL-1127,88.0,362.0,21,313.0
2026-06-20,NBL-1127,0.0,362.0,21,313.0
2026-06-27,NBL-1127,362.0,0.0,21,313.0
2026-07-04,NBL-1127,78.0,362.0,21,313.0
2026-07-11,NBL-1127,0.0,362.0,21,313.0
2024-07-13,NBL-1128,1447.0,0.0,21,1033.0
2024-07-20,NBL-1128,956.0,1192.0,21,1033.0
2024-07-27,NBL-1128,507.0,1192.0,21,1033.0
2024-08-03,NBL-1128,1233.0,0.0,21,1033.0
2024-08-10,NBL-1128,783.0,1192.0,21,1033.0
2024-08-17,NBL-1128,352.0,1192.0,21,1033.0
2024-08-24,NBL-1128,1192.0,0.0,21,1033.0
2024-08-31,NBL-1128,649.0,1192.0,21,1033.0
2024-09-07,NBL-1128,94.0,1192.0,21,1033.0
2024-09-14,NBL-1128,1192.0,0.0,21,1033.0
2024-09-21,NBL-1128,831.0,1192.0,21,1033.0
2024-09-28,NBL-1128,360.0,1192.0,21,1033.0
2024-10-05,NBL-1128,1192.0,0.0,21,1033.0
2024-10-12,NBL-1128,805.0,1192.0,21,1033.0
2024-10-19,NBL-1128,369.0,1192.0,21,1033.0
2024-10-26,NBL-1128,1192.0,0.0,21,1033.0
2024-11-02,NBL-1128,706.0,1192.0,21,1033.0
2024-11-09,NBL-1128,343.0,1192.0,21,1033.0
2024-11-16,NBL-1128,1192.0,0.0,21,1033.0
2024-11-23,NBL-1128,782.0,1192.0,21,1033.0
2024-11-30,NBL-1128,379.0,1192.0,21,1033.0
2024-12-07,NBL-1128,1192.0,0.0,21,1033.0
2024-12-14,NBL-1128,727.0,1192.0,21,1033.0
2024-12-21,NBL-1128,268.0,1192.0,21,1033.0
2024-12-28,NBL-1128,1192.0,0.0,21,1033.0
2025-01-04,NBL-1128,787.0,1192.0,21,1033.0
2025-01-11,NBL-1128,324.0,1192.0,21,1033.0
2025-01-18,NBL-1128,1192.0,0.0,21,1033.0
2025-01-25,NBL-1128,705.0,1192.0,21,1033.0
2025-02-01,NBL-1128,269.0,1192.0,21,1033.0
2025-02-08,NBL-1128,1192.0,0.0,21,1033.0
2025-02-15,NBL-1128,771.0,1192.0,21,1033.0
2025-02-22,NBL-1128,335.0,1192.0,21,1033.0
2025-03-01,NBL-1128,1192.0,0.0,21,1033.0
2025-03-08,NBL-1128,802.0,1192.0,21,1033.0
2025-03-15,NBL-1128,347.0,1192.0,21,1033.0
2025-03-22,NBL-1128,1192.0,0.0,21,1033.0
2025-03-29,NBL-1128,711.0,1192.0,21,1033.0
2025-04-05,NBL-1128,336.0,1192.0,21,1033.0
2025-04-12,NBL-1128,1192.0,0.0,21,1033.0
2025-04-19,NBL-1128,585.0,1192.0,21,1033.0
2025-04-26,NBL-1128,38.0,1192.0,21,1033.0
2025-05-03,NBL-1128,1192.0,0.0,21,1033.0
2025-05-10,NBL-1128,682.0,1192.0,21,1033.0
2025-05-17,NBL-1128,47.0,1192.0,21,1033.0
2025-05-24,NBL-1128,1192.0,0.0,21,1033.0
2025-05-31,NBL-1128,575.0,1192.0,21,1033.0
2025-06-07,NBL-1128,0.0,1192.0,21,1033.0
2025-06-14,NBL-1128,1192.0,0.0,21,1033.0
2025-06-21,NBL-1128,460.0,1192.0,21,1033.0
2025-06-28,NBL-1128,0.0,1192.0,21,1033.0
2025-07-05,NBL-1128,1192.0,0.0,21,1033.0
2025-07-12,NBL-1128,519.0,1192.0,21,1033.0
2025-07-19,NBL-1128,0.0,1192.0,21,1033.0
2025-07-26,NBL-1128,1192.0,0.0,21,1033.0
2025-08-02,NBL-1128,553.0,1192.0,21,1033.0
2025-08-09,NBL-1128,0.0,1192.0,21,1033.0
2025-08-16,NBL-1128,1192.0,0.0,21,1033.0
2025-08-23,NBL-1128,556.0,1192.0,21,1033.0
2025-08-30,NBL-1128,0.0,1192.0,21,1033.0
2025-09-06,NBL-1128,1192.0,0.0,21,1033.0
2025-09-13,NBL-1128,566.0,1192.0,21,1033.0
2025-09-20,NBL-1128,0.0,1192.0,21,1033.0
2025-09-27,NBL-1128,1192.0,0.0,21,1033.0
2025-10-04,NBL-1128,610.0,1192.0,21,1033.0
2025-10-11,NBL-1128,66.0,1192.0,21,1033.0
2025-10-18,NBL-1128,1192.0,0.0,21,1033.0
2025-10-25,NBL-1128,609.0,1192.0,21,1033.0
2025-11-01,NBL-1128,0.0,1192.0,21,1033.0
2025-11-08,NBL-1128,1192.0,0.0,21,1033.0
2025-11-15,NBL-1128,608.0,1192.0,21,1033.0
2025-11-22,NBL-1128,5.0,1192.0,21,1033.0
2025-11-29,NBL-1128,1192.0,0.0,21,1033.0
2025-12-06,NBL-1128,725.0,1192.0,21,1033.0
2025-12-13,NBL-1128,231.0,1192.0,21,1033.0
2025-12-20,NBL-1128,1192.0,0.0,21,1033.0
2025-12-27,NBL-1128,607.0,1192.0,21,1033.0
2026-01-03,NBL-1128,0.0,1192.0,21,1033.0
2026-01-10,NBL-1128,1192.0,0.0,21,1033.0
2026-01-17,NBL-1128,651.0,1192.0,21,1033.0
2026-01-24,NBL-1128,125.0,1192.0,21,1033.0
2026-01-31,NBL-1128,1192.0,0.0,21,1033.0
2026-02-07,NBL-1128,635.0,1192.0,21,1033.0
2026-02-14,NBL-1128,82.0,1192.0,21,1033.0
2026-02-21,NBL-1128,1192.0,0.0,21,1033.0
2026-02-28,NBL-1128,586.0,1192.0,21,1033.0
2026-03-07,NBL-1128,23.0,1192.0,21,1033.0
2026-03-14,NBL-1128,1192.0,0.0,21,1033.0
2026-03-21,NBL-1128,637.0,1192.0,21,1033.0
2026-03-28,NBL-1128,21.0,1192.0,21,1033.0
2026-04-04,NBL-1128,1192.0,0.0,21,1033.0
2026-04-11,NBL-1128,501.0,1192.0,21,1033.0
2026-04-18,NBL-1128,0.0,1192.0,21,1033.0
2026-04-25,NBL-1128,1192.0,0.0,21,1033.0
2026-05-02,NBL-1128,416.0,1192.0,21,1033.0
2026-05-09,NBL-1128,0.0,1192.0,21,1033.0
2026-05-16,NBL-1128,1192.0,0.0,21,1033.0
2026-05-23,NBL-1128,393.0,,21,1033.0
2026-05-30,NBL-1128,0.0,1192.0,21,1033.0
2026-06-06,NBL-1128,1192.0,0.0,21,1033.0
2026-06-13,NBL-1128,313.0,1192.0,21,1033.0
2026-06-20,NBL-1128,0.0,1192.0,21,1033.0
2026-06-27,NBL-1128,1192.0,0.0,21,1033.0
2026-07-04,NBL-1128,350.0,1192.0,21,1033.0
2026-07-11,NBL-1128,0.0,1192.0,21,1033.0
2024-07-13,NBL-1129,297.0,0.0,14,116.0
2024-07-20,NBL-1129,282.0,0.0,14,116.0
2024-07-27,NBL-1129,271.0,0.0,14,116.0
2024-08-03,NBL-1129,255.0,0.0,14,116.0
2024-08-10,NBL-1129,244.0,0.0,14,116.0
2024-08-17,NBL-1129,233.0,0.0,14,116.0
2024-08-24,NBL-1129,223.0,0.0,14,116.0
2024-08-31,NBL-1129,210.0,0.0,14,116.0
2024-09-07,NBL-1129,205.0,0.0,14,116.0
2024-09-14,NBL-1129,199.0,0.0,14,116.0
2024-09-21,NBL-1129,189.0,0.0,14,116.0
2024-09-28,NBL-1129,184.0,0.0,14,116.0
2024-10-05,NBL-1129,180.0,0.0,14,116.0
2024-10-12,NBL-1129,167.0,0.0,14,116.0
2024-10-19,NBL-1129,164.0,0.0,14,116.0
2024-10-26,NBL-1129,162.0,0.0,14,116.0
2024-11-02,NBL-1129,152.0,0.0,14,116.0
2024-11-09,NBL-1129,145.0,0.0,14,116.0
2024-11-16,NBL-1129,139.0,0.0,14,116.0
2024-11-23,NBL-1129,137.0,0.0,14,116.0
2024-11-30,NBL-1129,132.0,0.0,14,116.0
2024-12-07,NBL-1129,124.0,0.0,14,116.0
2024-12-14,NBL-1129,121.0,0.0,14,116.0
2024-12-21,NBL-1129,118.0,0.0,14,116.0
2024-12-28,NBL-1129,247.0,0.0,14,116.0
2025-01-04,NBL-1129,240.0,0.0,14,116.0
2025-01-11,NBL-1129,233.0,0.0,14,116.0
2025-01-18,NBL-1129,228.0,0.0,14,116.0
2025-01-25,NBL-1129,225.0,0.0,14,116.0
2025-02-01,NBL-1129,219.0,0.0,14,116.0
2025-02-08,NBL-1129,217.0,0.0,14,116.0
2025-02-15,NBL-1129,215.0,0.0,14,116.0
2025-02-22,NBL-1129,215.0,0.0,14,116.0
2025-03-01,NBL-1129,204.0,0.0,14,116.0
2025-03-08,NBL-1129,196.0,0.0,14,116.0
2025-03-15,NBL-1129,187.0,0.0,14,116.0
2025-03-22,NBL-1129,178.0,0.0,14,116.0
2025-03-29,NBL-1129,174.0,0.0,14,116.0
2025-04-05,NBL-1129,168.0,0.0,14,116.0
2025-04-12,NBL-1129,160.0,0.0,14,116.0
2025-04-19,NBL-1129,150.0,0.0,14,116.0
2025-04-26,NBL-1129,136.0,0.0,14,116.0
2025-05-03,NBL-1129,125.0,0.0,14,116.0
2025-05-10,NBL-1129,106.0,134.0,14,116.0
2025-05-17,NBL-1129,233.0,0.0,14,116.0
2025-05-24,NBL-1129,228.0,0.0,14,116.0
2025-05-31,NBL-1129,219.0,0.0,14,116.0
2025-06-07,NBL-1129,204.0,0.0,14,116.0
2025-06-14,NBL-1129,197.0,0.0,14,116.0
2025-06-21,NBL-1129,190.0,0.0,14,116.0
2025-06-28,NBL-1129,179.0,0.0,14,116.0
2025-07-05,NBL-1129,170.0,0.0,14,116.0
2025-07-12,NBL-1129,157.0,0.0,14,116.0
2025-07-19,NBL-1129,150.0,0.0,14,116.0
2025-07-26,NBL-1129,134.0,0.0,14,116.0
2025-08-02,NBL-1129,125.0,0.0,14,116.0
2025-08-09,NBL-1129,118.0,0.0,14,116.0
2025-08-16,NBL-1129,108.0,134.0,14,116.0
2025-08-23,NBL-1129,233.0,0.0,14,116.0
2025-08-30,NBL-1129,219.0,0.0,14,116.0
2025-09-06,NBL-1129,206.0,0.0,14,116.0
2025-09-13,NBL-1129,202.0,0.0,14,116.0
2025-09-20,NBL-1129,197.0,0.0,14,116.0
2025-09-27,NBL-1129,189.0,0.0,14,116.0
2025-10-04,NBL-1129,178.0,0.0,14,116.0
2025-10-11,NBL-1129,167.0,0.0,14,116.0
2025-10-18,NBL-1129,159.0,0.0,14,116.0
2025-10-25,NBL-1129,152.0,0.0,14,116.0
2025-11-01,NBL-1129,143.0,0.0,14,116.0
2025-11-08,NBL-1129,142.0,0.0,14,116.0
2025-11-15,NBL-1129,138.0,0.0,14,116.0
2025-11-22,NBL-1129,135.0,0.0,14,116.0
2025-11-29,NBL-1129,124.0,0.0,14,116.0
2025-12-06,NBL-1129,123.0,0.0,14,116.0
2025-12-13,NBL-1129,118.0,0.0,14,116.0
2025-12-20,NBL-1129,116.0,0.0,14,116.0
2025-12-27,NBL-1129,245.0,0.0,14,116.0
2026-01-03,NBL-1129,237.0,0.0,14,116.0
2026-01-10,NBL-1129,233.0,0.0,14,116.0
2026-01-17,NBL-1129,223.0,0.0,14,116.0
2026-01-24,NBL-1129,219.0,0.0,14,116.0
2026-01-31,NBL-1129,215.0,0.0,14,116.0
2026-02-07,NBL-1129,213.0,0.0,14,116.0
2026-02-14,NBL-1129,210.0,0.0,14,116.0
2026-02-21,NBL-1129,208.0,0.0,14,116.0
2026-02-28,NBL-1129,203.0,0.0,14,116.0
2026-03-07,NBL-1129,195.0,0.0,14,116.0
2026-03-14,NBL-1129,192.0,0.0,14,116.0
2026-03-21,NBL-1129,186.0,0.0,14,116.0
2026-03-28,NBL-1129,184.0,0.0,14,116.0
2026-04-04,NBL-1129,171.0,0.0,14,116.0
2026-04-11,NBL-1129,164.0,0.0,14,116.0
2026-04-18,NBL-1129,156.0,0.0,14,116.0
2026-04-25,NBL-1129,146.0,0.0,14,116.0
2026-05-02,NBL-1129,140.0,0.0,14,116.0
2026-05-09,NBL-1129,129.0,0.0,14,116.0
2026-05-16,NBL-1129,118.0,0.0,14,116.0
2026-05-23,NBL-1129,104.0,134.0,14,116.0
2026-05-30,NBL-1129,229.0,0.0,14,116.0
2026-06-06,NBL-1129,222.0,0.0,14,116.0
2026-06-13,NBL-1129,215.0,0.0,14,116.0
2026-06-20,NBL-1129,201.0,0.0,14,116.0
2026-06-27,NBL-1129,192.0,0.0,14,116.0
2026-07-04,NBL-1129,185.0,0.0,14,116.0
2026-07-11,NBL-1129,180.0,0.0,14,116.0
2024-07-13,NBL-1130,388.0,0.0,7,95.0
2024-07-20,NBL-1130,247.0,0.0,7,95.0
2024-07-27,NBL-1130,118.0,0.0,7,95.0
2024-08-03,NBL-1130,110.0,0.0,7,95.0
2024-08-10,NBL-1130,110.0,0.0,7,95.0
2024-08-17,NBL-1130,110.0,0.0,7,95.0
2024-08-24,NBL-1130,110.0,0.0,7,95.0
2024-08-31,NBL-1130,110.0,0.0,7,95.0
2024-09-07,NBL-1130,116.0,0.0,7,95.0
2024-09-14,NBL-1130,114.0,0.0,7,95.0
2024-09-21,NBL-1130,115.0,0.0,7,95.0
2024-09-28,NBL-1130,132.0,0.0,7,95.0
2024-10-05,NBL-1130,118.0,0.0,7,95.0
2024-10-12,NBL-1130,110.0,0.0,7,95.0
2024-10-19,NBL-1130,126.0,0.0,7,95.0
2024-10-26,NBL-1130,150.0,0.0,7,95.0
2024-11-02,NBL-1130,158.0,0.0,7,95.0
2024-11-09,NBL-1130,155.0,0.0,7,95.0
2024-11-16,NBL-1130,167.0,0.0,7,95.0
2024-11-23,NBL-1130,96.0,0.0,7,95.0
2024-11-30,NBL-1130,114.0,0.0,7,95.0
2024-12-07,NBL-1130,161.0,0.0,7,95.0
2024-12-14,NBL-1130,177.0,0.0,7,95.0
2024-12-21,NBL-1130,107.0,0.0,7,95.0
2024-12-28,NBL-1130,161.0,0.0,7,95.0
2025-01-04,NBL-1130,196.0,0.0,7,95.0
2025-01-11,NBL-1130,112.0,0.0,7,95.0
2025-01-18,NBL-1130,159.0,0.0,7,95.0
2025-01-25,NBL-1130,184.0,0.0,7,95.0
2025-02-01,NBL-1130,128.0,0.0,7,95.0
2025-02-08,NBL-1130,150.0,0.0,7,95.0
2025-02-15,NBL-1130,161.0,0.0,7,95.0
2025-02-22,NBL-1130,197.0,0.0,7,95.0
2025-03-01,NBL-1130,141.0,0.0,7,95.0
2025-03-08,NBL-1130,163.0,0.0,7,95.0
2025-03-15,NBL-1130,200.0,0.0,7,95.0
2025-03-22,NBL-1130,97.0,0.0,7,95.0
2025-03-29,NBL-1130,129.0,0.0,7,95.0
2025-04-05,NBL-1130,141.0,0.0,7,95.0
2025-04-12,NBL-1130,157.0,0.0,7,95.0
2025-04-19,NBL-1130,159.0,0.0,7,95.0
2025-04-26,NBL-1130,170.0,0.0,7,95.0
2025-05-03,NBL-1130,169.0,0.0,7,95.0
2025-05-10,NBL-1130,172.0,0.0,7,95.0
2025-05-17,NBL-1130,171.0,0.0,7,95.0
2025-05-24,NBL-1130,168.0,0.0,7,95.0
2025-05-31,NBL-1130,187.0,0.0,7,95.0
2025-06-07,NBL-1130,195.0,0.0,7,95.0
2025-06-14,NBL-1130,101.0,0.0,7,95.0
2025-06-21,NBL-1130,110.0,0.0,7,95.0
2025-06-28,NBL-1130,115.0,0.0,7,95.0
2025-07-05,NBL-1130,116.0,0.0,7,95.0
2025-07-12,NBL-1130,132.0,0.0,7,95.0
2025-07-19,NBL-1130,133.0,0.0,7,95.0
2025-07-26,NBL-1130,155.0,0.0,7,95.0
2025-08-02,NBL-1130,155.0,0.0,7,95.0
2025-08-09,NBL-1130,178.0,0.0,7,95.0
2025-08-16,NBL-1130,177.0,0.0,7,95.0
2025-08-23,NBL-1130,201.0,0.0,7,95.0
2025-08-30,NBL-1130,110.0,0.0,7,95.0
2025-09-06,NBL-1130,133.0,0.0,7,95.0
2025-09-13,NBL-1130,156.0,0.0,7,95.0
2025-09-20,NBL-1130,179.0,0.0,7,95.0
2025-09-27,NBL-1130,190.0,0.0,7,95.0
2025-10-04,NBL-1130,200.0,0.0,7,95.0
2025-10-11,NBL-1130,112.0,0.0,7,95.0
2025-10-18,NBL-1130,134.0,0.0,7,95.0
2025-10-25,NBL-1130,192.0,0.0,7,95.0
2025-11-01,NBL-1130,203.0,0.0,7,95.0
2025-11-08,NBL-1130,132.0,0.0,7,95.0
2025-11-15,NBL-1130,156.0,0.0,7,95.0
2025-11-22,NBL-1130,114.0,0.0,7,95.0
2025-11-29,NBL-1130,169.0,0.0,7,95.0
2025-12-06,NBL-1130,120.0,0.0,7,95.0
2025-12-13,NBL-1130,158.0,0.0,7,95.0
2025-12-20,NBL-1130,98.0,0.0,7,95.0
2025-12-27,NBL-1130,139.0,0.0,7,95.0
2026-01-03,NBL-1130,187.0,0.0,7,95.0
2026-01-10,NBL-1130,133.0,0.0,7,95.0
2026-01-17,NBL-1130,172.0,0.0,7,95.0
2026-01-24,NBL-1130,118.0,0.0,7,95.0
2026-01-31,NBL-1130,174.0,0.0,7,95.0
2026-02-07,NBL-1130,132.0,0.0,7,95.0
2026-02-14,NBL-1130,174.0,,7,95.0
2026-02-21,NBL-1130,115.0,0.0,7,95.0
2026-02-28,NBL-1130,151.0,0.0,7,95.0
2026-03-07,NBL-1130,99.0,0.0,7,95.0
2026-03-14,NBL-1130,165.0,0.0,7,95.0
2026-03-21,NBL-1130,114.0,0.0,7,95.0
2026-03-28,NBL-1130,143.0,0.0,7,95.0
2026-04-04,NBL-1130,188.0,0.0,7,95.0
2026-04-11,NBL-1130,127.0,0.0,7,95.0
2026-04-18,NBL-1130,129.0,0.0,7,95.0
2026-04-25,NBL-1130,151.0,0.0,7,95.0
2026-05-02,NBL-1130,96.0,0.0,7,95.0
2026-05-09,NBL-1130,150.0,0.0,7,95.0
2026-05-16,NBL-1130,181.0,0.0,7,95.0
2026-05-23,NBL-1130,189.0,0.0,7,95.0
2026-05-30,NBL-1130,104.0,0.0,7,95.0
2026-06-06,NBL-1130,126.0,0.0,7,95.0
2026-06-13,NBL-1130,173.0,0.0,7,95.0
2026-06-20,NBL-1130,96.0,0.0,7,95.0
2026-06-27,NBL-1130,110.0,0.0,7,95.0
2026-07-04,NBL-1130,138.0,0.0,7,95.0
2026-07-11,NBL-1130,164.0,0.0,7,95.0
2024-07-13,NBL-1131,944.0,0.0,14,646.0
2024-07-20,NBL-1131,871.0,0.0,14,646.0
2024-07-27,NBL-1131,803.0,0.0,14,646.0
2024-08-03,NBL-1131,732.0,0.0,14,646.0
2024-08-10,NBL-1131,663.0,0.0,14,646.0
2024-08-17,NBL-1131,586.0,746.0,14,646.0
2024-08-24,NBL-1131,1250.0,0.0,14,646.0
2024-08-31,NBL-1131,1199.0,0.0,14,646.0
2024-09-07,NBL-1131,1145.0,0.0,14,646.0
2024-09-14,NBL-1131,1093.0,0.0,14,646.0
2024-09-21,NBL-1131,1037.0,0.0,14,646.0
2024-09-28,NBL-1131,982.0,0.0,14,646.0
2024-10-05,NBL-1131,910.0,0.0,14,646.0
2024-10-12,NBL-1131,867.0,0.0,14,646.0
2024-10-19,NBL-1131,801.0,0.0,14,646.0
2024-10-26,NBL-1131,755.0,0.0,14,646.0
2024-11-02,NBL-1131,709.0,0.0,14,646.0
2024-11-09,NBL-1131,661.0,0.0,14,646.0
2024-11-16,NBL-1131,1356.0,0.0,14,646.0
2024-11-23,NBL-1131,1307.0,0.0,14,646.0
2024-11-30,NBL-1131,1261.0,0.0,14,646.0
2024-12-07,NBL-1131,1212.0,0.0,14,646.0
2024-12-14,NBL-1131,1173.0,0.0,14,646.0
2024-12-21,NBL-1131,1136.0,0.0,14,646.0
2024-12-28,NBL-1131,1095.0,0.0,14,646.0
2025-01-04,NBL-1131,1065.0,0.0,14,646.0
2025-01-11,NBL-1131,1014.0,0.0,14,646.0
2025-01-18,NBL-1131,986.0,0.0,14,646.0
2025-01-25,NBL-1131,967.0,0.0,14,646.0
2025-02-01,NBL-1131,925.0,0.0,14,646.0
2025-02-08,NBL-1131,890.0,0.0,14,646.0
2025-02-15,NBL-1131,842.0,,14,646.0
2025-02-22,NBL-1131,792.0,0.0,14,646.0
2025-03-01,NBL-1131,737.0,0.0,14,646.0
2025-03-08,NBL-1131,687.0,0.0,14,646.0
2025-03-15,NBL-1131,630.0,746.0,14,646.0
2025-03-22,NBL-1131,1334.0,0.0,14,646.0
2025-03-29,NBL-1131,1296.0,0.0,14,646.0
2025-04-05,NBL-1131,1264.0,0.0,14,646.0
2025-04-12,NBL-1131,1212.0,0.0,14,646.0
2025-04-19,NBL-1131,1163.0,0.0,14,646.0
2025-04-26,NBL-1131,1124.0,0.0,14,646.0
2025-05-03,NBL-1131,1068.0,0.0,14,646.0
2025-05-10,NBL-1131,1004.0,0.0,14,646.0
2025-05-17,NBL-1131,954.0,0.0,14,646.0
2025-05-24,NBL-1131,922.0,0.0,14,646.0
2025-05-31,NBL-1131,878.0,0.0,14,646.0
2025-06-07,NBL-1131,819.0,0.0,14,646.0
2025-06-14,NBL-1131,772.0,0.0,14,646.0
2025-06-21,NBL-1131,714.0,0.0,14,646.0
2025-06-28,NBL-1131,657.0,0.0,14,646.0
2025-07-05,NBL-1131,615.0,746.0,14,646.0
2025-07-12,NBL-1131,1304.0,0.0,14,646.0
2025-07-19,NBL-1131,1268.0,0.0,14,646.0
2025-07-26,NBL-1131,1225.0,0.0,14,646.0
2025-08-02,NBL-1131,1184.0,0.0,14,646.0
2025-08-09,NBL-1131,1131.0,0.0,14,646.0
2025-08-16,NBL-1131,1083.0,0.0,14,646.0
2025-08-23,NBL-1131,1040.0,0.0,14,646.0
2025-08-30,NBL-1131,989.0,0.0,14,646.0
2025-09-06,NBL-1131,955.0,0.0,14,646.0
2025-09-13,NBL-1131,899.0,0.0,14,646.0
2025-09-20,NBL-1131,849.0,0.0,14,646.0
2025-09-27,NBL-1131,795.0,0.0,14,646.0
2025-10-04,NBL-1131,762.0,0.0,14,646.0
2025-10-11,NBL-1131,728.0,0.0,14,646.0
2025-10-18,NBL-1131,702.0,0.0,14,646.0
2025-10-25,NBL-1131,668.0,0.0,14,646.0
2025-11-01,NBL-1131,1372.0,0.0,14,646.0
2025-11-08,NBL-1131,1322.0,0.0,14,646.0
2025-11-15,NBL-1131,1281.0,0.0,14,646.0
2025-11-22,NBL-1131,1251.0,0.0,14,646.0
2025-11-29,NBL-1131,1213.0,0.0,14,646.0
2025-12-06,NBL-1131,1177.0,0.0,14,646.0
2025-12-13,NBL-1131,1143.0,0.0,14,646.0
2025-12-20,NBL-1131,1118.0,0.0,14,646.0
2025-12-27,NBL-1131,1104.0,0.0,14,646.0
2026-01-03,NBL-1131,1089.0,0.0,14,646.0
2026-01-10,NBL-1131,1062.0,0.0,14,646.0
2026-01-17,NBL-1131,1039.0,0.0,14,646.0
2026-01-24,NBL-1131,1012.0,0.0,14,646.0
2026-01-31,NBL-1131,982.0,0.0,14,646.0
2026-02-07,NBL-1131,953.0,0.0,14,646.0
2026-02-14,NBL-1131,922.0,0.0,14,646.0
2026-02-21,NBL-1131,888.0,0.0,14,646.0
2026-02-28,NBL-1131,864.0,0.0,14,646.0
2026-03-07,NBL-1131,835.0,0.0,14,646.0
2026-03-14,NBL-1131,803.0,0.0,14,646.0
2026-03-21,NBL-1131,777.0,0.0,14,646.0
2026-03-28,NBL-1131,757.0,0.0,14,646.0
2026-04-04,NBL-1131,727.0,0.0,14,646.0
2026-04-11,NBL-1131,668.0,0.0,14,646.0
2026-04-18,NBL-1131,648.0,0.0,14,646.0
2026-04-25,NBL-1131,606.0,746.0,14,646.0
2026-05-02,NBL-1131,1306.0,0.0,14,646.0
2026-05-09,NBL-1131,1269.0,0.0,14,646.0
2026-05-16,NBL-1131,1237.0,0.0,14,646.0
2026-05-23,NBL-1131,1186.0,0.0,14,646.0
2026-05-30,NBL-1131,1149.0,0.0,14,646.0
2026-06-06,NBL-1131,1108.0,0.0,14,646.0
2026-06-13,NBL-1131,1080.0,0.0,14,646.0
2026-06-20,NBL-1131,1054.0,0.0,14,646.0
2026-06-27,NBL-1131,1024.0,0.0,14,646.0
2026-07-04,NBL-1131,984.0,0.0,14,646.0
2026-07-11,NBL-1131,947.0,0.0,14,646.0
2024-07-13,NBL-1132,145.0,0.0,14,137.0
2024-07-20,NBL-1132,68.0,158.0,14,137.0
2024-07-27,NBL-1132,158.0,0.0,14,137.0
2024-08-03,NBL-1132,65.0,158.0,14,137.0
2024-08-10,NBL-1132,158.0,0.0,14,137.0
2024-08-17,NBL-1132,72.0,158.0,14,137.0
2024-08-24,NBL-1132,158.0,0.0,14,137.0
2024-08-31,NBL-1132,68.0,158.0,14,137.0
2024-09-07,NBL-1132,158.0,0.0,14,137.0
2024-09-14,NBL-1132,82.0,158.0,14,137.0
2024-09-21,NBL-1132,176.0,0.0,14,137.0
2024-09-28,NBL-1132,81.0,158.0,14,137.0
2024-10-05,NBL-1132,170.0,0.0,14,137.0
2024-10-12,NBL-1132,90.0,158.0,14,137.0
2024-10-19,NBL-1132,179.0,0.0,14,137.0
2024-10-26,NBL-1132,90.0,158.0,14,137.0
2024-11-02,NBL-1132,186.0,0.0,14,137.0
2024-11-09,NBL-1132,111.0,158.0,14,137.0
2024-11-16,NBL-1132,202.0,0.0,14,137.0
2024-11-23,NBL-1132,126.0,158.0,14,137.0
2024-11-30,NBL-1132,207.0,0.0,14,137.0
2024-12-07,NBL-1132,131.0,158.0,14,137.0
2024-12-14,NBL-1132,227.0,0.0,14,137.0
2024-12-21,NBL-1132,161.0,0.0,14,137.0
2024-12-28,NBL-1132,258.0,0.0,14,137.0
2025-01-04,NBL-1132,194.0,0.0,14,137.0
2025-01-11,NBL-1132,145.0,0.0,14,137.0
2025-01-18,NBL-1132,100.0,158.0,14,137.0
2025-01-25,NBL-1132,185.0,0.0,14,137.0
2025-02-01,NBL-1132,119.0,158.0,14,137.0
2025-02-08,NBL-1132,202.0,0.0,14,137.0
2025-02-15,NBL-1132,142.0,0.0,14,137.0
2025-02-22,NBL-1132,236.0,0.0,14,137.0
2025-03-01,NBL-1132,172.0,0.0,14,137.0
2025-03-08,NBL-1132,235.0,0.0,14,137.0
2025-03-15,NBL-1132,168.0,0.0,14,137.0
2025-03-22,NBL-1132,248.0,0.0,14,137.0
2025-03-29,NBL-1132,176.0,0.0,14,137.0
2025-04-05,NBL-1132,255.0,0.0,14,137.0
2025-04-12,NBL-1132,159.0,0.0,14,137.0
2025-04-19,NBL-1132,257.0,0.0,14,137.0
2025-04-26,NBL-1132,188.0,0.0,14,137.0
2025-05-03,NBL-1132,263.0,0.0,14,137.0
2025-05-10,NBL-1132,195.0,0.0,14,137.0
2025-05-17,NBL-1132,280.0,0.0,14,137.0
2025-05-24,NBL-1132,199.0,0.0,14,137.0
2025-05-31,NBL-1132,273.0,0.0,14,137.0
2025-06-07,NBL-1132,184.0,0.0,14,137.0
2025-06-14,NBL-1132,260.0,0.0,14,137.0
2025-06-21,NBL-1132,172.0,0.0,14,137.0
2025-06-28,NBL-1132,249.0,0.0,14,137.0
2025-07-05,NBL-1132,145.0,0.0,14,137.0
2025-07-12,NBL-1132,204.0,0.0,14,137.0
2025-07-19,NBL-1132,120.0,158.0,14,137.0
2025-07-26,NBL-1132,203.0,0.0,14,137.0
2025-08-02,NBL-1132,112.0,158.0,14,137.0
2025-08-09,NBL-1132,179.0,0.0,14,137.0
2025-08-16,NBL-1132,106.0,158.0,14,137.0
2025-08-23,NBL-1132,177.0,0.0,14,137.0
2025-08-30,NBL-1132,74.0,158.0,14,137.0
2025-09-06,NBL-1132,161.0,0.0,14,137.0
2025-09-13,NBL-1132,63.0,158.0,14,137.0
2025-09-20,NBL-1132,158.0,0.0,14,137.0
2025-09-27,NBL-1132,84.0,158.0,14,137.0
2025-10-04,NBL-1132,161.0,0.0,14,137.0
2025-10-11,NBL-1132,69.0,158.0,14,137.0
2025-10-18,NBL-1132,158.0,0.0,14,137.0
2025-10-25,NBL-1132,90.0,158.0,14,137.0
2025-11-01,NBL-1132,166.0,0.0,14,137.0
2025-11-08,NBL-1132,85.0,158.0,14,137.0
2025-11-15,NBL-1132,182.0,0.0,14,137.0
2025-11-22,NBL-1132,116.0,158.0,14,137.0
2025-11-29,NBL-1132,207.0,0.0,14,137.0
2025-12-06,NBL-1132,136.0,158.0,14,137.0
2025-12-13,NBL-1132,227.0,0.0,14,137.0
2025-12-20,NBL-1132,140.0,0.0,14,137.0
2025-12-27,NBL-1132,228.0,0.0,14,137.0
2026-01-03,NBL-1132,153.0,0.0,14,137.0
2026-01-10,NBL-1132,263.0,0.0,14,137.0
2026-01-17,NBL-1132,199.0,0.0,14,137.0
2026-01-24,NBL-1132,143.0,0.0,14,137.0
2026-01-31,NBL-1132,74.0,158.0,14,137.0
2026-02-07,NBL-1132,165.0,0.0,14,137.0
2026-02-14,NBL-1132,109.0,158.0,14,137.0
2026-02-21,NBL-1132,201.0,0.0,14,137.0
2026-02-28,NBL-1132,116.0,158.0,14,137.0
2026-03-07,NBL-1132,220.0,0.0,14,137.0
2026-03-14,NBL-1132,165.0,0.0,14,137.0
2026-03-21,NBL-1132,270.0,0.0,14,137.0
2026-03-28,NBL-1132,204.0,0.0,14,137.0
2026-04-04,NBL-1132,147.0,0.0,14,137.0
2026-04-11,NBL-1132,79.0,158.0,14,137.0
2026-04-18,NBL-1132,158.0,0.0,14,137.0
2026-04-25,NBL-1132,79.0,158.0,14,137.0
2026-05-02,NBL-1132,159.0,0.0,14,137.0
2026-05-09,NBL-1132,63.0,158.0,14,137.0
2026-05-16,NBL-1132,158.0,0.0,14,137.0
2026-05-23,NBL-1132,72.0,158.0,14,137.0
2026-05-30,NBL-1132,163.0,0.0,14,137.0
2026-06-06,NBL-1132,87.0,158.0,14,137.0
2026-06-13,NBL-1132,179.0,0.0,14,137.0
2026-06-20,NBL-1132,118.0,158.0,14,137.0
2026-06-27,NBL-1132,204.0,0.0,14,137.0
2026-07-04,NBL-1132,102.0,158.0,14,137.0
2026-07-11,NBL-1132,188.0,0.0,14,137.0
2024-07-13,NBL-1133,1562.0,0.0,28,1188.0
2024-07-20,NBL-1133,1206.0,0.0,28,1188.0
2024-07-27,NBL-1133,856.0,1371.0,28,1188.0
2024-08-03,NBL-1133,463.0,1371.0,28,1188.0
2024-08-10,NBL-1133,1437.0,0.0,28,1188.0
2024-08-17,NBL-1133,1012.0,1371.0,28,1188.0
2024-08-24,NBL-1133,576.0,1371.0,28,1188.0
2024-08-31,NBL-1133,186.0,1371.0,28,1188.0
2024-09-07,NBL-1133,1371.0,0.0,28,1188.0
2024-09-14,NBL-1133,946.0,1371.0,28,1188.0
2024-09-21,NBL-1133,545.0,1371.0,28,1188.0
2024-09-28,NBL-1133,200.0,1371.0,28,1188.0
2024-10-05,NBL-1133,1371.0,0.0,28,1188.0
2024-10-12,NBL-1133,1039.0,1371.0,28,1188.0
2024-10-19,NBL-1133,663.0,1371.0,28,1188.0
2024-10-26,NBL-1133,278.0,1371.0,28,1188.0
2024-11-02,NBL-1133,1371.0,0.0,28,1188.0
2024-11-09,NBL-1133,1004.0,1371.0,28,1188.0
2024-11-16,NBL-1133,606.0,1371.0,28,1188.0
2024-11-23,NBL-1133,317.0,1371.0,28,1188.0
2024-11-30,NBL-1133,1371.0,0.0,28,1188.0
2024-12-07,NBL-1133,1057.0,1371.0,28,1188.0
2024-12-14,NBL-1133,704.0,1371.0,28,1188.0
2024-12-21,NBL-1133,399.0,1371.0,28,1188.0
2024-12-28,NBL-1133,1371.0,0.0,28,1188.0
2025-01-04,NBL-1133,1029.0,1371.0,28,1188.0
2025-01-11,NBL-1133,729.0,1371.0,28,1188.0
2025-01-18,NBL-1133,421.0,1371.0,28,1188.0
2025-01-25,NBL-1133,1447.0,0.0,28,1188.0
2025-02-01,NBL-1133,1143.0,1371.0,28,1188.0
2025-02-08,NBL-1133,819.0,1371.0,28,1188.0
2025-02-15,NBL-1133,553.0,1371.0,28,1188.0
2025-02-22,NBL-1133,1641.0,0.0,28,1188.0
2025-03-01,NBL-1133,1300.0,0.0,28,1188.0
2025-03-08,NBL-1133,898.0,1371.0,28,1188.0
2025-03-15,NBL-1133,510.0,1371.0,28,1188.0
2025-03-22,NBL-1133,1477.0,0.0,28,1188.0
2025-03-29,NBL-1133,1138.0,1371.0,28,1188.0
2025-04-05,NBL-1133,751.0,1371.0,28,1188.0
2025-04-12,NBL-1133,361.0,1371.0,28,1188.0
2025-04-19,NBL-1133,1371.0,0.0,28,1188.0
2025-04-26,NBL-1133,1013.0,1371.0,28,1188.0
2025-05-03,NBL-1133,541.0,1371.0,28,1188.0
2025-05-10,NBL-1133,110.0,1371.0,28,1188.0
2025-05-17,NBL-1133,1371.0,0.0,28,1188.0
2025-05-24,NBL-1133,881.0,1371.0,28,1188.0
2025-05-31,NBL-1133,372.0,1371.0,28,1188.0
2025-06-07,NBL-1133,25.0,1371.0,28,1188.0
2025-06-14,NBL-1133,1371.0,0.0,28,1188.0
2025-06-21,NBL-1133,908.0,1371.0,28,1188.0
2025-06-28,NBL-1133,340.0,1371.0,28,1188.0
2025-07-05,NBL-1133,0.0,1371.0,28,1188.0
2025-07-12,NBL-1133,1371.0,0.0,28,1188.0
2025-07-19,NBL-1133,845.0,1371.0,28,1188.0
2025-07-26,NBL-1133,420.0,1371.0,28,1188.0
2025-08-02,NBL-1133,0.0,1371.0,28,1188.0
2025-08-09,NBL-1133,1371.0,0.0,28,1188.0
2025-08-16,NBL-1133,860.0,1371.0,28,1188.0
2025-08-23,NBL-1133,402.0,1371.0,28,1188.0
2025-08-30,NBL-1133,0.0,1371.0,28,1188.0
2025-09-06,NBL-1133,1371.0,0.0,28,1188.0
2025-09-13,NBL-1133,877.0,1371.0,28,1188.0
2025-09-20,NBL-1133,433.0,1371.0,28,1188.0
2025-09-27,NBL-1133,40.0,1371.0,28,1188.0
2025-10-04,NBL-1133,1371.0,0.0,28,1188.0
2025-10-11,NBL-1133,861.0,1371.0,28,1188.0
2025-10-18,NBL-1133,399.0,1371.0,28,1188.0
2025-10-25,NBL-1133,0.0,1371.0,28,1188.0
2025-11-01,NBL-1133,1371.0,0.0,28,1188.0
2025-11-08,NBL-1133,988.0,1371.0,28,1188.0
2025-11-15,NBL-1133,555.0,1371.0,28,1188.0
2025-11-22,NBL-1133,150.0,1371.0,28,1188.0
2025-11-29,NBL-1133,1371.0,0.0,28,1188.0
2025-12-06,NBL-1133,917.0,1371.0,28,1188.0
2025-12-13,NBL-1133,505.0,1371.0,28,1188.0
2025-12-20,NBL-1133,173.0,1371.0,28,1188.0
2025-12-27,NBL-1133,1371.0,0.0,28,1188.0
2026-01-03,NBL-1133,1042.0,1371.0,28,1188.0
2026-01-10,NBL-1133,641.0,1371.0,28,1188.0
2026-01-17,NBL-1133,280.0,1371.0,28,1188.0
2026-01-24,NBL-1133,1371.0,0.0,28,1188.0
2026-01-31,NBL-1133,990.0,1371.0,28,1188.0
2026-02-07,NBL-1133,608.0,1371.0,28,1188.0
2026-02-14,NBL-1133,169.0,1371.0,28,1188.0
2026-02-21,NBL-1133,1371.0,0.0,28,1188.0
2026-02-28,NBL-1133,909.0,1371.0,28,1188.0
2026-03-07,NBL-1133,482.0,1371.0,28,1188.0
2026-03-14,NBL-1133,77.0,1371.0,28,1188.0
2026-03-21,NBL-1133,1371.0,0.0,28,1188.0
2026-03-28,NBL-1133,957.0,1371.0,28,1188.0
2026-04-04,NBL-1133,534.0,1371.0,28,1188.0
2026-04-11,NBL-1133,154.0,1371.0,28,1188.0
2026-04-18,NBL-1133,1371.0,0.0,28,1188.0
2026-04-25,NBL-1133,824.0,1371.0,28,1188.0
2026-05-02,NBL-1133,261.0,1371.0,28,1188.0
2026-05-09,NBL-1133,0.0,1371.0,28,1188.0
2026-05-16,NBL-1133,1371.0,0.0,28,1188.0
2026-05-23,NBL-1133,798.0,1371.0,28,1188.0
2026-05-30,NBL-1133,184.0,1371.0,28,1188.0
2026-06-06,NBL-1133,0.0,1371.0,28,1188.0
2026-06-13,NBL-1133,1371.0,0.0,28,1188.0
2026-06-20,NBL-1133,779.0,1371.0,28,1188.0
2026-06-27,NBL-1133,135.0,1371.0,28,1188.0
2026-07-04,NBL-1133,0.0,1371.0,28,1188.0
2026-07-11,NBL-1133,1371.0,0.0,28,1188.0
2024-07-13,NBL-1134,450.0,0.0,14,228.0
2024-07-20,NBL-1134,292.0,0.0,14,228.0
2024-07-27,NBL-1134,388.0,0.0,14,228.0
2024-08-03,NBL-1134,294.0,0.0,14,228.0
2024-08-10,NBL-1134,405.0,0.0,14,228.0
2024-08-17,NBL-1134,281.0,0.0,14,228.0
2024-08-24,NBL-1134,423.0,0.0,14,228.0
2024-08-31,NBL-1134,291.0,0.0,14,228.0
2024-09-07,NBL-1134,412.0,0.0,14,228.0
2024-09-14,NBL-1134,262.0,0.0,14,228.0
2024-09-21,NBL-1134,420.0,0.0,14,228.0
2024-09-28,NBL-1134,264.0,0.0,14,228.0
2024-10-05,NBL-1134,385.0,0.0,14,228.0
2024-10-12,NBL-1134,261.0,0.0,14,228.0
2024-10-19,NBL-1134,398.0,0.0,14,228.0
2024-10-26,NBL-1134,262.0,0.0,14,228.0
2024-11-02,NBL-1134,393.0,0.0,14,228.0
2024-11-09,NBL-1134,274.0,0.0,14,228.0
2024-11-16,NBL-1134,427.0,0.0,14,228.0
2024-11-23,NBL-1134,313.0,0.0,14,228.0
2024-11-30,NBL-1134,437.0,0.0,14,228.0
2024-12-07,NBL-1134,315.0,0.0,14,228.0
2024-12-14,NBL-1134,451.0,0.0,14,228.0
2024-12-21,NBL-1134,312.0,0.0,14,228.0
2024-12-28,NBL-1134,455.0,0.0,14,228.0
2025-01-04,NBL-1134,321.0,0.0,14,228.0
2025-01-11,NBL-1134,463.0,0.0,14,228.0
2025-01-18,NBL-1134,337.0,0.0,14,228.0
2025-01-25,NBL-1134,467.0,0.0,14,228.0
2025-02-01,NBL-1134,339.0,0.0,14,228.0
2025-02-08,NBL-1134,477.0,0.0,14,228.0
2025-02-15,NBL-1134,335.0,0.0,14,228.0
2025-02-22,NBL-1134,458.0,0.0,14,228.0
2025-03-01,NBL-1134,311.0,0.0,14,228.0
2025-03-08,NBL-1134,429.0,0.0,14,228.0
2025-03-15,NBL-1134,286.0,0.0,14,228.0
2025-03-22,NBL-1134,386.0,0.0,14,228.0
2025-03-29,NBL-1134,232.0,0.0,14,228.0
2025-04-05,NBL-1134,315.0,0.0,14,228.0
2025-04-12,NBL-1134,152.0,264.0,14,228.0
2025-04-19,NBL-1134,266.0,0.0,14,228.0
2025-04-26,NBL-1134,89.0,264.0,14,228.0
2025-05-03,NBL-1134,264.0,0.0,14,228.0
2025-05-10,NBL-1134,117.0,264.0,14,228.0
2025-05-17,NBL-1134,264.0,0.0,14,228.0
2025-05-24,NBL-1134,110.0,264.0,14,228.0
2025-05-31,NBL-1134,264.0,0.0,14,228.0
2025-06-07,NBL-1134,121.0,264.0,14,228.0
2025-06-14,NBL-1134,264.0,0.0,14,228.0
2025-06-21,NBL-1134,60.0,264.0,14,228.0
2025-06-28,NBL-1134,264.0,0.0,14,228.0
2025-07-05,NBL-1134,71.0,264.0,14,228.0
2025-07-12,NBL-1134,264.0,0.0,14,228.0
2025-07-19,NBL-1134,70.0,264.0,14,228.0
2025-07-26,NBL-1134,264.0,0.0,14,228.0
2025-08-02,NBL-1134,92.0,264.0,14,228.0
2025-08-09,NBL-1134,264.0,0.0,14,228.0
2025-08-16,NBL-1134,68.0,264.0,14,228.0
2025-08-23,NBL-1134,264.0,0.0,14,228.0
2025-08-30,NBL-1134,60.0,264.0,14,228.0
2025-09-06,NBL-1134,264.0,0.0,14,228.0
2025-09-13,NBL-1134,54.0,264.0,14,228.0
2025-09-20,NBL-1134,264.0,0.0,14,228.0
2025-09-27,NBL-1134,59.0,264.0,14,228.0
2025-10-04,NBL-1134,264.0,0.0,14,228.0
2025-10-11,NBL-1134,95.0,264.0,14,228.0
2025-10-18,NBL-1134,264.0,0.0,14,228.0
2025-10-25,NBL-1134,65.0,264.0,14,228.0
2025-11-01,NBL-1134,264.0,0.0,14,228.0
2025-11-08,NBL-1134,110.0,264.0,14,228.0
2025-11-15,NBL-1134,264.0,0.0,14,228.0
2025-11-22,NBL-1134,79.0,264.0,14,228.0
2025-11-29,NBL-1134,264.0,0.0,14,228.0
2025-12-06,NBL-1134,79.0,264.0,14,228.0
2025-12-13,NBL-1134,264.0,0.0,14,228.0
2025-12-20,NBL-1134,111.0,264.0,14,228.0
2025-12-27,NBL-1134,264.0,0.0,14,228.0
2026-01-03,NBL-1134,89.0,,14,228.0
2026-01-10,NBL-1134,264.0,,14,228.0
2026-01-17,NBL-1134,95.0,264.0,14,228.0
2026-01-24,NBL-1134,264.0,0.0,14,228.0
2026-01-31,NBL-1134,119.0,264.0,14,228.0
2026-02-07,NBL-1134,264.0,0.0,14,228.0
2026-02-14,NBL-1134,114.0,264.0,14,228.0
2026-02-21,NBL-1134,264.0,0.0,14,228.0
2026-02-28,NBL-1134,64.0,264.0,14,228.0
2026-03-07,NBL-1134,264.0,0.0,14,228.0
2026-03-14,NBL-1134,92.0,264.0,14,228.0
2026-03-21,NBL-1134,264.0,0.0,14,228.0
2026-03-28,NBL-1134,118.0,264.0,14,228.0
2026-04-04,NBL-1134,264.0,0.0,14,228.0
2026-04-11,NBL-1134,125.0,264.0,14,228.0
2026-04-18,NBL-1134,264.0,0.0,14,228.0
2026-04-25,NBL-1134,64.0,264.0,14,228.0
2026-05-02,NBL-1134,264.0,0.0,14,228.0
2026-05-09,NBL-1134,60.0,264.0,14,228.0
2026-05-16,NBL-1134,264.0,0.0,14,228.0
2026-05-23,NBL-1134,21.0,264.0,14,228.0
2026-05-30,NBL-1134,264.0,0.0,14,228.0
2026-06-06,NBL-1134,18.0,264.0,14,228.0
2026-06-13,NBL-1134,264.0,0.0,14,228.0
2026-06-20,NBL-1134,0.0,264.0,14,228.0
2026-06-27,NBL-1134,264.0,0.0,14,228.0
2026-07-04,NBL-1134,4.0,264.0,14,228.0
2026-07-11,NBL-1134,264.0,0.0,14,228.0
2024-07-13,NBL-1135,940.0,0.0,28,573.0
2024-07-20,NBL-1135,731.0,0.0,28,573.0
2024-07-27,NBL-1135,525.0,662.0,28,573.0
2024-08-03,NBL-1135,324.0,662.0,28,573.0
2024-08-10,NBL-1135,744.0,0.0,28,573.0
2024-08-17,NBL-1135,496.0,662.0,28,573.0
2024-08-24,NBL-1135,290.0,662.0,28,573.0
2024-08-31,NBL-1135,67.0,662.0,28,573.0
2024-09-07,NBL-1135,662.0,0.0,28,573.0
2024-09-14,NBL-1135,484.0,662.0,28,573.0
2024-09-21,NBL-1135,297.0,662.0,28,573.0
2024-09-28,NBL-1135,73.0,662.0,28,573.0
2024-10-05,NBL-1135,662.0,0.0,28,573.0
2024-10-12,NBL-1135,483.0,662.0,28,573.0
2024-10-19,NBL-1135,337.0,662.0,28,573.0
2024-10-26,NBL-1135,211.0,662.0,28,573.0
2024-11-02,NBL-1135,740.0,0.0,28,573.0
2024-11-09,NBL-1135,599.0,0.0,28,573.0
2024-11-16,NBL-1135,445.0,662.0,28,573.0
2024-11-23,NBL-1135,273.0,662.0,28,573.0
2024-11-30,NBL-1135,761.0,0.0,28,573.0
2024-12-07,NBL-1135,611.0,0.0,28,573.0
2024-12-14,NBL-1135,513.0,662.0,28,573.0
2024-12-21,NBL-1135,399.0,662.0,28,573.0
2024-12-28,NBL-1135,915.0,0.0,28,573.0
2025-01-04,NBL-1135,802.0,0.0,28,573.0
2025-01-11,NBL-1135,697.0,0.0,28,573.0
2025-01-18,NBL-1135,575.0,0.0,28,573.0
2025-01-25,NBL-1135,1145.0,0.0,28,573.0
2025-02-01,NBL-1135,1001.0,0.0,28,573.0
2025-02-08,NBL-1135,900.0,0.0,28,573.0
2025-02-15,NBL-1135,810.0,0.0,28,573.0
2025-02-22,NBL-1135,685.0,0.0,28,573.0
2025-03-01,NBL-1135,577.0,0.0,28,573.0
2025-03-08,NBL-1135,420.0,662.0,28,573.0
2025-03-15,NBL-1135,316.0,662.0,28,573.0
2025-03-22,NBL-1135,808.0,0.0,28,573.0
2025-03-29,NBL-1135,644.0,0.0,28,573.0
2025-04-05,NBL-1135,488.0,662.0,28,573.0
2025-04-12,NBL-1135,344.0,662.0,28,573.0
2025-04-19,NBL-1135,829.0,0.0,28,573.0
2025-04-26,NBL-1135,606.0,0.0,28,573.0
2025-05-03,NBL-1135,344.0,662.0,28,573.0
2025-05-10,NBL-1135,198.0,662.0,28,573.0
2025-05-17,NBL-1135,662.0,0.0,28,573.0
2025-05-24,NBL-1135,397.0,662.0,28,573.0
2025-05-31,NBL-1135,206.0,662.0,28,573.0
2025-06-07,NBL-1135,0.0,662.0,28,573.0
2025-06-14,NBL-1135,662.0,0.0,28,573.0
2025-06-21,NBL-1135,451.0,662.0,28,573.0
2025-06-28,NBL-1135,228.0,662.0,28,573.0
2025-07-05,NBL-1135,35.0,662.0,28,573.0
2025-07-12,NBL-1135,662.0,0.0,28,573.0
2025-07-19,NBL-1135,456.0,662.0,28,573.0
2025-07-26,NBL-1135,232.0,662.0,28,573.0
2025-08-02,NBL-1135,0.0,662.0,28,573.0
2025-08-09,NBL-1135,662.0,0.0,28,573.0
2025-08-16,NBL-1135,399.0,662.0,28,573.0
2025-08-23,NBL-1135,192.0,662.0,28,573.0
2025-08-30,NBL-1135,0.0,662.0,28,573.0
2025-09-06,NBL-1135,662.0,0.0,28,573.0
2025-09-13,NBL-1135,430.0,662.0,28,573.0
2025-09-20,NBL-1135,235.0,662.0,28,573.0
2025-09-27,NBL-1135,20.0,662.0,28,573.0
2025-10-04,NBL-1135,662.0,0.0,28,573.0
2025-10-11,NBL-1135,465.0,662.0,28,573.0
2025-10-18,NBL-1135,270.0,662.0,28,573.0
2025-10-25,NBL-1135,86.0,662.0,28,573.0
2025-11-01,NBL-1135,662.0,0.0,28,573.0
2025-11-08,NBL-1135,455.0,662.0,28,573.0
2025-11-15,NBL-1135,309.0,662.0,28,573.0
2025-11-22,NBL-1135,163.0,662.0,28,573.0
2025-11-29,NBL-1135,683.0,0.0,28,573.0
2025-12-06,NBL-1135,553.0,662.0,28,573.0
2025-12-13,NBL-1135,397.0,662.0,28,573.0
2025-12-20,NBL-1135,239.0,662.0,28,573.0
2025-12-27,NBL-1135,797.0,0.0,28,573.0
2026-01-03,NBL-1135,654.0,0.0,28,573.0
2026-01-10,NBL-1135,496.0,662.0,28,573.0
2026-01-17,NBL-1135,353.0,662.0,28,573.0
2026-01-24,NBL-1135,894.0,0.0,28,573.0
2026-01-31,NBL-1135,727.0,0.0,28,573.0
2026-02-07,NBL-1135,591.0,0.0,28,573.0
2026-02-14,NBL-1135,468.0,662.0,28,573.0
2026-02-21,NBL-1135,962.0,0.0,28,573.0
2026-02-28,NBL-1135,805.0,0.0,28,573.0
2026-03-07,NBL-1135,641.0,0.0,28,573.0
2026-03-14,NBL-1135,481.0,662.0,28,573.0
2026-03-21,NBL-1135,992.0,0.0,28,573.0
2026-03-28,NBL-1135,840.0,0.0,28,573.0
2026-04-04,NBL-1135,709.0,0.0,28,573.0
2026-04-11,NBL-1135,519.0,662.0,28,573.0
2026-04-18,NBL-1135,995.0,0.0,28,573.0
2026-04-25,NBL-1135,791.0,0.0,28,573.0
2026-05-02,NBL-1135,558.0,662.0,28,573.0
2026-05-09,NBL-1135,341.0,662.0,28,573.0
2026-05-16,NBL-1135,724.0,0.0,28,573.0
2026-05-23,NBL-1135,512.0,662.0,28,573.0
2026-05-30,NBL-1135,289.0,662.0,28,573.0
2026-06-06,NBL-1135,43.0,662.0,28,573.0
2026-06-13,NBL-1135,662.0,0.0,28,573.0
2026-06-20,NBL-1135,390.0,662.0,28,573.0
2026-06-27,NBL-1135,136.0,662.0,28,573.0
2026-07-04,NBL-1135,0.0,662.0,28,573.0
2026-07-11,NBL-1135,662.0,0.0,28,573.0
2024-07-13,NBL-1136,458.0,0.0,14,364.0
2024-07-20,NBL-1136,198.0,420.0,14,364.0
2024-07-27,NBL-1136,420.0,0.0,14,364.0
2024-08-03,NBL-1136,138.0,420.0,14,364.0
2024-08-10,NBL-1136,420.0,0.0,14,364.0
2024-08-17,NBL-1136,185.0,420.0,14,364.0
2024-08-24,NBL-1136,420.0,0.0,14,364.0
2024-08-31,NBL-1136,160.0,420.0,14,364.0
2024-09-07,NBL-1136,420.0,0.0,14,364.0
2024-09-14,NBL-1136,187.0,420.0,14,364.0
2024-09-21,NBL-1136,420.0,0.0,14,364.0
2024-09-28,NBL-1136,228.0,420.0,14,364.0
2024-10-05,NBL-1136,430.0,0.0,14,364.0
2024-10-12,NBL-1136,187.0,420.0,14,364.0
2024-10-19,NBL-1136,420.0,0.0,14,364.0
2024-10-26,NBL-1136,188.0,420.0,14,364.0
2024-11-02,NBL-1136,437.0,0.0,14,364.0
2024-11-09,NBL-1136,225.0,420.0,14,364.0
2024-11-16,NBL-1136,442.0,0.0,14,364.0
2024-11-23,NBL-1136,218.0,420.0,14,364.0
2024-11-30,NBL-1136,461.0,0.0,14,364.0
2024-12-07,NBL-1136,273.0,420.0,14,364.0
2024-12-14,NBL-1136,527.0,0.0,14,364.0
2024-12-21,NBL-1136,345.0,420.0,14,364.0
2024-12-28,NBL-1136,612.0,0.0,14,364.0
2025-01-04,NBL-1136,444.0,0.0,14,364.0
2025-01-11,NBL-1136,705.0,0.0,14,364.0
2025-01-18,NBL-1136,530.0,0.0,14,364.0
2025-01-25,NBL-1136,370.0,0.0,14,364.0
2025-02-01,NBL-1136,218.0,420.0,14,364.0
2025-02-08,NBL-1136,485.0,0.0,14,364.0
2025-02-15,NBL-1136,300.0,420.0,14,364.0
2025-02-22,NBL-1136,531.0,0.0,14,364.0
2025-03-01,NBL-1136,376.0,0.0,14,364.0
2025-03-08,NBL-1136,620.0,0.0,14,364.0
2025-03-15,NBL-1136,409.0,0.0,14,364.0
2025-03-22,NBL-1136,669.0,0.0,14,364.0
2025-03-29,NBL-1136,461.0,0.0,14,364.0
2025-04-05,NBL-1136,623.0,0.0,14,364.0
2025-04-12,NBL-1136,424.0,0.0,14,364.0
2025-04-19,NBL-1136,569.0,0.0,14,364.0
2025-04-26,NBL-1136,299.0,420.0,14,364.0
2025-05-03,NBL-1136,482.0,0.0,14,364.0
2025-05-10,NBL-1136,218.0,420.0,14,364.0
2025-05-17,NBL-1136,441.0,0.0,14,364.0
2025-05-24,NBL-1136,151.0,420.0,14,364.0
2025-05-31,NBL-1136,420.0,0.0,14,364.0
2025-06-07,NBL-1136,198.0,420.0,14,364.0
2025-06-14,NBL-1136,420.0,0.0,14,364.0
2025-06-21,NBL-1136,173.0,420.0,14,364.0
2025-06-28,NBL-1136,420.0,0.0,14,364.0
2025-07-05,NBL-1136,125.0,420.0,14,364.0
2025-07-12,NBL-1136,420.0,0.0,14,364.0
2025-07-19,NBL-1136,132.0,420.0,14,364.0
2025-07-26,NBL-1136,420.0,0.0,14,364.0
2025-08-02,NBL-1136,130.0,420.0,14,364.0
2025-08-09,NBL-1136,420.0,0.0,14,364.0
2025-08-16,NBL-1136,152.0,420.0,14,364.0
2025-08-23,NBL-1136,420.0,0.0,14,364.0
2025-08-30,NBL-1136,94.0,420.0,14,364.0
2025-09-06,NBL-1136,420.0,0.0,14,364.0
2025-09-13,NBL-1136,146.0,420.0,14,364.0
2025-09-20,NBL-1136,420.0,0.0,14,364.0
2025-09-27,NBL-1136,163.0,420.0,14,364.0
2025-10-04,NBL-1136,420.0,0.0,14,364.0
2025-10-11,NBL-1136,185.0,420.0,14,364.0
2025-10-18,NBL-1136,420.0,0.0,14,364.0
2025-10-25,NBL-1136,191.0,420.0,14,364.0
2025-11-01,NBL-1136,420.0,0.0,14,364.0
2025-11-08,NBL-1136,159.0,420.0,14,364.0
2025-11-15,NBL-1136,426.0,0.0,14,364.0
2025-11-22,NBL-1136,186.0,420.0,14,364.0
2025-11-29,NBL-1136,420.0,0.0,14,364.0
2025-12-06,NBL-1136,175.0,420.0,14,364.0
2025-12-13,NBL-1136,420.0,0.0,14,364.0
2025-12-20,NBL-1136,188.0,420.0,14,364.0
2025-12-27,NBL-1136,420.0,0.0,14,364.0
2026-01-03,NBL-1136,230.0,420.0,14,364.0
2026-01-10,NBL-1136,495.0,0.0,14,364.0
2026-01-17,NBL-1136,320.0,420.0,14,364.0
2026-01-24,NBL-1136,585.0,0.0,14,364.0
2026-01-31,NBL-1136,433.0,0.0,14,364.0
2026-02-07,NBL-1136,696.0,0.0,14,364.0
2026-02-14,NBL-1136,485.0,0.0,14,364.0
2026-02-21,NBL-1136,683.0,0.0,14,364.0
2026-02-28,NBL-1136,478.0,0.0,14,364.0
2026-03-07,NBL-1136,638.0,0.0,14,364.0
2026-03-14,NBL-1136,456.0,0.0,14,364.0
2026-03-21,NBL-1136,658.0,0.0,14,364.0
2026-03-28,NBL-1136,380.0,0.0,14,364.0
2026-04-04,NBL-1136,541.0,0.0,14,364.0
2026-04-11,NBL-1136,246.0,420.0,14,364.0
2026-04-18,NBL-1136,420.0,0.0,14,364.0
2026-04-25,NBL-1136,114.0,420.0,14,364.0
2026-05-02,NBL-1136,420.0,0.0,14,364.0
2026-05-09,NBL-1136,135.0,420.0,14,364.0
2026-05-16,NBL-1136,420.0,0.0,14,364.0
2026-05-23,NBL-1136,63.0,420.0,14,364.0
2026-05-30,NBL-1136,420.0,0.0,14,364.0
2026-06-06,NBL-1136,64.0,420.0,14,364.0
2026-06-13,NBL-1136,420.0,0.0,14,364.0
2026-06-20,NBL-1136,88.0,420.0,14,364.0
2026-06-27,NBL-1136,420.0,0.0,14,364.0
2026-07-04,NBL-1136,84.0,420.0,14,364.0
2026-07-11,NBL-1136,420.0,0.0,14,364.0
2024-07-13,NBL-1137,344.0,0.0,14,171.0
2024-07-20,NBL-1137,211.0,0.0,14,171.0
2024-07-27,NBL-1137,287.0,0.0,14,171.0
2024-08-03,NBL-1137,165.0,197.0,14,171.0
2024-08-10,NBL-1137,248.0,0.0,14,171.0
2024-08-17,NBL-1137,111.0,197.0,14,171.0
2024-08-24,NBL-1137,202.0,0.0,14,171.0
2024-08-31,NBL-1137,81.0,197.0,14,171.0
2024-09-07,NBL-1137,197.0,0.0,14,171.0
2024-09-14,NBL-1137,64.0,197.0,14,171.0
2024-09-21,NBL-1137,197.0,0.0,14,171.0
2024-09-28,NBL-1137,80.0,197.0,14,171.0
2024-10-05,NBL-1137,197.0,0.0,14,171.0
2024-10-12,NBL-1137,65.0,197.0,14,171.0
2024-10-19,NBL-1137,197.0,0.0,14,171.0
2024-10-26,NBL-1137,100.0,197.0,14,171.0
2024-11-02,NBL-1137,197.0,0.0,14,171.0
2024-11-09,NBL-1137,124.0,197.0,14,171.0
2024-11-16,NBL-1137,214.0,0.0,14,171.0
2024-11-23,NBL-1137,127.0,197.0,14,171.0
2024-11-30,NBL-1137,243.0,0.0,14,171.0
2024-12-07,NBL-1137,165.0,197.0,14,171.0
2024-12-14,NBL-1137,280.0,0.0,14,171.0
2024-12-21,NBL-1137,201.0,0.0,14,171.0
2024-12-28,NBL-1137,338.0,0.0,14,171.0
2025-01-04,NBL-1137,279.0,0.0,14,171.0
2025-01-11,NBL-1137,196.0,0.0,14,171.0
2025-01-18,NBL-1137,122.0,197.0,14,171.0
2025-01-25,NBL-1137,221.0,0.0,14,171.0
2025-02-01,NBL-1137,141.0,197.0,14,171.0
2025-02-08,NBL-1137,243.0,0.0,14,171.0
2025-02-15,NBL-1137,190.0,0.0,14,171.0
2025-02-22,NBL-1137,305.0,0.0,14,171.0
2025-03-01,NBL-1137,210.0,0.0,14,171.0
2025-03-08,NBL-1137,268.0,0.0,14,171.0
2025-03-15,NBL-1137,118.0,197.0,14,171.0
2025-03-22,NBL-1137,207.0,0.0,14,171.0
2025-03-29,NBL-1137,77.0,197.0,14,171.0
2025-04-05,NBL-1137,197.0,0.0,14,171.0
2025-04-12,NBL-1137,70.0,197.0,14,171.0
2025-04-19,NBL-1137,197.0,0.0,14,171.0
2025-04-26,NBL-1137,61.0,197.0,14,171.0
2025-05-03,NBL-1137,197.0,0.0,14,171.0
2025-05-10,NBL-1137,22.0,197.0,14,171.0
2025-05-17,NBL-1137,197.0,0.0,14,171.0
2025-05-24,NBL-1137,34.0,197.0,14,171.0
2025-05-31,NBL-1137,197.0,0.0,14,171.0
2025-06-07,NBL-1137,15.0,197.0,14,171.0
2025-06-14,NBL-1137,197.0,0.0,14,171.0
2025-06-21,NBL-1137,13.0,197.0,14,171.0
2025-06-28,NBL-1137,197.0,0.0,14,171.0
2025-07-05,NBL-1137,31.0,197.0,14,171.0
2025-07-12,NBL-1137,197.0,0.0,14,171.0
2025-07-19,NBL-1137,30.0,197.0,14,171.0
2025-07-26,NBL-1137,197.0,0.0,14,171.0
2025-08-02,NBL-1137,21.0,197.0,14,171.0
2025-08-09,NBL-1137,197.0,0.0,14,171.0
2025-08-16,NBL-1137,0.0,197.0,14,171.0
2025-08-23,NBL-1137,197.0,0.0,14,171.0
2025-08-30,NBL-1137,42.0,197.0,14,171.0
2025-09-06,NBL-1137,197.0,0.0,14,171.0
2025-09-13,NBL-1137,34.0,197.0,14,171.0
2025-09-20,NBL-1137,197.0,0.0,14,171.0
2025-09-27,NBL-1137,36.0,197.0,14,171.0
2025-10-04,NBL-1137,197.0,0.0,14,171.0
2025-10-11,NBL-1137,82.0,197.0,14,171.0
2025-10-18,NBL-1137,197.0,0.0,14,171.0
2025-10-25,NBL-1137,85.0,197.0,14,171.0
2025-11-01,NBL-1137,197.0,0.0,14,171.0
2025-11-08,NBL-1137,70.0,197.0,14,171.0
2025-11-15,NBL-1137,197.0,0.0,14,171.0
2025-11-22,NBL-1137,94.0,197.0,14,171.0
2025-11-29,NBL-1137,197.0,0.0,14,171.0
2025-12-06,NBL-1137,87.0,197.0,14,171.0
2025-12-13,NBL-1137,197.0,0.0,14,171.0
2025-12-20,NBL-1137,50.0,197.0,14,171.0
2025-12-27,NBL-1137,197.0,0.0,14,171.0
2026-01-03,NBL-1137,66.0,197.0,14,171.0
2026-01-10,NBL-1137,197.0,0.0,14,171.0
2026-01-17,NBL-1137,75.0,197.0,14,171.0
2026-01-24,NBL-1137,197.0,0.0,14,171.0
2026-01-31,NBL-1137,84.0,197.0,14,171.0
2026-02-07,NBL-1137,197.0,0.0,14,171.0
2026-02-14,NBL-1137,77.0,197.0,14,171.0
2026-02-21,NBL-1137,197.0,0.0,14,171.0
2026-02-28,NBL-1137,52.0,197.0,14,171.0
2026-03-07,NBL-1137,197.0,0.0,14,171.0
2026-03-14,NBL-1137,50.0,197.0,14,171.0
2026-03-21,NBL-1137,197.0,0.0,14,171.0
2026-03-28,NBL-1137,25.0,197.0,14,171.0
2026-04-04,NBL-1137,197.0,0.0,14,171.0
2026-04-11,NBL-1137,18.0,197.0,14,171.0
2026-04-18,NBL-1137,197.0,0.0,14,171.0
2026-04-25,NBL-1137,21.0,197.0,14,171.0
2026-05-02,NBL-1137,197.0,0.0,14,171.0
2026-05-09,NBL-1137,18.0,197.0,14,171.0
2026-05-16,NBL-1137,197.0,0.0,14,171.0
2026-05-23,NBL-1137,0.0,197.0,14,171.0
2026-05-30,NBL-1137,197.0,0.0,14,171.0
2026-06-06,NBL-1137,27.0,197.0,14,171.0
2026-06-13,NBL-1137,197.0,0.0,14,171.0
2026-06-20,NBL-1137,8.0,197.0,14,171.0
2026-06-27,NBL-1137,197.0,0.0,14,171.0
2026-07-04,NBL-1137,0.0,197.0,14,171.0
2026-07-11,NBL-1137,197.0,0.0,14,171.0
2024-07-13,NBL-1138,293.0,0.0,14,210.0
2024-07-20,NBL-1138,149.0,242.0,14,210.0
2024-07-27,NBL-1138,242.0,0.0,14,210.0
2024-08-03,NBL-1138,65.0,242.0,14,210.0
2024-08-10,NBL-1138,242.0,0.0,14,210.0
2024-08-17,NBL-1138,112.0,242.0,14,210.0
2024-08-24,NBL-1138,242.0,0.0,14,210.0
2024-08-31,NBL-1138,93.0,242.0,14,210.0
2024-09-07,NBL-1138,242.0,0.0,14,210.0
2024-09-14,NBL-1138,101.0,242.0,14,210.0
2024-09-21,NBL-1138,242.0,0.0,14,210.0
2024-09-28,NBL-1138,122.0,242.0,14,210.0
2024-10-05,NBL-1138,242.0,0.0,14,210.0
2024-10-12,NBL-1138,112.0,242.0,14,210.0
2024-10-19,NBL-1138,242.0,0.0,14,210.0
2024-10-26,NBL-1138,124.0,242.0,14,210.0
2024-11-02,NBL-1138,279.0,0.0,14,210.0
2024-11-09,NBL-1138,140.0,242.0,14,210.0
2024-11-16,NBL-1138,263.0,0.0,14,210.0
2024-11-23,NBL-1138,157.0,242.0,14,210.0
2024-11-30,NBL-1138,282.0,0.0,14,210.0
2024-12-07,NBL-1138,182.0,242.0,14,210.0
2024-12-14,NBL-1138,325.0,0.0,14,210.0
2024-12-21,NBL-1138,210.0,0.0,14,210.0
2024-12-28,NBL-1138,366.0,0.0,14,210.0
2025-01-04,NBL-1138,254.0,0.0,14,210.0
2025-01-11,NBL-1138,403.0,0.0,14,210.0
2025-01-18,NBL-1138,300.0,0.0,14,210.0
2025-01-25,NBL-1138,447.0,0.0,14,210.0
2025-02-01,NBL-1138,325.0,0.0,14,210.0
2025-02-08,NBL-1138,441.0,0.0,14,210.0
2025-02-15,NBL-1138,340.0,0.0,14,210.0
2025-02-22,NBL-1138,251.0,0.0,14,210.0
2025-03-01,NBL-1138,121.0,242.0,14,210.0
2025-03-08,NBL-1138,242.0,0.0,14,210.0
2025-03-15,NBL-1138,119.0,242.0,14,210.0
2025-03-22,NBL-1138,242.0,0.0,14,210.0
2025-03-29,NBL-1138,127.0,242.0,14,210.0
2025-04-05,NBL-1138,242.0,0.0,14,210.0
2025-04-12,NBL-1138,112.0,242.0,14,210.0
2025-04-19,NBL-1138,242.0,0.0,14,210.0
2025-04-26,NBL-1138,118.0,242.0,14,210.0
2025-05-03,NBL-1138,242.0,0.0,14,210.0
2025-05-10,NBL-1138,44.0,242.0,14,210.0
2025-05-17,NBL-1138,242.0,0.0,14,210.0
2025-05-24,NBL-1138,66.0,242.0,14,210.0
2025-05-31,NBL-1138,242.0,0.0,14,210.0
2025-06-07,NBL-1138,87.0,242.0,14,210.0
2025-06-14,NBL-1138,242.0,0.0,14,210.0
2025-06-21,NBL-1138,67.0,242.0,14,210.0
2025-06-28,NBL-1138,242.0,0.0,14,210.0
2025-07-05,NBL-1138,72.0,242.0,14,210.0
2025-07-12,NBL-1138,242.0,0.0,14,210.0
2025-07-19,NBL-1138,76.0,242.0,14,210.0
2025-07-26,NBL-1138,242.0,0.0,14,210.0
2025-08-02,NBL-1138,63.0,242.0,14,210.0
2025-08-09,NBL-1138,242.0,0.0,14,210.0
2025-08-16,NBL-1138,41.0,242.0,14,210.0
2025-08-23,NBL-1138,242.0,0.0,14,210.0
2025-08-30,NBL-1138,91.0,242.0,14,210.0
2025-09-06,NBL-1138,242.0,0.0,14,210.0
2025-09-13,NBL-1138,92.0,242.0,14,210.0
2025-09-20,NBL-1138,242.0,0.0,14,210.0
2025-09-27,NBL-1138,105.0,242.0,14,210.0
2025-10-04,NBL-1138,242.0,0.0,14,210.0
2025-10-11,NBL-1138,117.0,242.0,14,210.0
2025-10-18,NBL-1138,242.0,0.0,14,210.0
2025-10-25,NBL-1138,84.0,242.0,14,210.0
2025-11-01,NBL-1138,242.0,0.0,14,210.0
2025-11-08,NBL-1138,92.0,242.0,14,210.0
2025-11-15,NBL-1138,242.0,0.0,14,210.0
2025-11-22,NBL-1138,134.0,242.0,14,210.0
2025-11-29,NBL-1138,251.0,0.0,14,210.0
2025-12-06,NBL-1138,111.0,242.0,14,210.0
2025-12-13,NBL-1138,265.0,0.0,14,210.0
2025-12-20,NBL-1138,158.0,242.0,14,210.0
2025-12-27,NBL-1138,322.0,0.0,14,210.0
2026-01-03,NBL-1138,212.0,0.0,14,210.0
2026-01-10,NBL-1138,320.0,0.0,14,210.0
2026-01-17,NBL-1138,226.0,0.0,14,210.0
2026-01-24,NBL-1138,356.0,0.0,14,210.0
2026-01-31,NBL-1138,254.0,0.0,14,210.0
2026-02-07,NBL-1138,337.0,0.0,14,210.0
2026-02-14,NBL-1138,212.0,0.0,14,210.0
2026-02-21,NBL-1138,345.0,0.0,14,210.0
2026-02-28,NBL-1138,208.0,242.0,14,210.0
2026-03-07,NBL-1138,291.0,0.0,14,210.0
2026-03-14,NBL-1138,164.0,242.0,14,210.0
2026-03-21,NBL-1138,285.0,0.0,14,210.0
2026-03-28,NBL-1138,146.0,242.0,14,210.0
2026-04-04,NBL-1138,242.0,0.0,14,210.0
2026-04-11,NBL-1138,30.0,242.0,14,210.0
2026-04-18,NBL-1138,242.0,0.0,14,210.0
2026-04-25,NBL-1138,32.0,242.0,14,210.0
2026-05-02,NBL-1138,242.0,0.0,14,210.0
2026-05-09,NBL-1138,39.0,242.0,14,210.0
2026-05-16,NBL-1138,242.0,0.0,14,210.0
2026-05-23,NBL-1138,32.0,242.0,14,210.0
2026-05-30,NBL-1138,242.0,0.0,14,210.0
2026-06-06,NBL-1138,29.0,242.0,14,210.0
2026-06-13,NBL-1138,242.0,0.0,14,210.0
2026-06-20,NBL-1138,28.0,242.0,14,210.0
2026-06-27,NBL-1138,242.0,0.0,14,210.0
2026-07-04,NBL-1138,35.0,242.0,14,210.0
2026-07-11,NBL-1138,242.0,0.0,14,210.0
2024-07-13,NBL-1139,1415.0,0.0,28,913.0
2024-07-20,NBL-1139,1066.0,0.0,28,913.0
2024-07-27,NBL-1139,781.0,1053.0,28,913.0
2024-08-03,NBL-1139,496.0,1053.0,28,913.0
2024-08-10,NBL-1139,1174.0,0.0,28,913.0
2024-08-17,NBL-1139,848.0,,28,913.0
2024-08-24,NBL-1139,537.0,1053.0,28,913.0
2024-08-31,NBL-1139,210.0,1053.0,28,913.0
2024-09-07,NBL-1139,1053.0,0.0,28,913.0
2024-09-14,NBL-1139,784.0,1053.0,28,913.0
2024-09-21,NBL-1139,429.0,1053.0,28,913.0
2024-09-28,NBL-1139,79.0,1053.0,28,913.0
2024-10-05,NBL-1139,1053.0,0.0,28,913.0
2024-10-12,NBL-1139,809.0,1053.0,28,913.0
2024-10-19,NBL-1139,539.0,1053.0,28,913.0
2024-10-26,NBL-1139,212.0,1053.0,28,913.0
2024-11-02,NBL-1139,1053.0,0.0,28,913.0
2024-11-09,NBL-1139,756.0,1053.0,28,913.0
2024-11-16,NBL-1139,541.0,1053.0,28,913.0
2024-11-23,NBL-1139,338.0,1053.0,28,913.0
2024-11-30,NBL-1139,1169.0,0.0,28,913.0
2024-12-07,NBL-1139,928.0,0.0,28,913.0
2024-12-14,NBL-1139,678.0,1053.0,28,913.0
2024-12-21,NBL-1139,455.0,1053.0,28,913.0
2024-12-28,NBL-1139,1294.0,0.0,28,913.0
2025-01-04,NBL-1139,1054.0,0.0,28,913.0
2025-01-11,NBL-1139,834.0,1053.0,28,913.0
2025-01-18,NBL-1139,664.0,1053.0,28,913.0
2025-01-25,NBL-1139,1539.0,0.0,28,913.0
2025-02-01,NBL-1139,1317.0,0.0,28,913.0
2025-02-08,NBL-1139,1119.0,0.0,28,913.0
2025-02-15,NBL-1139,949.0,0.0,28,913.0
2025-02-22,NBL-1139,1757.0,0.0,28,913.0
2025-03-01,NBL-1139,1485.0,0.0,28,913.0
2025-03-08,NBL-1139,1282.0,0.0,28,913.0
2025-03-15,NBL-1139,1074.0,0.0,28,913.0
2025-03-22,NBL-1139,1861.0,0.0,28,913.0
2025-03-29,NBL-1139,1611.0,0.0,28,913.0
2025-04-05,NBL-1139,1339.0,0.0,28,913.0
2025-04-12,NBL-1139,979.0,0.0,28,913.0
2025-04-19,NBL-1139,1643.0,0.0,28,913.0
2025-04-26,NBL-1139,1285.0,0.0,28,913.0
2025-05-03,NBL-1139,963.0,0.0,28,913.0
2025-05-10,NBL-1139,617.0,1053.0,28,913.0
2025-05-17,NBL-1139,1307.0,0.0,28,913.0
2025-05-24,NBL-1139,907.0,1053.0,28,913.0
2025-05-31,NBL-1139,502.0,1053.0,28,913.0
2025-06-07,NBL-1139,119.0,1053.0,28,913.0
2025-06-14,NBL-1139,1053.0,0.0,28,913.0
2025-06-21,NBL-1139,661.0,1053.0,28,913.0
2025-06-28,NBL-1139,241.0,1053.0,28,913.0
2025-07-05,NBL-1139,0.0,1053.0,28,913.0
2025-07-12,NBL-1139,1053.0,0.0,28,913.0
2025-07-19,NBL-1139,536.0,1053.0,28,913.0
2025-07-26,NBL-1139,45.0,1053.0,28,913.0
2025-08-02,NBL-1139,0.0,1053.0,28,913.0
2025-08-09,NBL-1139,1053.0,0.0,28,913.0
2025-08-16,NBL-1139,721.0,1053.0,28,913.0
2025-08-23,NBL-1139,261.0,1053.0,28,913.0
2025-08-30,NBL-1139,0.0,1053.0,28,913.0
2025-09-06,NBL-1139,1053.0,0.0,28,913.0
2025-09-13,NBL-1139,589.0,1053.0,28,913.0
2025-09-20,NBL-1139,128.0,1053.0,28,913.0
2025-09-27,NBL-1139,0.0,1053.0,28,913.0
2025-10-04,NBL-1139,1053.0,0.0,28,913.0
2025-10-11,NBL-1139,631.0,1053.0,28,913.0
2025-10-18,NBL-1139,244.0,1053.0,28,913.0
2025-10-25,NBL-1139,0.0,1053.0,28,913.0
2025-11-01,NBL-1139,1053.0,0.0,28,913.0
2025-11-08,NBL-1139,741.0,1053.0,28,913.0
2025-11-15,NBL-1139,427.0,1053.0,28,913.0
2025-11-22,NBL-1139,23.0,1053.0,28,913.0
2025-11-29,NBL-1139,1053.0,0.0,28,913.0
2025-12-06,NBL-1139,721.0,1053.0,28,913.0
2025-12-13,NBL-1139,423.0,1053.0,28,913.0
2025-12-20,NBL-1139,104.0,1053.0,28,913.0
2025-12-27,NBL-1139,1053.0,0.0,28,913.0
2026-01-03,NBL-1139,812.0,1053.0,28,913.0
2026-01-10,NBL-1139,471.0,1053.0,28,913.0
2026-01-17,NBL-1139,180.0,1053.0,28,913.0
2026-01-24,NBL-1139,1053.0,0.0,28,913.0
2026-01-31,NBL-1139,777.0,1053.0,28,913.0
2026-02-07,NBL-1139,443.0,1053.0,28,913.0
2026-02-14,NBL-1139,78.0,1053.0,28,913.0
2026-02-21,NBL-1139,1053.0,0.0,28,913.0
2026-02-28,NBL-1139,727.0,1053.0,28,913.0
2026-03-07,NBL-1139,432.0,1053.0,28,913.0
2026-03-14,NBL-1139,124.0,1053.0,28,913.0
2026-03-21,NBL-1139,1053.0,0.0,28,913.0
2026-03-28,NBL-1139,690.0,1053.0,28,913.0
2026-04-04,NBL-1139,357.0,1053.0,28,913.0
2026-04-11,NBL-1139,0.0,1053.0,28,913.0
2026-04-18,NBL-1139,1053.0,0.0,28,913.0
2026-04-25,NBL-1139,661.0,1053.0,28,913.0
2026-05-02,NBL-1139,160.0,1053.0,28,913.0
2026-05-09,NBL-1139,0.0,1053.0,28,913.0
2026-05-16,NBL-1139,1053.0,0.0,28,913.0
2026-05-23,NBL-1139,461.0,1053.0,28,913.0
2026-05-30,NBL-1139,0.0,1053.0,28,913.0
2026-06-06,NBL-1139,0.0,1053.0,28,913.0
2026-06-13,NBL-1139,1053.0,0.0,28,913.0
2026-06-20,NBL-1139,501.0,1053.0,28,913.0
2026-06-27,NBL-1139,0.0,1053.0,28,913.0
2026-07-04,NBL-1139,0.0,1053.0,28,913.0
2026-07-11,NBL-1139,1053.0,0.0,28,913.0
2024-07-13,NBL-1140,1032.0,0.0,21,607.0
2024-07-20,NBL-1140,703.0,0.0,21,607.0
2024-07-27,NBL-1140,388.0,700.0,21,607.0
2024-08-03,NBL-1140,792.0,0.0,21,607.0
2024-08-10,NBL-1140,491.0,700.0,21,607.0
2024-08-17,NBL-1140,230.0,700.0,21,607.0
2024-08-24,NBL-1140,700.0,0.0,21,607.0
2024-08-31,NBL-1140,424.0,700.0,21,607.0
2024-09-07,NBL-1140,97.0,700.0,21,607.0
2024-09-14,NBL-1140,700.0,0.0,21,607.0
2024-09-21,NBL-1140,391.0,700.0,21,607.0
2024-09-28,NBL-1140,88.0,700.0,21,607.0
2024-10-05,NBL-1140,700.0,0.0,21,607.0
2024-10-12,NBL-1140,469.0,700.0,21,607.0
2024-10-19,NBL-1140,236.0,700.0,21,607.0
2024-10-26,NBL-1140,703.0,0.0,21,607.0
2024-11-02,NBL-1140,524.0,700.0,21,607.0
2024-11-09,NBL-1140,378.0,700.0,21,607.0
2024-11-16,NBL-1140,875.0,0.0,21,607.0
2024-11-23,NBL-1140,690.0,0.0,21,607.0
2024-11-30,NBL-1140,504.0,700.0,21,607.0
2024-12-07,NBL-1140,1062.0,0.0,21,607.0
2024-12-14,NBL-1140,923.0,0.0,21,607.0
2024-12-21,NBL-1140,763.0,0.0,21,607.0
2024-12-28,NBL-1140,632.0,0.0,21,607.0
2025-01-04,NBL-1140,438.0,700.0,21,607.0
2025-01-11,NBL-1140,282.0,700.0,21,607.0
2025-01-18,NBL-1140,844.0,0.0,21,607.0
2025-01-25,NBL-1140,681.0,0.0,21,607.0
2025-02-01,NBL-1140,534.0,700.0,21,607.0
2025-02-08,NBL-1140,1087.0,0.0,21,607.0
2025-02-15,NBL-1140,907.0,0.0,21,607.0
2025-02-22,NBL-1140,748.0,0.0,21,607.0
2025-03-01,NBL-1140,1306.0,0.0,21,607.0
2025-03-08,NBL-1140,1144.0,0.0,21,607.0
2025-03-15,NBL-1140,1002.0,0.0,21,607.0
2025-03-22,NBL-1140,847.0,0.0,21,607.0
2025-03-29,NBL-1140,642.0,0.0,21,607.0
2025-04-05,NBL-1140,400.0,700.0,21,607.0
2025-04-12,NBL-1140,829.0,0.0,21,607.0
2025-04-19,NBL-1140,672.0,0.0,21,607.0
2025-04-26,NBL-1140,412.0,700.0,21,607.0
2025-05-03,NBL-1140,905.0,0.0,21,607.0
2025-05-10,NBL-1140,685.0,0.0,21,607.0
2025-05-17,NBL-1140,443.0,700.0,21,607.0
2025-05-24,NBL-1140,891.0,0.0,21,607.0
2025-05-31,NBL-1140,586.0,700.0,21,607.0
2025-06-07,NBL-1140,331.0,700.0,21,607.0
2025-06-14,NBL-1140,727.0,0.0,21,607.0
2025-06-21,NBL-1140,464.0,700.0,21,607.0
2025-06-28,NBL-1140,183.0,700.0,21,607.0
2025-07-05,NBL-1140,700.0,0.0,21,607.0
2025-07-12,NBL-1140,416.0,700.0,21,607.0
2025-07-19,NBL-1140,150.0,700.0,21,607.0
2025-07-26,NBL-1140,700.0,0.0,21,607.0
2025-08-02,NBL-1140,394.0,700.0,21,607.0
2025-08-09,NBL-1140,115.0,700.0,21,607.0
2025-08-16,NBL-1140,700.0,0.0,21,607.0
2025-08-23,NBL-1140,404.0,700.0,21,607.0
2025-08-30,NBL-1140,138.0,700.0,21,607.0
2025-09-06,NBL-1140,700.0,0.0,21,607.0
2025-09-13,NBL-1140,432.0,700.0,21,607.0
2025-09-20,NBL-1140,178.0,700.0,21,607.0
2025-09-27,NBL-1140,700.0,0.0,21,607.0
2025-10-04,NBL-1140,529.0,700.0,21,607.0
2025-10-11,NBL-1140,373.0,700.0,21,607.0
2025-10-18,NBL-1140,860.0,0.0,21,607.0
2025-10-25,NBL-1140,685.0,0.0,21,607.0
2025-11-01,NBL-1140,483.0,700.0,21,607.0
2025-11-08,NBL-1140,1019.0,0.0,21,607.0
2025-11-15,NBL-1140,887.0,0.0,21,607.0
2025-11-22,NBL-1140,744.0,0.0,21,607.0
2025-11-29,NBL-1140,1296.0,0.0,21,607.0
2025-12-06,NBL-1140,1165.0,0.0,21,607.0
2025-12-13,NBL-1140,974.0,0.0,21,607.0
2025-12-20,NBL-1140,815.0,0.0,21,607.0
2025-12-27,NBL-1140,670.0,0.0,21,607.0
2026-01-03,NBL-1140,548.0,700.0,21,607.0
2026-01-10,NBL-1140,1129.0,0.0,21,607.0
2026-01-17,NBL-1140,1029.0,0.0,21,607.0
2026-01-24,NBL-1140,902.0,0.0,21,607.0
2026-01-31,NBL-1140,761.0,0.0,21,607.0
2026-02-07,NBL-1140,643.0,0.0,21,607.0
2026-02-14,NBL-1140,513.0,700.0,21,607.0
2026-02-21,NBL-1140,1070.0,0.0,21,607.0
2026-02-28,NBL-1140,875.0,0.0,21,607.0
2026-03-07,NBL-1140,764.0,0.0,21,607.0
2026-03-14,NBL-1140,1275.0,0.0,21,607.0
2026-03-21,NBL-1140,1126.0,0.0,21,607.0
2026-03-28,NBL-1140,980.0,0.0,21,607.0
2026-04-04,NBL-1140,768.0,0.0,21,607.0
2026-04-11,NBL-1140,617.0,0.0,21,607.0
2026-04-18,NBL-1140,412.0,700.0,21,607.0
2026-04-25,NBL-1140,908.0,0.0,21,607.0
2026-05-02,NBL-1140,731.0,0.0,21,607.0
2026-05-09,NBL-1140,535.0,700.0,21,607.0
2026-05-16,NBL-1140,1026.0,0.0,21,607.0
2026-05-23,NBL-1140,830.0,0.0,21,607.0
2026-05-30,NBL-1140,650.0,0.0,21,607.0
2026-06-06,NBL-1140,1105.0,0.0,21,607.0
2026-06-13,NBL-1140,892.0,0.0,21,607.0
2026-06-20,NBL-1140,638.0,0.0,21,607.0
2026-06-27,NBL-1140,1111.0,0.0,21,607.0
2026-07-04,NBL-1140,876.0,0.0,21,607.0
2026-07-11,NBL-1140,654.0,0.0,21,607.0
2024-07-13,NBL-1141,1397.0,0.0,21,933.0
2024-07-20,NBL-1141,967.0,0.0,21,933.0
2024-07-27,NBL-1141,596.0,1076.0,21,933.0
2024-08-03,NBL-1141,1233.0,0.0,21,933.0
2024-08-10,NBL-1141,863.0,1076.0,21,933.0
2024-08-17,NBL-1141,392.0,1076.0,21,933.0
2024-08-24,NBL-1141,1076.0,0.0,21,933.0
2024-08-31,NBL-1141,613.0,1076.0,21,933.0
2024-09-07,NBL-1141,191.0,1076.0,21,933.0
2024-09-14,NBL-1141,1076.0,0.0,21,933.0
2024-09-21,NBL-1141,660.0,1076.0,21,933.0
2024-09-28,NBL-1141,304.0,1076.0,21,933.0
2024-10-05,NBL-1141,1076.0,0.0,21,933.0
2024-10-12,NBL-1141,705.0,1076.0,21,933.0
2024-10-19,NBL-1141,292.0,1076.0,21,933.0
2024-10-26,NBL-1141,1076.0,0.0,21,933.0
2024-11-02,NBL-1141,756.0,1076.0,21,933.0
2024-11-09,NBL-1141,358.0,1076.0,21,933.0
2024-11-16,NBL-1141,1120.0,0.0,21,933.0
2024-11-23,NBL-1141,754.0,1076.0,21,933.0
2024-11-30,NBL-1141,335.0,1076.0,21,933.0
2024-12-07,NBL-1141,1076.0,0.0,21,933.0
2024-12-14,NBL-1141,711.0,1076.0,21,933.0
2024-12-21,NBL-1141,324.0,1076.0,21,933.0
2024-12-28,NBL-1141,1076.0,0.0,21,933.0
2025-01-04,NBL-1141,675.0,1076.0,21,933.0
2025-01-11,NBL-1141,319.0,1076.0,21,933.0
2025-01-18,NBL-1141,1076.0,0.0,21,933.0
2025-01-25,NBL-1141,730.0,1076.0,21,933.0
2025-02-01,NBL-1141,338.0,1076.0,21,933.0
2025-02-08,NBL-1141,1076.0,0.0,21,933.0
2025-02-15,NBL-1141,720.0,1076.0,21,933.0
2025-02-22,NBL-1141,340.0,1076.0,21,933.0
2025-03-01,NBL-1141,1076.0,0.0,21,933.0
2025-03-08,NBL-1141,643.0,1076.0,21,933.0
2025-03-15,NBL-1141,245.0,1076.0,21,933.0
2025-03-22,NBL-1141,1076.0,0.0,21,933.0
2025-03-29,NBL-1141,594.0,1076.0,21,933.0
2025-04-05,NBL-1141,152.0,1076.0,21,933.0
2025-04-12,NBL-1141,1076.0,0.0,21,933.0
2025-04-19,NBL-1141,613.0,1076.0,21,933.0
2025-04-26,NBL-1141,194.0,1076.0,21,933.0
2025-05-03,NBL-1141,1076.0,0.0,21,933.0
2025-05-10,NBL-1141,518.0,1076.0,21,933.0
2025-05-17,NBL-1141,44.0,1076.0,21,933.0
2025-05-24,NBL-1141,1076.0,0.0,21,933.0
2025-05-31,NBL-1141,507.0,1076.0,21,933.0
2025-06-07,NBL-1141,0.0,1076.0,21,933.0
2025-06-14,NBL-1141,1076.0,0.0,21,933.0
2025-06-21,NBL-1141,543.0,1076.0,21,933.0
2025-06-28,NBL-1141,0.0,1076.0,21,933.0
2025-07-05,NBL-1141,1076.0,0.0,21,933.0
2025-07-12,NBL-1141,463.0,1076.0,21,933.0
2025-07-19,NBL-1141,0.0,1076.0,21,933.0
2025-07-26,NBL-1141,1076.0,0.0,21,933.0
2025-08-02,NBL-1141,469.0,1076.0,21,933.0
2025-08-09,NBL-1141,0.0,1076.0,21,933.0
2025-08-16,NBL-1141,1076.0,0.0,21,933.0
2025-08-23,NBL-1141,505.0,1076.0,21,933.0
2025-08-30,NBL-1141,0.0,1076.0,21,933.0
2025-09-06,NBL-1141,1076.0,0.0,21,933.0
2025-09-13,NBL-1141,546.0,1076.0,21,933.0
2025-09-20,NBL-1141,0.0,1076.0,21,933.0
2025-09-27,NBL-1141,1076.0,0.0,21,933.0
2025-10-04,NBL-1141,477.0,1076.0,21,933.0
2025-10-11,NBL-1141,0.0,1076.0,21,933.0
2025-10-18,NBL-1141,1076.0,0.0,21,933.0
2025-10-25,NBL-1141,579.0,1076.0,21,933.0
2025-11-01,NBL-1141,20.0,1076.0,21,933.0
2025-11-08,NBL-1141,1076.0,0.0,21,933.0
2025-11-15,NBL-1141,460.0,1076.0,21,933.0
2025-11-22,NBL-1141,0.0,1076.0,21,933.0
2025-11-29,NBL-1141,1076.0,0.0,21,933.0
2025-12-06,NBL-1141,587.0,1076.0,21,933.0
2025-12-13,NBL-1141,38.0,,21,933.0
2025-12-20,NBL-1141,1076.0,0.0,21,933.0
2025-12-27,NBL-1141,665.0,1076.0,21,933.0
2026-01-03,NBL-1141,187.0,1076.0,21,933.0
2026-01-10,NBL-1141,1076.0,0.0,21,933.0
2026-01-17,NBL-1141,615.0,1076.0,21,933.0
2026-01-24,NBL-1141,217.0,1076.0,21,933.0
2026-01-31,NBL-1141,1076.0,0.0,21,933.0
2026-02-07,NBL-1141,596.0,1076.0,21,933.0
2026-02-14,NBL-1141,42.0,1076.0,21,933.0
2026-02-21,NBL-1141,1076.0,0.0,21,933.0
2026-02-28,NBL-1141,562.0,1076.0,21,933.0
2026-03-07,NBL-1141,71.0,1076.0,21,933.0
2026-03-14,NBL-1141,1076.0,0.0,21,933.0
2026-03-21,NBL-1141,472.0,1076.0,21,933.0
2026-03-28,NBL-1141,0.0,1076.0,21,933.0
2026-04-04,NBL-1141,1076.0,0.0,21,933.0
2026-04-11,NBL-1141,551.0,1076.0,21,933.0
2026-04-18,NBL-1141,0.0,1076.0,21,933.0
2026-04-25,NBL-1141,1076.0,0.0,21,933.0
2026-05-02,NBL-1141,364.0,1076.0,21,933.0
2026-05-09,NBL-1141,0.0,1076.0,21,933.0
2026-05-16,NBL-1141,1076.0,0.0,21,933.0
2026-05-23,NBL-1141,392.0,1076.0,21,933.0
2026-05-30,NBL-1141,0.0,1076.0,21,933.0
2026-06-06,NBL-1141,1076.0,0.0,21,933.0
2026-06-13,NBL-1141,333.0,1076.0,21,933.0
2026-06-20,NBL-1141,0.0,1076.0,21,933.0
2026-06-27,NBL-1141,1076.0,0.0,21,933.0
2026-07-04,NBL-1141,303.0,1076.0,21,933.0
2026-07-11,NBL-1141,0.0,1076.0,21,933.0
2024-07-13,NBL-1142,145.0,0.0,7,21.0
2024-07-20,NBL-1142,114.0,0.0,7,21.0
2024-07-27,NBL-1142,89.0,0.0,7,21.0
2024-08-03,NBL-1142,55.0,0.0,7,21.0
2024-08-10,NBL-1142,25.0,0.0,7,21.0
2024-08-17,NBL-1142,25.0,0.0,7,21.0
2024-08-24,NBL-1142,27.0,0.0,7,21.0
2024-08-31,NBL-1142,25.0,0.0,7,21.0
2024-09-07,NBL-1142,25.0,0.0,7,21.0
2024-09-14,NBL-1142,25.0,0.0,7,21.0
2024-09-21,NBL-1142,31.0,0.0,7,21.0
2024-09-28,NBL-1142,28.0,0.0,7,21.0
2024-10-05,NBL-1142,36.0,0.0,7,21.0
2024-10-12,NBL-1142,36.0,0.0,7,21.0
2024-10-19,NBL-1142,30.0,0.0,7,21.0
2024-10-26,NBL-1142,28.0,0.0,7,21.0
2024-11-02,NBL-1142,35.0,0.0,7,21.0
2024-11-09,NBL-1142,40.0,0.0,7,21.0
2024-11-16,NBL-1142,22.0,0.0,7,21.0
2024-11-23,NBL-1142,25.0,0.0,7,21.0
2024-11-30,NBL-1142,28.0,0.0,7,21.0
2024-12-07,NBL-1142,37.0,0.0,7,21.0
2024-12-14,NBL-1142,45.0,0.0,7,21.0
2024-12-21,NBL-1142,33.0,0.0,7,21.0
2024-12-28,NBL-1142,42.0,0.0,7,21.0
2025-01-04,NBL-1142,34.0,0.0,7,21.0
2025-01-11,NBL-1142,31.0,0.0,7,21.0
2025-01-18,NBL-1142,38.0,0.0,7,21.0
2025-01-25,NBL-1142,21.0,0.0,7,21.0
2025-02-01,NBL-1142,32.0,0.0,7,21.0
2025-02-08,NBL-1142,35.0,0.0,7,21.0
2025-02-15,NBL-1142,35.0,0.0,7,21.0
2025-02-22,NBL-1142,38.0,0.0,7,21.0
2025-03-01,NBL-1142,37.0,0.0,7,21.0
2025-03-08,NBL-1142,24.0,0.0,7,21.0
2025-03-15,NBL-1142,25.0,0.0,7,21.0
2025-03-22,NBL-1142,30.0,0.0,7,21.0
2025-03-29,NBL-1142,41.0,0.0,7,21.0
2025-04-05,NBL-1142,40.0,0.0,7,21.0
2025-04-12,NBL-1142,41.0,0.0,7,21.0
2025-04-19,NBL-1142,29.0,0.0,7,21.0
2025-04-26,NBL-1142,25.0,0.0,7,21.0
2025-05-03,NBL-1142,34.0,0.0,7,21.0
2025-05-10,NBL-1142,37.0,0.0,7,21.0
2025-05-17,NBL-1142,32.0,0.0,7,21.0
2025-05-24,NBL-1142,36.0,0.0,7,21.0
2025-05-31,NBL-1142,36.0,0.0,7,21.0
2025-06-07,NBL-1142,33.0,0.0,7,21.0
2025-06-14,NBL-1142,28.0,0.0,7,21.0
2025-06-21,NBL-1142,33.0,0.0,7,21.0
2025-06-28,NBL-1142,31.0,0.0,7,21.0
2025-07-05,NBL-1142,25.0,0.0,7,21.0
2025-07-12,NBL-1142,25.0,0.0,7,21.0
2025-07-19,NBL-1142,25.0,0.0,7,21.0
2025-07-26,NBL-1142,25.0,0.0,7,21.0
2025-08-02,NBL-1142,25.0,0.0,7,21.0
2025-08-09,NBL-1142,25.0,0.0,7,21.0
2025-08-16,NBL-1142,25.0,0.0,7,21.0
2025-08-23,NBL-1142,25.0,0.0,7,21.0
2025-08-30,NBL-1142,25.0,0.0,7,21.0
2025-09-06,NBL-1142,26.0,0.0,7,21.0
2025-09-13,NBL-1142,26.0,0.0,7,21.0
2025-09-20,NBL-1142,27.0,0.0,7,21.0
2025-09-27,NBL-1142,25.0,0.0,7,21.0
2025-10-04,NBL-1142,28.0,0.0,7,21.0
2025-10-11,NBL-1142,39.0,0.0,7,21.0
2025-10-18,NBL-1142,36.0,0.0,7,21.0
2025-10-25,NBL-1142,22.0,0.0,7,21.0
2025-11-01,NBL-1142,25.0,0.0,7,21.0
2025-11-08,NBL-1142,25.0,0.0,7,21.0
2025-11-15,NBL-1142,29.0,0.0,7,21.0
2025-11-22,NBL-1142,25.0,0.0,7,21.0
2025-11-29,NBL-1142,33.0,0.0,7,21.0
2025-12-06,NBL-1142,37.0,0.0,7,21.0
2025-12-13,NBL-1142,44.0,0.0,7,21.0
2025-12-20,NBL-1142,28.0,0.0,7,21.0
2025-12-27,NBL-1142,33.0,0.0,7,21.0
2026-01-03,NBL-1142,41.0,0.0,7,21.0
2026-01-10,NBL-1142,23.0,0.0,7,21.0
2026-01-17,NBL-1142,35.0,0.0,7,21.0
2026-01-24,NBL-1142,41.0,0.0,7,21.0
2026-01-31,NBL-1142,23.0,0.0,7,21.0
2026-02-07,NBL-1142,30.0,0.0,7,21.0
2026-02-14,NBL-1142,42.0,0.0,7,21.0
2026-02-21,NBL-1142,28.0,0.0,7,21.0
2026-02-28,NBL-1142,32.0,0.0,7,21.0
2026-03-07,NBL-1142,46.0,0.0,7,21.0
2026-03-14,NBL-1142,26.0,0.0,7,21.0
2026-03-21,NBL-1142,39.0,0.0,7,21.0
2026-03-28,NBL-1142,43.0,0.0,7,21.0
2026-04-04,NBL-1142,40.0,0.0,7,21.0
2026-04-11,NBL-1142,43.0,0.0,7,21.0
2026-04-18,NBL-1142,22.0,0.0,7,21.0
2026-04-25,NBL-1142,27.0,0.0,7,21.0
2026-05-02,NBL-1142,30.0,0.0,7,21.0
2026-05-09,NBL-1142,26.0,0.0,7,21.0
2026-05-16,NBL-1142,25.0,0.0,7,21.0
2026-05-23,NBL-1142,25.0,0.0,7,21.0
2026-05-30,NBL-1142,25.0,0.0,7,21.0
2026-06-06,NBL-1142,25.0,0.0,7,21.0
2026-06-13,NBL-1142,27.0,0.0,7,21.0
2026-06-20,NBL-1142,25.0,0.0,7,21.0
2026-06-27,NBL-1142,25.0,0.0,7,21.0
2026-07-04,NBL-1142,25.0,0.0,7,21.0
2026-07-11,NBL-1142,28.0,0.0,7,21.0
2024-07-13,NBL-1143,538.0,0.0,21,263.0
2024-07-20,NBL-1143,431.0,0.0,21,263.0
2024-07-27,NBL-1143,327.0,0.0,21,263.0
2024-08-03,NBL-1143,514.0,,21,263.0
2024-08-10,NBL-1143,383.0,0.0,21,263.0
2024-08-17,NBL-1143,275.0,0.0,21,263.0
2024-08-24,NBL-1143,462.0,0.0,21,263.0
2024-08-31,NBL-1143,346.0,0.0,21,263.0
2024-09-07,NBL-1143,257.0,304.0,21,263.0
2024-09-14,NBL-1143,460.0,0.0,21,263.0
2024-09-21,NBL-1143,362.0,0.0,21,263.0
2024-09-28,NBL-1143,237.0,304.0,21,263.0
2024-10-05,NBL-1143,436.0,0.0,21,263.0
2024-10-12,NBL-1143,333.0,0.0,21,263.0
2024-10-19,NBL-1143,206.0,304.0,21,263.0
2024-10-26,NBL-1143,398.0,0.0,21,263.0
2024-11-02,NBL-1143,307.0,0.0,21,263.0
2024-11-09,NBL-1143,211.0,304.0,21,263.0
2024-11-16,NBL-1143,415.0,0.0,21,263.0
2024-11-23,NBL-1143,301.0,0.0,21,263.0
2024-11-30,NBL-1143,210.0,304.0,21,263.0
2024-12-07,NBL-1143,421.0,0.0,21,263.0
2024-12-14,NBL-1143,319.0,0.0,21,263.0
2024-12-21,NBL-1143,212.0,304.0,21,263.0
2024-12-28,NBL-1143,426.0,0.0,21,263.0
2025-01-04,NBL-1143,335.0,0.0,21,263.0
2025-01-11,NBL-1143,235.0,304.0,21,263.0
2025-01-18,NBL-1143,455.0,0.0,21,263.0
2025-01-25,NBL-1143,369.0,0.0,21,263.0
2025-02-01,NBL-1143,279.0,0.0,21,263.0
2025-02-08,NBL-1143,485.0,0.0,21,263.0
2025-02-15,NBL-1143,403.0,0.0,21,263.0
2025-02-22,NBL-1143,325.0,0.0,21,263.0
2025-03-01,NBL-1143,517.0,0.0,21,263.0
2025-03-08,NBL-1143,417.0,0.0,21,263.0
2025-03-15,NBL-1143,309.0,0.0,21,263.0
2025-03-22,NBL-1143,498.0,0.0,21,263.0
2025-03-29,NBL-1143,391.0,0.0,21,263.0
2025-04-05,NBL-1143,309.0,0.0,21,263.0
2025-04-12,NBL-1143,511.0,0.0,21,263.0
2025-04-19,NBL-1143,404.0,0.0,21,263.0
2025-04-26,NBL-1143,301.0,0.0,21,263.0
2025-05-03,NBL-1143,486.0,0.0,21,263.0
2025-05-10,NBL-1143,376.0,0.0,21,263.0
2025-05-17,NBL-1143,281.0,0.0,21,263.0
2025-05-24,NBL-1143,463.0,0.0,21,263.0
2025-05-31,NBL-1143,332.0,0.0,21,263.0
2025-06-07,NBL-1143,212.0,304.0,21,263.0
2025-06-14,NBL-1143,410.0,0.0,21,263.0
2025-06-21,NBL-1143,275.0,0.0,21,263.0
2025-06-28,NBL-1143,156.0,304.0,21,263.0
2025-07-05,NBL-1143,331.0,0.0,21,263.0
2025-07-12,NBL-1143,218.0,304.0,21,263.0
2025-07-19,NBL-1143,74.0,304.0,21,263.0
2025-07-26,NBL-1143,304.0,0.0,21,263.0
2025-08-02,NBL-1143,187.0,304.0,21,263.0
2025-08-09,NBL-1143,53.0,304.0,21,263.0
2025-08-16,NBL-1143,304.0,0.0,21,263.0
2025-08-23,NBL-1143,171.0,304.0,21,263.0
2025-08-30,NBL-1143,39.0,304.0,21,263.0
2025-09-06,NBL-1143,304.0,0.0,21,263.0
2025-09-13,NBL-1143,165.0,304.0,21,263.0
2025-09-20,NBL-1143,34.0,304.0,21,263.0
2025-09-27,NBL-1143,304.0,0.0,21,263.0
2025-10-04,NBL-1143,191.0,304.0,21,263.0
2025-10-11,NBL-1143,33.0,304.0,21,263.0
2025-10-18,NBL-1143,304.0,0.0,21,263.0
2025-10-25,NBL-1143,188.0,304.0,21,263.0
2025-11-01,NBL-1143,83.0,304.0,21,263.0
2025-11-08,NBL-1143,304.0,0.0,21,263.0
2025-11-15,NBL-1143,179.0,304.0,21,263.0
2025-11-22,NBL-1143,53.0,304.0,21,263.0
2025-11-29,NBL-1143,304.0,0.0,21,263.0
2025-12-06,NBL-1143,178.0,304.0,21,263.0
2025-12-13,NBL-1143,45.0,304.0,21,263.0
2025-12-20,NBL-1143,304.0,0.0,21,263.0
2025-12-27,NBL-1143,197.0,304.0,21,263.0
2026-01-03,NBL-1143,72.0,304.0,21,263.0
2026-01-10,NBL-1143,304.0,0.0,21,263.0
2026-01-17,NBL-1143,194.0,304.0,21,263.0
2026-01-24,NBL-1143,76.0,304.0,21,263.0
2026-01-31,NBL-1143,304.0,0.0,21,263.0
2026-02-07,NBL-1143,187.0,304.0,21,263.0
2026-02-14,NBL-1143,68.0,304.0,21,263.0
2026-02-21,NBL-1143,304.0,0.0,21,263.0
2026-02-28,NBL-1143,184.0,304.0,21,263.0
2026-03-07,NBL-1143,56.0,304.0,21,263.0
2026-03-14,NBL-1143,304.0,0.0,21,263.0
2026-03-21,NBL-1143,190.0,304.0,21,263.0
2026-03-28,NBL-1143,97.0,304.0,21,263.0
2026-04-04,NBL-1143,304.0,0.0,21,263.0
2026-04-11,NBL-1143,156.0,304.0,21,263.0
2026-04-18,NBL-1143,45.0,304.0,21,263.0
2026-04-25,NBL-1143,304.0,0.0,21,263.0
2026-05-02,NBL-1143,156.0,304.0,21,263.0
2026-05-09,NBL-1143,28.0,304.0,21,263.0
2026-05-16,NBL-1143,304.0,0.0,21,263.0
2026-05-23,NBL-1143,180.0,304.0,21,263.0
2026-05-30,NBL-1143,27.0,304.0,21,263.0
2026-06-06,NBL-1143,304.0,0.0,21,263.0
2026-06-13,NBL-1143,155.0,304.0,21,263.0
2026-06-20,NBL-1143,0.0,304.0,21,263.0
2026-06-27,NBL-1143,304.0,0.0,21,263.0
2026-07-04,NBL-1143,158.0,304.0,21,263.0
2026-07-11,NBL-1143,12.0,304.0,21,263.0
2024-07-13,NBL-1144,574.0,0.0,28,269.0
2024-07-20,NBL-1144,491.0,0.0,28,269.0
2024-07-27,NBL-1144,401.0,0.0,28,269.0
2024-08-03,NBL-1144,324.0,0.0,28,269.0
2024-08-10,NBL-1144,542.0,0.0,28,269.0
2024-08-17,NBL-1144,468.0,0.0,28,269.0
2024-08-24,NBL-1144,386.0,0.0,28,269.0
2024-08-31,NBL-1144,310.0,0.0,28,269.0
2024-09-07,NBL-1144,539.0,0.0,28,269.0
2024-09-14,NBL-1144,468.0,0.0,28,269.0
2024-09-21,NBL-1144,391.0,0.0,28,269.0
2024-09-28,NBL-1144,287.0,0.0,28,269.0
2024-10-05,NBL-1144,521.0,0.0,28,269.0
2024-10-12,NBL-1144,439.0,0.0,28,269.0
2024-10-19,NBL-1144,363.0,0.0,28,269.0
2024-10-26,NBL-1144,286.0,0.0,28,269.0
2024-11-02,NBL-1144,538.0,0.0,28,269.0
2024-11-09,NBL-1144,445.0,0.0,28,269.0
2024-11-16,NBL-1144,375.0,0.0,28,269.0
2024-11-23,NBL-1144,302.0,0.0,28,269.0
2024-11-30,NBL-1144,569.0,0.0,28,269.0
2024-12-07,NBL-1144,517.0,0.0,28,269.0
2024-12-14,NBL-1144,451.0,0.0,28,269.0
2024-12-21,NBL-1144,380.0,0.0,28,269.0
2024-12-28,NBL-1144,323.0,0.0,28,269.0
2025-01-04,NBL-1144,250.0,311.0,28,269.0
2025-01-11,NBL-1144,187.0,311.0,28,269.0
2025-01-18,NBL-1144,126.0,311.0,28,269.0
2025-01-25,NBL-1144,368.0,0.0,28,269.0
2025-02-01,NBL-1144,301.0,0.0,28,269.0
2025-02-08,NBL-1144,258.0,311.0,28,269.0
2025-02-15,NBL-1144,193.0,311.0,28,269.0
2025-02-22,NBL-1144,441.0,0.0,28,269.0
2025-03-01,NBL-1144,367.0,0.0,28,269.0
2025-03-08,NBL-1144,297.0,0.0,28,269.0
2025-03-15,NBL-1144,218.0,311.0,28,269.0
2025-03-22,NBL-1144,456.0,0.0,28,269.0
2025-03-29,NBL-1144,410.0,0.0,28,269.0
2025-04-05,NBL-1144,344.0,0.0,28,269.0
2025-04-12,NBL-1144,267.0,311.0,28,269.0
2025-04-19,NBL-1144,520.0,0.0,28,269.0
2025-04-26,NBL-1144,435.0,0.0,28,269.0
2025-05-03,NBL-1144,352.0,0.0,28,269.0
2025-05-10,NBL-1144,279.0,0.0,28,269.0
2025-05-17,NBL-1144,536.0,0.0,28,269.0
2025-05-24,NBL-1144,481.0,0.0,28,269.0
2025-05-31,NBL-1144,398.0,0.0,28,269.0
2025-06-07,NBL-1144,329.0,0.0,28,269.0
2025-06-14,NBL-1144,566.0,0.0,28,269.0
2025-06-21,NBL-1144,489.0,0.0,28,269.0
2025-06-28,NBL-1144,408.0,0.0,28,269.0
2025-07-05,NBL-1144,339.0,0.0,28,269.0
2025-07-12,NBL-1144,569.0,0.0,28,269.0
2025-07-19,NBL-1144,507.0,0.0,28,269.0
2025-07-26,NBL-1144,429.0,0.0,28,269.0
2025-08-02,NBL-1144,353.0,0.0,28,269.0
2025-08-09,NBL-1144,277.0,0.0,28,269.0
2025-08-16,NBL-1144,189.0,311.0,28,269.0
2025-08-23,NBL-1144,112.0,311.0,28,269.0
2025-08-30,NBL-1144,53.0,311.0,28,269.0
2025-09-06,NBL-1144,311.0,0.0,28,269.0
2025-09-13,NBL-1144,207.0,311.0,28,269.0
2025-09-20,NBL-1144,127.0,311.0,28,269.0
2025-09-27,NBL-1144,46.0,311.0,28,269.0
2025-10-04,NBL-1144,311.0,0.0,28,269.0
2025-10-11,NBL-1144,225.0,311.0,28,269.0
2025-10-18,NBL-1144,151.0,311.0,28,269.0
2025-10-25,NBL-1144,80.0,311.0,28,269.0
2025-11-01,NBL-1144,326.0,0.0,28,269.0
2025-11-08,NBL-1144,254.0,311.0,28,269.0
2025-11-15,NBL-1144,199.0,311.0,28,269.0
2025-11-22,NBL-1144,122.0,311.0,28,269.0
2025-11-29,NBL-1144,367.0,0.0,28,269.0
2025-12-06,NBL-1144,294.0,0.0,28,269.0
2025-12-13,NBL-1144,222.0,311.0,28,269.0
2025-12-20,NBL-1144,146.0,311.0,28,269.0
2025-12-27,NBL-1144,407.0,0.0,28,269.0
2026-01-03,NBL-1144,341.0,0.0,28,269.0
2026-01-10,NBL-1144,264.0,311.0,28,269.0
2026-01-17,NBL-1144,201.0,311.0,28,269.0
2026-01-24,NBL-1144,446.0,0.0,28,269.0
2026-01-31,NBL-1144,381.0,0.0,28,269.0
2026-02-07,NBL-1144,314.0,0.0,28,269.0
2026-02-14,NBL-1144,236.0,311.0,28,269.0
2026-02-21,NBL-1144,465.0,0.0,28,269.0
2026-02-28,NBL-1144,400.0,0.0,28,269.0
2026-03-07,NBL-1144,333.0,0.0,28,269.0
2026-03-14,NBL-1144,257.0,311.0,28,269.0
2026-03-21,NBL-1144,491.0,0.0,28,269.0
2026-03-28,NBL-1144,426.0,0.0,28,269.0
2026-04-04,NBL-1144,355.0,0.0,28,269.0
2026-04-11,NBL-1144,276.0,0.0,28,269.0
2026-04-18,NBL-1144,523.0,0.0,28,269.0
2026-04-25,NBL-1144,450.0,0.0,28,269.0
2026-05-02,NBL-1144,383.0,0.0,28,269.0
2026-05-09,NBL-1144,308.0,0.0,28,269.0
2026-05-16,NBL-1144,544.0,0.0,28,269.0
2026-05-23,NBL-1144,466.0,0.0,28,269.0
2026-05-30,NBL-1144,384.0,0.0,28,269.0
2026-06-06,NBL-1144,306.0,0.0,28,269.0
2026-06-13,NBL-1144,551.0,0.0,28,269.0
2026-06-20,NBL-1144,465.0,0.0,28,269.0
2026-06-27,NBL-1144,399.0,0.0,28,269.0
2026-07-04,NBL-1144,322.0,0.0,28,269.0
2026-07-11,NBL-1144,538.0,0.0,28,269.0
2024-07-13,NBL-1145,690.0,0.0,10,388.0
2024-07-20,NBL-1145,265.0,448.0,10,388.0
2024-07-27,NBL-1145,370.0,448.0,10,388.0
2024-08-03,NBL-1145,415.0,0.0,10,388.0
2024-08-10,NBL-1145,0.0,448.0,10,388.0
2024-08-17,NBL-1145,179.0,448.0,10,388.0
2024-08-24,NBL-1145,330.0,448.0,10,388.0
2024-08-31,NBL-1145,0.0,448.0,10,388.0
2024-09-07,NBL-1145,151.0,448.0,10,388.0
2024-09-14,NBL-1145,336.0,448.0,10,388.0
2024-09-21,NBL-1145,448.0,0.0,10,388.0
2024-09-28,NBL-1145,14.0,448.0,10,388.0
2024-10-05,NBL-1145,215.0,448.0,10,388.0
2024-10-12,NBL-1145,416.0,,10,388.0
2024-10-19,NBL-1145,140.0,448.0,10,388.0
2024-10-26,NBL-1145,285.0,448.0,10,388.0
2024-11-02,NBL-1145,420.0,0.0,10,388.0
2024-11-09,NBL-1145,139.0,448.0,10,388.0
2024-11-16,NBL-1145,312.0,448.0,10,388.0
2024-11-23,NBL-1145,462.0,0.0,10,388.0
2024-11-30,NBL-1145,681.0,0.0,10,388.0
2024-12-07,NBL-1145,461.0,0.0,10,388.0
2024-12-14,NBL-1145,674.0,0.0,10,388.0
2024-12-21,NBL-1145,389.0,0.0,10,388.0
2024-12-28,NBL-1145,145.0,,10,388.0
2025-01-04,NBL-1145,379.0,448.0,10,388.0
2025-01-11,NBL-1145,548.0,0.0,10,388.0
2025-01-18,NBL-1145,305.0,448.0,10,388.0
2025-01-25,NBL-1145,503.0,0.0,10,388.0
2025-02-01,NBL-1145,670.0,,10,388.0
2025-02-08,NBL-1145,827.0,0.0,10,388.0
2025-02-15,NBL-1145,584.0,0.0,10,388.0
2025-02-22,NBL-1145,330.0,448.0,10,388.0
2025-03-01,NBL-1145,536.0,0.0,10,388.0
2025-03-08,NBL-1145,279.0,448.0,10,388.0
2025-03-15,NBL-1145,434.0,0.0,10,388.0
2025-03-22,NBL-1145,476.0,0.0,10,388.0
2025-03-29,NBL-1145,129.0,448.0,10,388.0
2025-04-05,NBL-1145,177.0,448.0,10,388.0
2025-04-12,NBL-1145,337.0,448.0,10,388.0
2025-04-19,NBL-1145,460.0,0.0,10,388.0
2025-04-26,NBL-1145,172.0,448.0,10,388.0
2025-05-03,NBL-1145,315.0,448.0,10,388.0
2025-05-10,NBL-1145,432.0,0.0,10,388.0
2025-05-17,NBL-1145,0.0,448.0,10,388.0
2025-05-24,NBL-1145,198.0,448.0,10,388.0
2025-05-31,NBL-1145,367.0,448.0,10,388.0
2025-06-07,NBL-1145,0.0,448.0,10,388.0
2025-06-14,NBL-1145,84.0,448.0,10,388.0
2025-06-21,NBL-1145,282.0,448.0,10,388.0
2025-06-28,NBL-1145,448.0,0.0,10,388.0
2025-07-05,NBL-1145,0.0,448.0,10,388.0
2025-07-12,NBL-1145,266.0,448.0,10,388.0
2025-07-19,NBL-1145,389.0,0.0,10,388.0
2025-07-26,NBL-1145,0.0,448.0,10,388.0
2025-08-02,NBL-1145,143.0,448.0,10,388.0
2025-08-09,NBL-1145,359.0,448.0,10,388.0
2025-08-16,NBL-1145,0.0,448.0,10,388.0
2025-08-23,NBL-1145,102.0,448.0,10,388.0
2025-08-30,NBL-1145,259.0,448.0,10,388.0
2025-09-06,NBL-1145,448.0,0.0,10,388.0
2025-09-13,NBL-1145,30.0,448.0,10,388.0
2025-09-20,NBL-1145,220.0,448.0,10,388.0
2025-09-27,NBL-1145,417.0,0.0,10,388.0
2025-10-04,NBL-1145,65.0,448.0,10,388.0
2025-10-11,NBL-1145,167.0,448.0,10,388.0
2025-10-18,NBL-1145,392.0,0.0,10,388.0
2025-10-25,NBL-1145,50.0,448.0,10,388.0
2025-11-01,NBL-1145,85.0,448.0,10,388.0
2025-11-08,NBL-1145,302.0,448.0,10,388.0
2025-11-15,NBL-1145,448.0,0.0,10,388.0
2025-11-22,NBL-1145,151.0,448.0,10,388.0
2025-11-29,NBL-1145,288.0,448.0,10,388.0
2025-12-06,NBL-1145,497.0,0.0,10,388.0
2025-12-13,NBL-1145,174.0,448.0,10,388.0
2025-12-20,NBL-1145,365.0,448.0,10,388.0
2025-12-27,NBL-1145,523.0,0.0,10,388.0
2026-01-03,NBL-1145,233.0,448.0,10,388.0
2026-01-10,NBL-1145,415.0,0.0,10,388.0
2026-01-17,NBL-1145,614.0,0.0,10,388.0
2026-01-24,NBL-1145,754.0,0.0,10,388.0
2026-01-31,NBL-1145,495.0,0.0,10,388.0
2026-02-07,NBL-1145,671.0,0.0,10,388.0
2026-02-14,NBL-1145,450.0,0.0,10,388.0
2026-02-21,NBL-1145,158.0,448.0,10,388.0
2026-02-28,NBL-1145,280.0,448.0,10,388.0
2026-03-07,NBL-1145,363.0,448.0,10,388.0
2026-03-14,NBL-1145,111.0,448.0,10,388.0
2026-03-21,NBL-1145,212.0,448.0,10,388.0
2026-03-28,NBL-1145,289.0,448.0,10,388.0
2026-04-04,NBL-1145,448.0,0.0,10,388.0
2026-04-11,NBL-1145,122.0,448.0,10,388.0
2026-04-18,NBL-1145,247.0,448.0,10,388.0
2026-04-25,NBL-1145,399.0,0.0,10,388.0
2026-05-02,NBL-1145,0.0,448.0,10,388.0
2026-05-09,NBL-1145,188.0,448.0,10,388.0
2026-05-16,NBL-1145,358.0,448.0,10,388.0
2026-05-23,NBL-1145,0.0,448.0,10,388.0
2026-05-30,NBL-1145,90.0,448.0,10,388.0
2026-06-06,NBL-1145,270.0,448.0,10,388.0
2026-06-13,NBL-1145,448.0,0.0,10,388.0
2026-06-20,NBL-1145,0.0,448.0,10,388.0
2026-06-27,NBL-1145,145.0,448.0,10,388.0
2026-07-04,NBL-1145,421.0,0.0,10,388.0
2026-07-11,NBL-1145,0.0,448.0,10,388.0
2024-07-13,NBL-1146,680.0,0.0,14,364.0
2024-07-20,NBL-1146,449.0,0.0,14,364.0
2024-07-27,NBL-1146,597.0,0.0,14,364.0
2024-08-03,NBL-1146,320.0,420.0,14,364.0
2024-08-10,NBL-1146,473.0,,14,364.0
2024-08-17,NBL-1146,203.0,420.0,14,364.0
2024-08-24,NBL-1146,421.0,0.0,14,364.0
2024-08-31,NBL-1146,182.0,420.0,14,364.0
2024-09-07,NBL-1146,420.0,0.0,14,364.0
2024-09-14,NBL-1146,180.0,420.0,14,364.0
2024-09-21,NBL-1146,420.0,0.0,14,364.0
2024-09-28,NBL-1146,238.0,420.0,14,364.0
2024-10-05,NBL-1146,442.0,0.0,14,364.0
2024-10-12,NBL-1146,264.0,420.0,14,364.0
2024-10-19,NBL-1146,503.0,0.0,14,364.0
2024-10-26,NBL-1146,366.0,0.0,14,364.0
2024-11-02,NBL-1146,634.0,0.0,14,364.0
2024-11-09,NBL-1146,462.0,0.0,14,364.0
2024-11-16,NBL-1146,708.0,0.0,14,364.0
2024-11-23,NBL-1146,569.0,0.0,14,364.0
2024-11-30,NBL-1146,387.0,0.0,14,364.0
2024-12-07,NBL-1146,251.0,420.0,14,364.0
2024-12-14,NBL-1146,523.0,0.0,14,364.0
2024-12-21,NBL-1146,375.0,0.0,14,364.0
2024-12-28,NBL-1146,696.0,0.0,14,364.0
2025-01-04,NBL-1146,512.0,0.0,14,364.0
2025-01-11,NBL-1146,387.0,0.0,14,364.0
2025-01-18,NBL-1146,262.0,420.0,14,364.0
2025-01-25,NBL-1146,529.0,0.0,14,364.0
2025-02-01,NBL-1146,388.0,0.0,14,364.0
2025-02-08,NBL-1146,673.0,0.0,14,364.0
2025-02-15,NBL-1146,525.0,0.0,14,364.0
2025-02-22,NBL-1146,782.0,0.0,14,364.0
2025-03-01,NBL-1146,615.0,0.0,14,364.0
2025-03-08,NBL-1146,483.0,0.0,14,364.0
2025-03-15,NBL-1146,341.0,420.0,14,364.0
2025-03-22,NBL-1146,641.0,0.0,14,364.0
2025-03-29,NBL-1146,439.0,0.0,14,364.0
2025-04-05,NBL-1146,688.0,0.0,14,364.0
2025-04-12,NBL-1146,550.0,0.0,14,364.0
2025-04-19,NBL-1146,389.0,0.0,14,364.0
2025-04-26,NBL-1146,225.0,420.0,14,364.0
2025-05-03,NBL-1146,443.0,0.0,14,364.0
2025-05-10,NBL-1146,264.0,420.0,14,364.0
2025-05-17,NBL-1146,531.0,0.0,14,364.0
2025-05-24,NBL-1146,274.0,420.0,14,364.0
2025-05-31,NBL-1146,512.0,0.0,14,364.0
2025-06-07,NBL-1146,341.0,420.0,14,364.0
2025-06-14,NBL-1146,583.0,0.0,14,364.0
2025-06-21,NBL-1146,392.0,0.0,14,364.0
2025-06-28,NBL-1146,614.0,0.0,14,364.0
2025-07-05,NBL-1146,421.0,0.0,14,364.0
2025-07-12,NBL-1146,634.0,0.0,14,364.0
2025-07-19,NBL-1146,413.0,0.0,14,364.0
2025-07-26,NBL-1146,646.0,0.0,14,364.0
2025-08-02,NBL-1146,463.0,0.0,14,364.0
2025-08-09,NBL-1146,673.0,0.0,14,364.0
2025-08-16,NBL-1146,506.0,0.0,14,364.0
2025-08-23,NBL-1146,705.0,0.0,14,364.0
2025-08-30,NBL-1146,533.0,0.0,14,364.0
2025-09-06,NBL-1146,762.0,0.0,14,364.0
2025-09-13,NBL-1146,567.0,0.0,14,364.0
2025-09-20,NBL-1146,417.0,0.0,14,364.0
2025-09-27,NBL-1146,222.0,420.0,14,364.0
2025-10-04,NBL-1146,470.0,0.0,14,364.0
2025-10-11,NBL-1146,334.0,420.0,14,364.0
2025-10-18,NBL-1146,557.0,0.0,14,364.0
2025-10-25,NBL-1146,405.0,0.0,14,364.0
2025-11-01,NBL-1146,672.0,0.0,14,364.0
2025-11-08,NBL-1146,510.0,0.0,14,364.0
2025-11-15,NBL-1146,774.0,0.0,14,364.0
2025-11-22,NBL-1146,658.0,0.0,14,364.0
2025-11-29,NBL-1146,499.0,0.0,14,364.0
2025-12-06,NBL-1146,333.0,420.0,14,364.0
2025-12-13,NBL-1146,631.0,0.0,14,364.0
2025-12-20,NBL-1146,511.0,0.0,14,364.0
2025-12-27,NBL-1146,413.0,0.0,14,364.0
2026-01-03,NBL-1146,302.0,420.0,14,364.0
2026-01-10,NBL-1146,610.0,0.0,14,364.0
2026-01-17,NBL-1146,512.0,0.0,14,364.0
2026-01-24,NBL-1146,409.0,0.0,14,364.0
2026-01-31,NBL-1146,317.0,420.0,14,364.0
2026-02-07,NBL-1146,645.0,0.0,14,364.0
2026-02-14,NBL-1146,533.0,0.0,14,364.0
2026-02-21,NBL-1146,428.0,0.0,14,364.0
2026-02-28,NBL-1146,297.0,420.0,14,364.0
2026-03-07,NBL-1146,620.0,0.0,14,364.0
2026-03-14,NBL-1146,552.0,0.0,14,364.0
2026-03-21,NBL-1146,449.0,0.0,14,364.0
2026-03-28,NBL-1146,317.0,420.0,14,364.0
2026-04-04,NBL-1146,617.0,0.0,14,364.0
2026-04-11,NBL-1146,501.0,0.0,14,364.0
2026-04-18,NBL-1146,369.0,0.0,14,364.0
2026-04-25,NBL-1146,235.0,420.0,14,364.0
2026-05-02,NBL-1146,507.0,0.0,14,364.0
2026-05-09,NBL-1146,362.0,420.0,14,364.0
2026-05-16,NBL-1146,628.0,0.0,14,364.0
2026-05-23,NBL-1146,496.0,0.0,14,364.0
2026-05-30,NBL-1146,777.0,0.0,14,364.0
2026-06-06,NBL-1146,622.0,0.0,14,364.0
2026-06-13,NBL-1146,459.0,0.0,14,364.0
2026-06-20,NBL-1146,297.0,420.0,14,364.0
2026-06-27,NBL-1146,595.0,0.0,14,364.0
2026-07-04,NBL-1146,442.0,0.0,14,364.0
2026-07-11,NBL-1146,728.0,0.0,14,364.0
2024-07-13,NBL-1147,855.0,0.0,21,600.0
2024-07-20,NBL-1147,587.0,692.0,21,600.0
2024-07-27,NBL-1147,314.0,692.0,21,600.0
2024-08-03,NBL-1147,761.0,0.0,21,600.0
2024-08-10,NBL-1147,508.0,692.0,21,600.0
2024-08-17,NBL-1147,236.0,692.0,21,600.0
2024-08-24,NBL-1147,692.0,0.0,21,600.0
2024-08-31,NBL-1147,441.0,692.0,21,600.0
2024-09-07,NBL-1147,199.0,692.0,21,600.0
2024-09-14,NBL-1147,692.0,0.0,21,600.0
2024-09-21,NBL-1147,469.0,692.0,21,600.0
2024-09-28,NBL-1147,205.0,692.0,21,600.0
2024-10-05,NBL-1147,692.0,0.0,21,600.0
2024-10-12,NBL-1147,386.0,692.0,21,600.0
2024-10-19,NBL-1147,173.0,692.0,21,600.0
2024-10-26,NBL-1147,692.0,0.0,21,600.0
2024-11-02,NBL-1147,440.0,692.0,21,600.0
2024-11-09,NBL-1147,188.0,692.0,21,600.0
2024-11-16,NBL-1147,692.0,0.0,21,600.0
2024-11-23,NBL-1147,466.0,692.0,21,600.0
2024-11-30,NBL-1147,309.0,692.0,21,600.0
2024-12-07,NBL-1147,794.0,0.0,21,600.0
2024-12-14,NBL-1147,576.0,692.0,21,600.0
2024-12-21,NBL-1147,365.0,692.0,21,600.0
2024-12-28,NBL-1147,884.0,0.0,21,600.0
2025-01-04,NBL-1147,707.0,0.0,21,600.0
2025-01-11,NBL-1147,547.0,692.0,21,600.0
2025-01-18,NBL-1147,1081.0,0.0,21,600.0
2025-01-25,NBL-1147,911.0,0.0,21,600.0
2025-02-01,NBL-1147,719.0,0.0,21,600.0
2025-02-08,NBL-1147,1246.0,0.0,21,600.0
2025-02-15,NBL-1147,1099.0,,21,600.0
2025-02-22,NBL-1147,938.0,0.0,21,600.0
2025-03-01,NBL-1147,703.0,0.0,21,600.0
2025-03-08,NBL-1147,543.0,692.0,21,600.0
2025-03-15,NBL-1147,361.0,,21,600.0
2025-03-22,NBL-1147,829.0,0.0,21,600.0
2025-03-29,NBL-1147,599.0,692.0,21,600.0
2025-04-05,NBL-1147,377.0,692.0,21,600.0
2025-04-12,NBL-1147,871.0,0.0,21,600.0
2025-04-19,NBL-1147,663.0,0.0,21,600.0
2025-04-26,NBL-1147,394.0,692.0,21,600.0
2025-05-03,NBL-1147,783.0,0.0,21,600.0
2025-05-10,NBL-1147,523.0,692.0,21,600.0
2025-05-17,NBL-1147,278.0,692.0,21,600.0
2025-05-24,NBL-1147,692.0,0.0,21,600.0
2025-05-31,NBL-1147,355.0,692.0,21,600.0
2025-06-07,NBL-1147,96.0,692.0,21,600.0
2025-06-14,NBL-1147,692.0,0.0,21,600.0
2025-06-21,NBL-1147,460.0,692.0,21,600.0
2025-06-28,NBL-1147,157.0,692.0,21,600.0
2025-07-05,NBL-1147,692.0,0.0,21,600.0
2025-07-12,NBL-1147,383.0,692.0,21,600.0
2025-07-19,NBL-1147,57.0,692.0,21,600.0
2025-07-26,NBL-1147,692.0,0.0,21,600.0
2025-08-02,NBL-1147,363.0,692.0,21,600.0
2025-08-09,NBL-1147,64.0,692.0,21,600.0
2025-08-16,NBL-1147,692.0,0.0,21,600.0
2025-08-23,NBL-1147,407.0,692.0,21,600.0
2025-08-30,NBL-1147,104.0,692.0,21,600.0
2025-09-06,NBL-1147,692.0,,21,600.0
2025-09-13,NBL-1147,395.0,692.0,21,600.0
2025-09-20,NBL-1147,139.0,692.0,21,600.0
2025-09-27,NBL-1147,692.0,0.0,21,600.0
2025-10-04,NBL-1147,391.0,692.0,21,600.0
2025-10-11,NBL-1147,126.0,692.0,21,600.0
2025-10-18,NBL-1147,692.0,0.0,21,600.0
2025-10-25,NBL-1147,506.0,692.0,21,600.0
2025-11-01,NBL-1147,281.0,692.0,21,600.0
2025-11-08,NBL-1147,692.0,0.0,21,600.0
2025-11-15,NBL-1147,453.0,692.0,21,600.0
2025-11-22,NBL-1147,238.0,692.0,21,600.0
2025-11-29,NBL-1147,692.0,0.0,21,600.0
2025-12-06,NBL-1147,468.0,692.0,21,600.0
2025-12-13,NBL-1147,265.0,692.0,21,600.0
2025-12-20,NBL-1147,759.0,0.0,21,600.0
2025-12-27,NBL-1147,551.0,692.0,21,600.0
2026-01-03,NBL-1147,371.0,692.0,21,600.0
2026-01-10,NBL-1147,876.0,0.0,21,600.0
2026-01-17,NBL-1147,687.0,0.0,21,600.0
2026-01-24,NBL-1147,525.0,692.0,21,600.0
2026-01-31,NBL-1147,995.0,0.0,21,600.0
2026-02-07,NBL-1147,815.0,0.0,21,600.0
2026-02-14,NBL-1147,620.0,0.0,21,600.0
2026-02-21,NBL-1147,1124.0,0.0,21,600.0
2026-02-28,NBL-1147,916.0,0.0,21,600.0
2026-03-07,NBL-1147,722.0,0.0,21,600.0
2026-03-14,NBL-1147,1164.0,0.0,21,600.0
2026-03-21,NBL-1147,949.0,0.0,21,600.0
2026-03-28,NBL-1147,780.0,0.0,21,600.0
2026-04-04,NBL-1147,602.0,0.0,21,600.0
2026-04-11,NBL-1147,417.0,692.0,21,600.0
2026-04-18,NBL-1147,128.0,692.0,21,600.0
2026-04-25,NBL-1147,692.0,0.0,21,600.0
2026-05-02,NBL-1147,425.0,692.0,21,600.0
2026-05-09,NBL-1147,123.0,692.0,21,600.0
2026-05-16,NBL-1147,692.0,0.0,21,600.0
2026-05-23,NBL-1147,456.0,692.0,21,600.0
2026-05-30,NBL-1147,152.0,692.0,21,600.0
2026-06-06,NBL-1147,692.0,0.0,21,600.0
2026-06-13,NBL-1147,398.0,692.0,21,600.0
2026-06-20,NBL-1147,121.0,692.0,21,600.0
2026-06-27,NBL-1147,692.0,0.0,21,600.0
2026-07-04,NBL-1147,332.0,692.0,21,600.0
2026-07-11,NBL-1147,43.0,692.0,21,600.0
2024-07-13,NBL-1148,189.0,0.0,7,110.0
2024-07-20,NBL-1148,180.0,0.0,7,110.0
2024-07-27,NBL-1148,153.0,0.0,7,110.0
2024-08-03,NBL-1148,127.0,0.0,7,110.0
2024-08-10,NBL-1148,127.0,0.0,7,110.0
2024-08-17,NBL-1148,127.0,0.0,7,110.0
2024-08-24,NBL-1148,127.0,0.0,7,110.0
2024-08-31,NBL-1148,127.0,0.0,7,110.0
2024-09-07,NBL-1148,127.0,0.0,7,110.0
2024-09-14,NBL-1148,128.0,0.0,7,110.0
2024-09-21,NBL-1148,127.0,0.0,7,110.0
2024-09-28,NBL-1148,127.0,0.0,7,110.0
2024-10-05,NBL-1148,127.0,0.0,7,110.0
2024-10-12,NBL-1148,127.0,0.0,7,110.0
2024-10-19,NBL-1148,127.0,0.0,7,110.0
2024-10-26,NBL-1148,141.0,0.0,7,110.0
2024-11-02,NBL-1148,175.0,0.0,7,110.0
2024-11-09,NBL-1148,192.0,0.0,7,110.0
2024-11-16,NBL-1148,187.0,0.0,7,110.0
2024-11-23,NBL-1148,214.0,0.0,7,110.0
2024-11-30,NBL-1148,146.0,0.0,7,110.0
2024-12-07,NBL-1148,149.0,0.0,7,110.0
2024-12-14,NBL-1148,180.0,0.0,7,110.0
2024-12-21,NBL-1148,212.0,0.0,7,110.0
2024-12-28,NBL-1148,115.0,0.0,7,110.0
2025-01-04,NBL-1148,157.0,0.0,7,110.0
2025-01-11,NBL-1148,184.0,0.0,7,110.0
2025-01-18,NBL-1148,211.0,0.0,7,110.0
2025-01-25,NBL-1148,118.0,0.0,7,110.0
2025-02-01,NBL-1148,165.0,0.0,7,110.0
2025-02-08,NBL-1148,188.0,0.0,7,110.0
2025-02-15,NBL-1148,192.0,0.0,7,110.0
2025-02-22,NBL-1148,219.0,0.0,7,110.0
2025-03-01,NBL-1148,110.0,0.0,7,110.0
2025-03-08,NBL-1148,127.0,0.0,7,110.0
2025-03-15,NBL-1148,141.0,0.0,7,110.0
2025-03-22,NBL-1148,143.0,0.0,7,110.0
2025-03-29,NBL-1148,155.0,0.0,7,110.0
2025-04-05,NBL-1148,127.0,0.0,7,110.0
2025-04-12,NBL-1148,150.0,0.0,7,110.0
2025-04-19,NBL-1148,142.0,0.0,7,110.0
2025-04-26,NBL-1148,154.0,0.0,7,110.0
2025-05-03,NBL-1148,127.0,0.0,7,110.0
2025-05-10,NBL-1148,127.0,0.0,7,110.0
2025-05-17,NBL-1148,127.0,0.0,7,110.0
2025-05-24,NBL-1148,127.0,0.0,7,110.0
2025-05-31,NBL-1148,127.0,0.0,7,110.0
2025-06-07,NBL-1148,127.0,0.0,7,110.0
2025-06-14,NBL-1148,127.0,0.0,7,110.0
2025-06-21,NBL-1148,127.0,0.0,7,110.0
2025-06-28,NBL-1148,127.0,0.0,7,110.0
2025-07-05,NBL-1148,127.0,0.0,7,110.0
2025-07-12,NBL-1148,127.0,0.0,7,110.0
2025-07-19,NBL-1148,127.0,0.0,7,110.0
2025-07-26,NBL-1148,127.0,0.0,7,110.0
2025-08-02,NBL-1148,127.0,0.0,7,110.0
2025-08-09,NBL-1148,127.0,0.0,7,110.0
2025-08-16,NBL-1148,127.0,0.0,7,110.0
2025-08-23,NBL-1148,127.0,0.0,7,110.0
2025-08-30,NBL-1148,127.0,0.0,7,110.0
2025-09-06,NBL-1148,127.0,0.0,7,110.0
2025-09-13,NBL-1148,127.0,0.0,7,110.0
2025-09-20,NBL-1148,151.0,0.0,7,110.0
2025-09-27,NBL-1148,127.0,0.0,7,110.0
2025-10-04,NBL-1148,127.0,0.0,7,110.0
2025-10-11,NBL-1148,127.0,0.0,7,110.0
2025-10-18,NBL-1148,127.0,0.0,7,110.0
2025-10-25,NBL-1148,127.0,0.0,7,110.0
2025-11-01,NBL-1148,127.0,0.0,7,110.0
2025-11-08,NBL-1148,127.0,0.0,7,110.0
2025-11-15,NBL-1148,149.0,0.0,7,110.0
2025-11-22,NBL-1148,143.0,0.0,7,110.0
2025-11-29,NBL-1148,154.0,0.0,7,110.0
2025-12-06,NBL-1148,170.0,0.0,7,110.0
2025-12-13,NBL-1148,231.0,0.0,7,110.0
2025-12-20,NBL-1148,233.0,0.0,7,110.0
2025-12-27,NBL-1148,142.0,0.0,7,110.0
2026-01-03,NBL-1148,160.0,0.0,7,110.0
2026-01-10,NBL-1148,214.0,,7,110.0
2026-01-17,NBL-1148,146.0,0.0,7,110.0
2026-01-24,NBL-1148,166.0,0.0,7,110.0
2026-01-31,NBL-1148,169.0,0.0,7,110.0
2026-02-07,NBL-1148,196.0,0.0,7,110.0
2026-02-14,NBL-1148,207.0,0.0,7,110.0
2026-02-21,NBL-1148,219.0,0.0,7,110.0
2026-02-28,NBL-1148,224.0,0.0,7,110.0
2026-03-07,NBL-1148,135.0,0.0,7,110.0
2026-03-14,NBL-1148,127.0,0.0,7,110.0
2026-03-21,NBL-1148,136.0,0.0,7,110.0
2026-03-28,NBL-1148,147.0,0.0,7,110.0
2026-04-04,NBL-1148,131.0,0.0,7,110.0
2026-04-11,NBL-1148,127.0,0.0,7,110.0
2026-04-18,NBL-1148,127.0,0.0,7,110.0
2026-04-25,NBL-1148,127.0,0.0,7,110.0
2026-05-02,NBL-1148,127.0,0.0,7,110.0
2026-05-09,NBL-1148,127.0,0.0,7,110.0
2026-05-16,NBL-1148,127.0,0.0,7,110.0
2026-05-23,NBL-1148,127.0,0.0,7,110.0
2026-05-30,NBL-1148,127.0,0.0,7,110.0
2026-06-06,NBL-1148,127.0,0.0,7,110.0
2026-06-13,NBL-1148,127.0,0.0,7,110.0
2026-06-20,NBL-1148,127.0,0.0,7,110.0
2026-06-27,NBL-1148,127.0,0.0,7,110.0
2026-07-04,NBL-1148,127.0,0.0,7,110.0
2026-07-11,NBL-1148,127.0,0.0,7,110.0
2024-07-13,NBL-1149,281.0,0.0,7,271.0
2024-07-20,NBL-1149,313.0,0.0,7,271.0
2024-07-27,NBL-1149,313.0,0.0,7,271.0
2024-08-03,NBL-1149,313.0,0.0,7,271.0
2024-08-10,NBL-1149,313.0,0.0,7,271.0
2024-08-17,NBL-1149,313.0,0.0,7,271.0
2024-08-24,NBL-1149,313.0,0.0,7,271.0
2024-08-31,NBL-1149,332.0,0.0,7,271.0
2024-09-07,NBL-1149,313.0,0.0,7,271.0
2024-09-14,NBL-1149,313.0,0.0,7,271.0
2024-09-21,NBL-1149,313.0,0.0,7,271.0
2024-09-28,NBL-1149,313.0,0.0,7,271.0
2024-10-05,NBL-1149,313.0,0.0,7,271.0
2024-10-12,NBL-1149,329.0,0.0,7,271.0
2024-10-19,NBL-1149,331.0,0.0,7,271.0
2024-10-26,NBL-1149,313.0,0.0,7,271.0
2024-11-02,NBL-1149,313.0,0.0,7,271.0
2024-11-09,NBL-1149,313.0,0.0,7,271.0
2024-11-16,NBL-1149,313.0,0.0,7,271.0
2024-11-23,NBL-1149,313.0,0.0,7,271.0
2024-11-30,NBL-1149,313.0,0.0,7,271.0
2024-12-07,NBL-1149,313.0,0.0,7,271.0
2024-12-14,NBL-1149,321.0,0.0,7,271.0
2024-12-21,NBL-1149,313.0,0.0,7,271.0
2024-12-28,NBL-1149,313.0,0.0,7,271.0
2025-01-04,NBL-1149,313.0,0.0,7,271.0
2025-01-11,NBL-1149,313.0,0.0,7,271.0
2025-01-18,NBL-1149,313.0,0.0,7,271.0
2025-01-25,NBL-1149,313.0,0.0,7,271.0
2025-02-01,NBL-1149,313.0,0.0,7,271.0
2025-02-08,NBL-1149,313.0,0.0,7,271.0
2025-02-15,NBL-1149,313.0,0.0,7,271.0
2025-02-22,NBL-1149,313.0,0.0,7,271.0
2025-03-01,NBL-1149,313.0,0.0,7,271.0
2025-03-08,NBL-1149,313.0,0.0,7,271.0
2025-03-15,NBL-1149,313.0,0.0,7,271.0
2025-03-22,NBL-1149,313.0,0.0,7,271.0
2025-03-29,NBL-1149,313.0,0.0,7,271.0
2025-04-05,NBL-1149,313.0,0.0,7,271.0
2025-04-12,NBL-1149,313.0,0.0,7,271.0
2025-04-19,NBL-1149,313.0,0.0,7,271.0
2025-04-26,NBL-1149,313.0,0.0,7,271.0
2025-05-03,NBL-1149,313.0,0.0,7,271.0
2025-05-10,NBL-1149,313.0,0.0,7,271.0
2025-05-17,NBL-1149,313.0,0.0,7,271.0
2025-05-24,NBL-1149,313.0,0.0,7,271.0
2025-05-31,NBL-1149,313.0,0.0,7,271.0
2025-06-07,NBL-1149,313.0,0.0,7,271.0
2025-06-14,NBL-1149,313.0,0.0,7,271.0
2025-06-21,NBL-1149,313.0,0.0,7,271.0
2025-06-28,NBL-1149,313.0,0.0,7,271.0
2025-07-05,NBL-1149,313.0,0.0,7,271.0
2025-07-12,NBL-1149,313.0,0.0,7,271.0
2025-07-19,NBL-1149,313.0,0.0,7,271.0
2025-07-26,NBL-1149,313.0,0.0,7,271.0
2025-08-02,NBL-1149,313.0,0.0,7,271.0
2025-08-09,NBL-1149,313.0,0.0,7,271.0
2025-08-16,NBL-1149,313.0,0.0,7,271.0
2025-08-23,NBL-1149,313.0,0.0,7,271.0
2025-08-30,NBL-1149,313.0,0.0,7,271.0
2025-09-06,NBL-1149,313.0,0.0,7,271.0
2025-09-13,NBL-1149,313.0,0.0,7,271.0
2025-09-20,NBL-1149,313.0,0.0,7,271.0
2025-09-27,NBL-1149,313.0,0.0,7,271.0
2025-10-04,NBL-1149,313.0,0.0,7,271.0
2025-10-11,NBL-1149,313.0,0.0,7,271.0
2025-10-18,NBL-1149,313.0,,7,271.0
2025-10-25,NBL-1149,313.0,0.0,7,271.0
2025-11-01,NBL-1149,313.0,0.0,7,271.0
2025-11-08,NBL-1149,313.0,0.0,7,271.0
2025-11-15,NBL-1149,313.0,0.0,7,271.0
2025-11-22,NBL-1149,313.0,0.0,7,271.0
2025-11-29,NBL-1149,313.0,0.0,7,271.0
2025-12-06,NBL-1149,313.0,0.0,7,271.0
2025-12-13,NBL-1149,313.0,0.0,7,271.0
2025-12-20,NBL-1149,313.0,0.0,7,271.0
2025-12-27,NBL-1149,313.0,,7,271.0
2026-01-03,NBL-1149,313.0,0.0,7,271.0
2026-01-10,NBL-1149,313.0,0.0,7,271.0
2026-01-17,NBL-1149,313.0,0.0,7,271.0
2026-01-24,NBL-1149,313.0,0.0,7,271.0
2026-01-31,NBL-1149,313.0,0.0,7,271.0
2026-02-07,NBL-1149,313.0,0.0,7,271.0
2026-02-14,NBL-1149,313.0,0.0,7,271.0
2026-02-21,NBL-1149,313.0,0.0,7,271.0
2026-02-28,NBL-1149,313.0,0.0,7,271.0
2026-03-07,NBL-1149,313.0,0.0,7,271.0
2026-03-14,NBL-1149,313.0,0.0,7,271.0
2026-03-21,NBL-1149,313.0,0.0,7,271.0
2026-03-28,NBL-1149,313.0,0.0,7,271.0
2026-04-04,NBL-1149,313.0,0.0,7,271.0
2026-04-11,NBL-1149,313.0,0.0,7,271.0
2026-04-18,NBL-1149,313.0,0.0,7,271.0
2026-04-25,NBL-1149,313.0,0.0,7,271.0
2026-05-02,NBL-1149,313.0,0.0,7,271.0
2026-05-09,NBL-1149,313.0,0.0,7,271.0
2026-05-16,NBL-1149,313.0,0.0,7,271.0
2026-05-23,NBL-1149,313.0,0.0,7,271.0
2026-05-30,NBL-1149,313.0,0.0,7,271.0
2026-06-06,NBL-1149,313.0,0.0,7,271.0
2026-06-13,NBL-1149,313.0,0.0,7,271.0
2026-06-20,NBL-1149,313.0,0.0,7,271.0
2026-06-27,NBL-1149,313.0,0.0,7,271.0
2026-07-04,NBL-1149,313.0,0.0,7,271.0
2026-07-11,NBL-1149,313.0,0.0,7,271.0
